2026-10-07 08:56:32.695 +05:30 [INF] AlgoWorker.Worker: Nifty EMA Alert Bot starting up...
2026-10-07 08:57:03.303 +05:30 [INF] AlgoWorker.Worker: Nifty EMA Alert Bot starting up...
2026-10-07 08:58:17.602 +05:30 [INF] AlgoWorker.Services.Persistence.TokenRepository: Access token saved for "2026-10-07".
2026-10-07 08:58:17.611 +05:30 [INF] Program: Upstox access token generated and saved via the dashboard OAuth flow.
2026-10-07 09:15:05.039 +05:30 [DBG] AlgoWorker.Services.MarketHoursService: Upstox exchange status: "NormalOpen" (open=true)
2026-10-07 09:15:05.067 +05:30 [WRN] AlgoWorker.Services.HistoricalSeederService: Configured SeedLookbackTradingDays (20) implies a 40-day window, which exceeds Upstox's 1-month limit for 15-min candles. Clamping to 27 days.
2026-10-07 09:15:05.070 +05:30 [INF] AlgoWorker.Services.HistoricalSeederService: Seeding historical candles from "2026-09-09" to "2026-10-06"...
2026-10-07 09:15:05.129 +05:30 [INF] AlgoWorker.Services.UpstoxRestClient: Fetched 450 historical 15-min candles for NSE_INDEX|Nifty 50 ("2026-09-09" to "2026-10-06")
2026-10-07 09:15:05.177 +05:30 [INF] AlgoWorker.Services.UpstoxRestClient: Fetched 0 intraday (today's) 15-min candles for NSE_INDEX|Nifty 50
2026-10-07 09:15:05.189 +05:30 [INF] AlgoWorker.Services.SignalEngine: New "GoldenCross" crossover detected at "2026-09-09T09:30:00.0000000+05:30", tracking for 4 candles before confirming.
2026-10-07 09:15:05.191 +05:30 [INF] AlgoWorker.Services.SignalEngine: New "DeathCross" crossover detected at "2026-09-09T09:45:00.0000000+05:30", tracking for 4 candles before confirming.
2026-10-07 09:15:05.193 +05:30 [INF] AlgoWorker.Services.SignalEngine: New "GoldenCross" crossover detected at "2026-09-09T10:15:00.0000000+05:30", tracking for 4 candles before confirming.
2026-10-07 09:15:05.195 +05:30 [DBG] AlgoWorker.Services.SignalEngine: (seeding) "GoldenCross" confirmed at "2026-09-09T11:15:00.0000000+05:30" -- not alerting, historical replay only.
2026-10-07 09:15:05.201 +05:30 [INF] AlgoWorker.Services.SignalEngine: New "DeathCross" crossover detected at "2026-09-09T15:15:00.0000000+05:30", tracking for 4 candles before confirming.
2026-10-07 09:15:05.203 +05:30 [DBG] AlgoWorker.Services.SignalEngine: (seeding) "DeathCross" confirmed at "2026-09-10T10:00:00.0000000+05:30" -- not alerting, historical replay only.
2026-10-07 09:15:05.206 +05:30 [INF] AlgoWorker.Services.SignalEngine: New "GoldenCross" crossover detected at "2026-09-17T12:15:00.0000000+05:30", tracking for 4 candles before confirming.
2026-10-07 09:15:05.207 +05:30 [DBG] AlgoWorker.Services.SignalEngine: (seeding) "GoldenCross" confirmed at "2026-09-17T13:15:00.0000000+05:30" -- not alerting, historical replay only.
2026-10-07 09:15:05.209 +05:30 [INF] AlgoWorker.Services.SignalEngine: New "DeathCross" crossover detected at "2026-09-22T13:15:00.0000000+05:30", tracking for 4 candles before confirming.
2026-10-07 09:15:05.210 +05:30 [DBG] AlgoWorker.Services.SignalEngine: (seeding) "DeathCross" confirmed at "2026-09-22T14:15:00.0000000+05:30" -- not alerting, historical replay only.
2026-10-07 09:15:05.212 +05:30 [INF] AlgoWorker.Services.SignalEngine: New "GoldenCross" crossover detected at "2026-09-23T10:45:00.0000000+05:30", tracking for 4 candles before confirming.
2026-10-07 09:15:05.213 +05:30 [DBG] AlgoWorker.Services.SignalEngine: (seeding) "GoldenCross" confirmed at "2026-09-23T11:45:00.0000000+05:30" -- not alerting, historical replay only.
2026-10-07 09:15:05.215 +05:30 [INF] AlgoWorker.Services.SignalEngine: New "DeathCross" crossover detected at "2026-09-24T09:30:00.0000000+05:30", tracking for 4 candles before confirming.
2026-10-07 09:15:05.216 +05:30 [DBG] AlgoWorker.Services.SignalEngine: (seeding) "DeathCross" confirmed at "2026-09-24T10:30:00.0000000+05:30" -- not alerting, historical replay only.
2026-10-07 09:15:05.218 +05:30 [INF] AlgoWorker.Services.SignalEngine: New "GoldenCross" crossover detected at "2026-10-06T09:45:00.0000000+05:30", tracking for 4 candles before confirming.
2026-10-07 09:15:05.220 +05:30 [DBG] AlgoWorker.Services.SignalEngine: (seeding) "GoldenCross" confirmed at "2026-10-06T10:45:00.0000000+05:30" -- not alerting, historical replay only.
2026-10-07 09:15:05.221 +05:30 [INF] AlgoWorker.Services.HistoricalSeederService: Seeding complete -- 450 candles replayed through the indicator pipeline (450 historical + 0 today).
2026-10-07 09:15:05.223 +05:30 [INF] AlgoWorker.Services.SignalEngine: Catch-up signal: "GoldenCross" originally crossed at "2026-10-06T09:45:00.0000000+05:30" (23 candles ago), still active as of "2026-10-06T15:15:00.0000000+05:30".
2026-10-07 09:15:06.215 +05:30 [INF] AlgoWorker.Services.UpstoxRestClient: Previous trading day for NSE_INDEX|Nifty 50: "2026-10-06", High=22776.1, Low=22561.6, Close=22776.1
2026-10-07 09:15:06.222 +05:30 [INF] AlgoWorker.Services.CprAnalysisService: CPR computed for "2026-10-07": Pivot=22704.6, TC=22740.35, BC=22668.85, Width%=0.314, Reading=Normal CPR -- Moderate movement expected
2026-10-07 09:15:06.346 +05:30 [INF] AlgoWorker.Services.MacdHistoricalSeederService: Seeding MACD 3-min candles: fetching "2026-09-26" to "2026-10-06", keeping the last 2 trading day(s)...
2026-10-07 09:15:06.435 +05:30 [INF] AlgoWorker.Services.UpstoxRestClient: Fetched 750 historical 3-min candles for NSE_INDEX|Nifty 50 ("2026-09-26" to "2026-10-06")
2026-10-07 09:15:06.495 +05:30 [INF] AlgoWorker.Services.UpstoxRestClient: Fetched 0 intraday (today's) 3-min candles for NSE_INDEX|Nifty 50
2026-10-07 09:15:06.502 +05:30 [DBG] AlgoWorker.Services.MacdSignalEngine: MACD crossover at "2026-10-05T09:30:00.0000000+05:30" skipped -- zero-line bias not confirmed (MACD 0.76, Signal -1.04, likely choppy/hugging zero).
2026-10-07 09:15:06.504 +05:30 [DBG] AlgoWorker.Services.MacdSignalEngine: MACD crossover at "2026-10-05T10:00:00.0000000+05:30" skipped -- zero-line bias not confirmed (MACD 6.63, Signal 7.38, likely choppy/hugging zero).
2026-10-07 09:15:06.506 +05:30 [DBG] AlgoWorker.Services.MacdSignalEngine: MACD crossover at "2026-10-05T11:00:00.0000000+05:30" skipped -- zero-line bias not confirmed (MACD -18.19, Signal -18.57, likely choppy/hugging zero).
2026-10-07 09:15:06.508 +05:30 [DBG] AlgoWorker.Services.MacdSignalEngine: (seeding) MACD "Bearish" confirmed at "2026-10-05T11:21:00.0000000+05:30" -- not alerting, historical replay only.
2026-10-07 09:15:06.509 +05:30 [DBG] AlgoWorker.Services.MacdSignalEngine: MACD crossover at "2026-10-05T11:27:00.0000000+05:30" skipped -- zero-line bias not confirmed (MACD -14.37, Signal -16.12, likely choppy/hugging zero).
2026-10-07 09:15:06.511 +05:30 [DBG] AlgoWorker.Services.MacdSignalEngine: (seeding) MACD "Bearish" confirmed at "2026-10-05T11:48:00.0000000+05:30" -- not alerting, historical replay only.
2026-10-07 09:15:06.512 +05:30 [DBG] AlgoWorker.Services.MacdSignalEngine: MACD crossover at "2026-10-05T12:21:00.0000000+05:30" skipped -- zero-line bias not confirmed (MACD -18.11, Signal -19.01, likely choppy/hugging zero).
2026-10-07 09:15:06.513 +05:30 [DBG] AlgoWorker.Services.MacdSignalEngine: MACD crossover at "2026-10-05T14:06:00.0000000+05:30" skipped -- zero-line bias not confirmed (MACD 19.11, Signal 19.61, likely choppy/hugging zero).
2026-10-07 09:15:06.517 +05:30 [DBG] AlgoWorker.Services.MacdSignalEngine: (seeding) MACD "Bullish" confirmed at "2026-10-06T09:15:00.0000000+05:30" -- not alerting, historical replay only.
2026-10-07 09:15:06.520 +05:30 [DBG] AlgoWorker.Services.MacdSignalEngine: MACD crossover at "2026-10-06T10:09:00.0000000+05:30" skipped -- zero-line bias not confirmed (MACD 24.54, Signal 25.36, likely choppy/hugging zero).
2026-10-07 09:15:06.522 +05:30 [DBG] AlgoWorker.Services.MacdSignalEngine: (seeding) MACD "Bullish" confirmed at "2026-10-06T12:36:00.0000000+05:30" -- not alerting, historical replay only.
2026-10-07 09:15:06.523 +05:30 [DBG] AlgoWorker.Services.MacdSignalEngine: MACD crossover at "2026-10-06T13:00:00.0000000+05:30" skipped -- zero-line bias not confirmed (MACD 8.84, Signal 8.96, likely choppy/hugging zero).
2026-10-07 09:15:06.525 +05:30 [DBG] AlgoWorker.Services.MacdSignalEngine: (seeding) MACD "Bullish" confirmed at "2026-10-06T14:00:00.0000000+05:30" -- not alerting, historical replay only.
2026-10-07 09:15:06.526 +05:30 [DBG] AlgoWorker.Services.MacdSignalEngine: MACD crossover at "2026-10-06T14:15:00.0000000+05:30" skipped -- zero-line bias not confirmed (MACD 4.77, Signal 4.83, likely choppy/hugging zero).
2026-10-07 09:15:06.528 +05:30 [DBG] AlgoWorker.Services.MacdSignalEngine: MACD crossover at "2026-10-06T14:54:00.0000000+05:30" skipped -- zero-line bias not confirmed (MACD -0.26, Signal -0.63, likely choppy/hugging zero).
2026-10-07 09:15:06.529 +05:30 [DBG] AlgoWorker.Services.MacdSignalEngine: (seeding) MACD "Bearish" confirmed at "2026-10-06T15:00:00.0000000+05:30" -- not alerting, historical replay only.
2026-10-07 09:15:06.531 +05:30 [DBG] AlgoWorker.Services.MacdSignalEngine: MACD crossover at "2026-10-06T15:06:00.0000000+05:30" skipped -- zero-line bias not confirmed (MACD -0.29, Signal -0.60, likely choppy/hugging zero).
2026-10-07 09:15:06.535 +05:30 [INF] AlgoWorker.Services.MacdHistoricalSeederService: MACD seeding complete -- 250 3-min candles replayed (2 trading day(s) + 0 today).
2026-10-07 09:15:06.537 +05:30 [INF] AlgoWorker.Worker: Market is open -- starting live WebSocket feed.
2026-10-07 09:15:07.174 +05:30 [INF] AlgoWorker.Services.UpstoxWebSocketClient: Upstox WebSocket connected.
2026-10-07 09:15:07.177 +05:30 [INF] AlgoWorker.Worker: WebSocket connected event fired.
2026-10-07 09:15:07.192 +05:30 [INF] AlgoWorker.Services.UpstoxWebSocketClient: sub -> 1 instrument(s): NSE_INDEX|Nifty 50
2026-10-07 09:15:07.243 +05:30 [INF] AlgoWorker.Services.Decoding.ProtobufMarketDataDecoder: First WebSocket frame decoded successfully. Type="MarketInfo"
2026-10-07 09:18:00.474 +05:30 [DBG] AlgoWorker.Services.MacdSignalEngine: MACD crossover at "2026-10-07T03:45:00.0000000+00:00" skipped -- zero-line bias not confirmed (MACD -2.08, Signal 1.58, likely choppy/hugging zero).
2026-10-07 09:20:00.459 +05:30 [INF] AlgoWorker.Services.BreakoutSignalEngine: Opening range captured for "2026-10-07" from first 5-min candle ("2026-10-07T03:45:00.0000000+00:00"): High=22652.3, Low=22602.1
2026-10-07 09:40:00.306 +05:30 [INF] AlgoWorker.Services.BreakoutSignalEngine: Opening-range BREAKOUT DOWN confirmed at "2026-10-07T04:05:00.0000000+00:00": close 22588 vs level 22602.1
2026-10-07 09:40:00.314 +05:30 [INF] AlgoWorker.Services.OptionInstrumentResolver: Resolving CURRENT-WEEK ATM "Put" option for breakout: strike 22600, expiry "2026-10-13".
2026-10-07 09:40:00.737 +05:30 [INF] AlgoWorker.Services.UpstoxWebSocketClient: sub -> 1 instrument(s): NSE_FO|44617
2026-10-07 09:40:01.976 +05:30 [INF] AlgoWorker.Services.BreakoutPositionTracker: Virtual breakout "Down" position opened: NIFTY 22600 PE 13 OCT 26 @ 167.85
2026-10-07 09:42:25.618 +05:30 [INF] AlgoWorker.Services.UpstoxWebSocketClient: unsub -> 1 instrument(s): NSE_FO|44617
2026-10-07 09:42:25.665 +05:30 [INF] AlgoWorker.Services.BreakoutPositionTracker: Virtual breakout position closed. Reason: Stop-loss hit at ₹152.85 (peak ₹169.90). P&L: -1,033.50 (-9.5%)
2026-10-07 10:00:00.208 +05:30 [DBG] AlgoWorker.Services.MacdSignalEngine: MACD crossover at "2026-10-07T04:27:00.0000000+00:00" skipped -- zero-line bias not confirmed (MACD -23.28, Signal -23.34, likely choppy/hugging zero).
2026-10-07 10:03:00.217 +05:30 [INF] AlgoWorker.Services.MacdSignalEngine: MACD "Bearish" crossover confirmed at "2026-10-07T04:30:00.0000000+00:00": MACD -24.44, Signal -23.56
2026-10-07 10:03:00.233 +05:30 [INF] AlgoWorker.Services.OptionInstrumentResolver: Resolving CURRENT-WEEK ATM "Put" option for breakout: strike 22600, expiry "2026-10-13".
2026-10-07 10:03:00.533 +05:30 [INF] AlgoWorker.Services.UpstoxWebSocketClient: sub -> 1 instrument(s): NSE_FO|44617
2026-10-07 10:03:01.452 +05:30 [INF] AlgoWorker.Services.MacdPositionTracker: Virtual MACD "Bearish" position opened: NIFTY 22600 PE 13 OCT 26 @ 165.55
2026-10-07 10:05:33.193 +05:30 [INF] AlgoWorker.Services.UpstoxWebSocketClient: unsub -> 1 instrument(s): NSE_FO|44617
2026-10-07 10:05:33.215 +05:30 [INF] AlgoWorker.Services.MacdPositionTracker: Virtual MACD position closed. Reason: Stop-loss hit at ₹150.55 (peak ₹170.00). P&L: -1,010.75 (-9.4%)
2026-10-07 10:06:00.211 +05:30 [DBG] AlgoWorker.Services.MacdSignalEngine: MACD crossover at "2026-10-07T04:33:00.0000000+00:00" skipped -- zero-line bias not confirmed (MACD -22.34, Signal -23.31, likely choppy/hugging zero).
2026-10-07 10:19:26.946 +05:30 [WRN] AlgoWorker.Services.UpstoxWebSocketClient: WebSocket connection lost/failed. Reconnecting in 5s...
System.Net.WebSockets.WebSocketException (0x80004005): The remote party closed the WebSocket connection without completing the close handshake.
   at System.Net.WebSockets.ManagedWebSocket.ThrowEOFUnexpected()
   at System.Net.WebSockets.ManagedWebSocket.EnsureBufferContainsAsync(Int32 minimumRequiredBytes, CancellationToken cancellationToken)
   at System.Runtime.CompilerServices.PoolingAsyncValueTaskMethodBuilder`1.StateMachineBox`1.System.Threading.Tasks.Sources.IValueTaskSource.GetResult(Int16 token)
   at System.Net.WebSockets.ManagedWebSocket.ReceiveAsyncPrivate[TResult](Memory`1 payloadBuffer, CancellationToken cancellationToken)
   at System.Runtime.CompilerServices.PoolingAsyncValueTaskMethodBuilder`1.StateMachineBox`1.System.Threading.Tasks.Sources.IValueTaskSource<TResult>.GetResult(Int16 token)
   at System.Threading.Tasks.ValueTask`1.ValueTaskSourceAsTask.<>c.<.cctor>b__4_0(Object state)
--- End of stack trace from previous location ---
   at AlgoWorker.Services.UpstoxWebSocketClient.ReceiveLoopAsync(CancellationToken ct) in C:\CaptainsALGO\Dashboard\AlgoWorker\Services\UpstoxWebSocketClient.cs:line 139
   at AlgoWorker.Services.UpstoxWebSocketClient.RunAsync(IReadOnlyCollection`1 instrumentKeys, CancellationToken ct) in C:\CaptainsALGO\Dashboard\AlgoWorker\Services\UpstoxWebSocketClient.cs:line 54
2026-10-07 10:19:27.011 +05:30 [WRN] AlgoWorker.Worker: WebSocket disconnected: The remote party closed the WebSocket connection without completing the close handshake.
2026-10-07 10:19:33.107 +05:30 [WRN] AlgoWorker.Services.UpstoxWebSocketClient: WebSocket connection lost/failed. Reconnecting in 10s...
System.Net.Http.HttpRequestException: No such host is known. (api.upstox.com:443)
 ---> System.Net.Sockets.SocketException (11001): No such host is known.
   at System.Net.Sockets.Socket.AwaitableSocketAsyncEventArgs.ThrowException(SocketError error, CancellationToken cancellationToken)
   at System.Net.Sockets.Socket.AwaitableSocketAsyncEventArgs.System.Threading.Tasks.Sources.IValueTaskSource.GetResult(Int16 token)
   at System.Net.Sockets.Socket.<ConnectAsync>g__WaitForConnectWithCancellation|285_0(AwaitableSocketAsyncEventArgs saea, ValueTask connectTask, CancellationToken cancellationToken)
   at System.Net.Http.HttpConnectionPool.ConnectToTcpHostAsync(String host, Int32 port, HttpRequestMessage initialRequest, Boolean async, CancellationToken cancellationToken)
   --- End of inner exception stack trace ---
   at System.Net.Http.HttpConnectionPool.ConnectToTcpHostAsync(String host, Int32 port, HttpRequestMessage initialRequest, Boolean async, CancellationToken cancellationToken)
   at System.Net.Http.HttpConnectionPool.ConnectAsync(HttpRequestMessage request, Boolean async, CancellationToken cancellationToken)
   at System.Net.Http.HttpConnectionPool.CreateHttp11ConnectionAsync(HttpRequestMessage request, Boolean async, CancellationToken cancellationToken)
   at System.Net.Http.HttpConnectionPool.AddHttp11ConnectionAsync(QueueItem queueItem)
   at System.Threading.Tasks.TaskCompletionSourceWithCancellation`1.WaitWithCancellationAsync(CancellationToken cancellationToken)
   at System.Net.Http.HttpConnectionPool.SendWithVersionDetectionAndRetryAsync(HttpRequestMessage request, Boolean async, Boolean doRequestAuth, CancellationToken cancellationToken)
   at System.Net.Http.DiagnosticsHandler.SendAsyncCore(HttpRequestMessage request, Boolean async, CancellationToken cancellationToken)
   at System.Net.Http.RedirectHandler.SendAsync(HttpRequestMessage request, Boolean async, CancellationToken cancellationToken)
   at Microsoft.Extensions.Http.Logging.LoggingHttpMessageHandler.<SendCoreAsync>g__Core|5_0(HttpRequestMessage request, Boolean useAsync, CancellationToken cancellationToken)
   at Microsoft.Extensions.Http.Logging.LoggingScopeHttpMessageHandler.<SendCoreAsync>g__Core|5_0(HttpRequestMessage request, Boolean useAsync, CancellationToken cancellationToken)
   at System.Net.Http.HttpClient.<SendAsync>g__Core|83_0(HttpRequestMessage request, HttpCompletionOption completionOption, CancellationTokenSource cts, Boolean disposeCts, CancellationTokenSource pendingRequestsCts, CancellationToken originalCancellationToken)
   at AlgoWorker.Services.UpstoxRestClient.GetAuthorizedWebSocketUrlAsync(CancellationToken ct) in C:\CaptainsALGO\Dashboard\AlgoWorker\Services\UpstoxRestClient.cs:line 407
   at AlgoWorker.Services.UpstoxWebSocketClient.ConnectAndSubscribeAsync(IReadOnlyCollection`1 instrumentKeys, CancellationToken ct) in C:\CaptainsALGO\Dashboard\AlgoWorker\Services\UpstoxWebSocketClient.cs:line 88
   at AlgoWorker.Services.UpstoxWebSocketClient.RunAsync(IReadOnlyCollection`1 instrumentKeys, CancellationToken ct) in C:\CaptainsALGO\Dashboard\AlgoWorker\Services\UpstoxWebSocketClient.cs:line 52
2026-10-07 10:19:33.126 +05:30 [WRN] AlgoWorker.Worker: WebSocket disconnected: No such host is known. (api.upstox.com:443)
2026-10-07 10:19:43.862 +05:30 [WRN] AlgoWorker.Services.UpstoxWebSocketClient: WebSocket connection lost/failed. Reconnecting in 20s...
System.Net.Http.HttpRequestException: No such host is known. (api.upstox.com:443)
 ---> System.Net.Sockets.SocketException (11001): No such host is known.
   at System.Net.Sockets.Socket.AwaitableSocketAsyncEventArgs.ThrowException(SocketError error, CancellationToken cancellationToken)
   at System.Net.Sockets.Socket.AwaitableSocketAsyncEventArgs.System.Threading.Tasks.Sources.IValueTaskSource.GetResult(Int16 token)
   at System.Net.Sockets.Socket.<ConnectAsync>g__WaitForConnectWithCancellation|285_0(AwaitableSocketAsyncEventArgs saea, ValueTask connectTask, CancellationToken cancellationToken)
   at System.Net.Http.HttpConnectionPool.ConnectToTcpHostAsync(String host, Int32 port, HttpRequestMessage initialRequest, Boolean async, CancellationToken cancellationToken)
   --- End of inner exception stack trace ---
   at System.Net.Http.HttpConnectionPool.ConnectToTcpHostAsync(String host, Int32 port, HttpRequestMessage initialRequest, Boolean async, CancellationToken cancellationToken)
   at System.Net.Http.HttpConnectionPool.ConnectAsync(HttpRequestMessage request, Boolean async, CancellationToken cancellationToken)
   at System.Net.Http.HttpConnectionPool.CreateHttp11ConnectionAsync(HttpRequestMessage request, Boolean async, CancellationToken cancellationToken)
   at System.Net.Http.HttpConnectionPool.AddHttp11ConnectionAsync(QueueItem queueItem)
   at System.Threading.Tasks.TaskCompletionSourceWithCancellation`1.WaitWithCancellationAsync(CancellationToken cancellationToken)
   at System.Net.Http.HttpConnectionPool.SendWithVersionDetectionAndRetryAsync(HttpRequestMessage request, Boolean async, Boolean doRequestAuth, CancellationToken cancellationToken)
   at System.Net.Http.DiagnosticsHandler.SendAsyncCore(HttpRequestMessage request, Boolean async, CancellationToken cancellationToken)
   at System.Net.Http.RedirectHandler.SendAsync(HttpRequestMessage request, Boolean async, CancellationToken cancellationToken)
   at Microsoft.Extensions.Http.Logging.LoggingHttpMessageHandler.<SendCoreAsync>g__Core|5_0(HttpRequestMessage request, Boolean useAsync, CancellationToken cancellationToken)
   at Microsoft.Extensions.Http.Logging.LoggingScopeHttpMessageHandler.<SendCoreAsync>g__Core|5_0(HttpRequestMessage request, Boolean useAsync, CancellationToken cancellationToken)
   at System.Net.Http.HttpClient.<SendAsync>g__Core|83_0(HttpRequestMessage request, HttpCompletionOption completionOption, CancellationTokenSource cts, Boolean disposeCts, CancellationTokenSource pendingRequestsCts, CancellationToken originalCancellationToken)
   at AlgoWorker.Services.UpstoxRestClient.GetAuthorizedWebSocketUrlAsync(CancellationToken ct) in C:\CaptainsALGO\Dashboard\AlgoWorker\Services\UpstoxRestClient.cs:line 407
   at AlgoWorker.Services.UpstoxWebSocketClient.ConnectAndSubscribeAsync(IReadOnlyCollection`1 instrumentKeys, CancellationToken ct) in C:\CaptainsALGO\Dashboard\AlgoWorker\Services\UpstoxWebSocketClient.cs:line 88
   at AlgoWorker.Services.UpstoxWebSocketClient.RunAsync(IReadOnlyCollection`1 instrumentKeys, CancellationToken ct) in C:\CaptainsALGO\Dashboard\AlgoWorker\Services\UpstoxWebSocketClient.cs:line 52
2026-10-07 10:19:43.880 +05:30 [WRN] AlgoWorker.Worker: WebSocket disconnected: No such host is known. (api.upstox.com:443)
2026-10-07 10:20:04.573 +05:30 [WRN] AlgoWorker.Services.UpstoxWebSocketClient: WebSocket connection lost/failed. Reconnecting in 40s...
System.Net.Http.HttpRequestException: No such host is known. (api.upstox.com:443)
 ---> System.Net.Sockets.SocketException (11001): No such host is known.
   at System.Net.Sockets.Socket.AwaitableSocketAsyncEventArgs.ThrowException(SocketError error, CancellationToken cancellationToken)
   at System.Net.Sockets.Socket.AwaitableSocketAsyncEventArgs.System.Threading.Tasks.Sources.IValueTaskSource.GetResult(Int16 token)
   at System.Net.Sockets.Socket.<ConnectAsync>g__WaitForConnectWithCancellation|285_0(AwaitableSocketAsyncEventArgs saea, ValueTask connectTask, CancellationToken cancellationToken)
   at System.Net.Http.HttpConnectionPool.ConnectToTcpHostAsync(String host, Int32 port, HttpRequestMessage initialRequest, Boolean async, CancellationToken cancellationToken)
   --- End of inner exception stack trace ---
   at System.Net.Http.HttpConnectionPool.ConnectToTcpHostAsync(String host, Int32 port, HttpRequestMessage initialRequest, Boolean async, CancellationToken cancellationToken)
   at System.Net.Http.HttpConnectionPool.ConnectAsync(HttpRequestMessage request, Boolean async, CancellationToken cancellationToken)
   at System.Net.Http.HttpConnectionPool.CreateHttp11ConnectionAsync(HttpRequestMessage request, Boolean async, CancellationToken cancellationToken)
   at System.Net.Http.HttpConnectionPool.AddHttp11ConnectionAsync(QueueItem queueItem)
   at System.Threading.Tasks.TaskCompletionSourceWithCancellation`1.WaitWithCancellationAsync(CancellationToken cancellationToken)
   at System.Net.Http.HttpConnectionPool.SendWithVersionDetectionAndRetryAsync(HttpRequestMessage request, Boolean async, Boolean doRequestAuth, CancellationToken cancellationToken)
   at System.Net.Http.DiagnosticsHandler.SendAsyncCore(HttpRequestMessage request, Boolean async, CancellationToken cancellationToken)
   at System.Net.Http.RedirectHandler.SendAsync(HttpRequestMessage request, Boolean async, CancellationToken cancellationToken)
   at Microsoft.Extensions.Http.Logging.LoggingHttpMessageHandler.<SendCoreAsync>g__Core|5_0(HttpRequestMessage request, Boolean useAsync, CancellationToken cancellationToken)
   at Microsoft.Extensions.Http.Logging.LoggingScopeHttpMessageHandler.<SendCoreAsync>g__Core|5_0(HttpRequestMessage request, Boolean useAsync, CancellationToken cancellationToken)
   at System.Net.Http.HttpClient.<SendAsync>g__Core|83_0(HttpRequestMessage request, HttpCompletionOption completionOption, CancellationTokenSource cts, Boolean disposeCts, CancellationTokenSource pendingRequestsCts, CancellationToken originalCancellationToken)
   at AlgoWorker.Services.UpstoxRestClient.GetAuthorizedWebSocketUrlAsync(CancellationToken ct) in C:\CaptainsALGO\Dashboard\AlgoWorker\Services\UpstoxRestClient.cs:line 407
   at AlgoWorker.Services.UpstoxWebSocketClient.ConnectAndSubscribeAsync(IReadOnlyCollection`1 instrumentKeys, CancellationToken ct) in C:\CaptainsALGO\Dashboard\AlgoWorker\Services\UpstoxWebSocketClient.cs:line 88
   at AlgoWorker.Services.UpstoxWebSocketClient.RunAsync(IReadOnlyCollection`1 instrumentKeys, CancellationToken ct) in C:\CaptainsALGO\Dashboard\AlgoWorker\Services\UpstoxWebSocketClient.cs:line 52
2026-10-07 10:20:04.591 +05:30 [WRN] AlgoWorker.Worker: WebSocket disconnected: No such host is known. (api.upstox.com:443)
2026-10-07 10:20:45.354 +05:30 [WRN] AlgoWorker.Services.UpstoxWebSocketClient: WebSocket connection lost/failed. Reconnecting in 60s...
System.Net.Http.HttpRequestException: No such host is known. (api.upstox.com:443)
 ---> System.Net.Sockets.SocketException (11001): No such host is known.
   at System.Net.Sockets.Socket.AwaitableSocketAsyncEventArgs.ThrowException(SocketError error, CancellationToken cancellationToken)
   at System.Net.Sockets.Socket.AwaitableSocketAsyncEventArgs.System.Threading.Tasks.Sources.IValueTaskSource.GetResult(Int16 token)
   at System.Net.Sockets.Socket.<ConnectAsync>g__WaitForConnectWithCancellation|285_0(AwaitableSocketAsyncEventArgs saea, ValueTask connectTask, CancellationToken cancellationToken)
   at System.Net.Http.HttpConnectionPool.ConnectToTcpHostAsync(String host, Int32 port, HttpRequestMessage initialRequest, Boolean async, CancellationToken cancellationToken)
   --- End of inner exception stack trace ---
   at System.Net.Http.HttpConnectionPool.ConnectToTcpHostAsync(String host, Int32 port, HttpRequestMessage initialRequest, Boolean async, CancellationToken cancellationToken)
   at System.Net.Http.HttpConnectionPool.ConnectAsync(HttpRequestMessage request, Boolean async, CancellationToken cancellationToken)
   at System.Net.Http.HttpConnectionPool.CreateHttp11ConnectionAsync(HttpRequestMessage request, Boolean async, CancellationToken cancellationToken)
   at System.Net.Http.HttpConnectionPool.AddHttp11ConnectionAsync(QueueItem queueItem)
   at System.Threading.Tasks.TaskCompletionSourceWithCancellation`1.WaitWithCancellationAsync(CancellationToken cancellationToken)
   at System.Net.Http.HttpConnectionPool.SendWithVersionDetectionAndRetryAsync(HttpRequestMessage request, Boolean async, Boolean doRequestAuth, CancellationToken cancellationToken)
   at System.Net.Http.DiagnosticsHandler.SendAsyncCore(HttpRequestMessage request, Boolean async, CancellationToken cancellationToken)
   at System.Net.Http.RedirectHandler.SendAsync(HttpRequestMessage request, Boolean async, CancellationToken cancellationToken)
   at Microsoft.Extensions.Http.Logging.LoggingHttpMessageHandler.<SendCoreAsync>g__Core|5_0(HttpRequestMessage request, Boolean useAsync, CancellationToken cancellationToken)
   at Microsoft.Extensions.Http.Logging.LoggingScopeHttpMessageHandler.<SendCoreAsync>g__Core|5_0(HttpRequestMessage request, Boolean useAsync, CancellationToken cancellationToken)
   at System.Net.Http.HttpClient.<SendAsync>g__Core|83_0(HttpRequestMessage request, HttpCompletionOption completionOption, CancellationTokenSource cts, Boolean disposeCts, CancellationTokenSource pendingRequestsCts, CancellationToken originalCancellationToken)
   at AlgoWorker.Services.UpstoxRestClient.GetAuthorizedWebSocketUrlAsync(CancellationToken ct) in C:\CaptainsALGO\Dashboard\AlgoWorker\Services\UpstoxRestClient.cs:line 407
   at AlgoWorker.Services.UpstoxWebSocketClient.ConnectAndSubscribeAsync(IReadOnlyCollection`1 instrumentKeys, CancellationToken ct) in C:\CaptainsALGO\Dashboard\AlgoWorker\Services\UpstoxWebSocketClient.cs:line 88
   at AlgoWorker.Services.UpstoxWebSocketClient.RunAsync(IReadOnlyCollection`1 instrumentKeys, CancellationToken ct) in C:\CaptainsALGO\Dashboard\AlgoWorker\Services\UpstoxWebSocketClient.cs:line 52
2026-10-07 10:20:45.373 +05:30 [WRN] AlgoWorker.Worker: WebSocket disconnected: No such host is known. (api.upstox.com:443)
2026-10-07 10:21:46.227 +05:30 [WRN] AlgoWorker.Services.UpstoxWebSocketClient: WebSocket connection lost/failed. Reconnecting in 60s...
System.Net.Http.HttpRequestException: No such host is known. (api.upstox.com:443)
 ---> System.Net.Sockets.SocketException (11001): No such host is known.
   at System.Net.Sockets.Socket.AwaitableSocketAsyncEventArgs.ThrowException(SocketError error, CancellationToken cancellationToken)
   at System.Net.Sockets.Socket.AwaitableSocketAsyncEventArgs.System.Threading.Tasks.Sources.IValueTaskSource.GetResult(Int16 token)
   at System.Net.Sockets.Socket.<ConnectAsync>g__WaitForConnectWithCancellation|285_0(AwaitableSocketAsyncEventArgs saea, ValueTask connectTask, CancellationToken cancellationToken)
   at System.Net.Http.HttpConnectionPool.ConnectToTcpHostAsync(String host, Int32 port, HttpRequestMessage initialRequest, Boolean async, CancellationToken cancellationToken)
   --- End of inner exception stack trace ---
   at System.Net.Http.HttpConnectionPool.ConnectToTcpHostAsync(String host, Int32 port, HttpRequestMessage initialRequest, Boolean async, CancellationToken cancellationToken)
   at System.Net.Http.HttpConnectionPool.ConnectAsync(HttpRequestMessage request, Boolean async, CancellationToken cancellationToken)
   at System.Net.Http.HttpConnectionPool.CreateHttp11ConnectionAsync(HttpRequestMessage request, Boolean async, CancellationToken cancellationToken)
   at System.Net.Http.HttpConnectionPool.AddHttp11ConnectionAsync(QueueItem queueItem)
   at System.Threading.Tasks.TaskCompletionSourceWithCancellation`1.WaitWithCancellationAsync(CancellationToken cancellationToken)
   at System.Net.Http.HttpConnectionPool.SendWithVersionDetectionAndRetryAsync(HttpRequestMessage request, Boolean async, Boolean doRequestAuth, CancellationToken cancellationToken)
   at System.Net.Http.DiagnosticsHandler.SendAsyncCore(HttpRequestMessage request, Boolean async, CancellationToken cancellationToken)
   at System.Net.Http.RedirectHandler.SendAsync(HttpRequestMessage request, Boolean async, CancellationToken cancellationToken)
   at Microsoft.Extensions.Http.Logging.LoggingHttpMessageHandler.<SendCoreAsync>g__Core|5_0(HttpRequestMessage request, Boolean useAsync, CancellationToken cancellationToken)
   at Microsoft.Extensions.Http.Logging.LoggingScopeHttpMessageHandler.<SendCoreAsync>g__Core|5_0(HttpRequestMessage request, Boolean useAsync, CancellationToken cancellationToken)
   at System.Net.Http.HttpClient.<SendAsync>g__Core|83_0(HttpRequestMessage request, HttpCompletionOption completionOption, CancellationTokenSource cts, Boolean disposeCts, CancellationTokenSource pendingRequestsCts, CancellationToken originalCancellationToken)
   at AlgoWorker.Services.UpstoxRestClient.GetAuthorizedWebSocketUrlAsync(CancellationToken ct) in C:\CaptainsALGO\Dashboard\AlgoWorker\Services\UpstoxRestClient.cs:line 407
   at AlgoWorker.Services.UpstoxWebSocketClient.ConnectAndSubscribeAsync(IReadOnlyCollection`1 instrumentKeys, CancellationToken ct) in C:\CaptainsALGO\Dashboard\AlgoWorker\Services\UpstoxWebSocketClient.cs:line 88
   at AlgoWorker.Services.UpstoxWebSocketClient.RunAsync(IReadOnlyCollection`1 instrumentKeys, CancellationToken ct) in C:\CaptainsALGO\Dashboard\AlgoWorker\Services\UpstoxWebSocketClient.cs:line 52
2026-10-07 10:21:46.244 +05:30 [WRN] AlgoWorker.Worker: WebSocket disconnected: No such host is known. (api.upstox.com:443)
2026-10-07 10:22:46.991 +05:30 [WRN] AlgoWorker.Services.UpstoxWebSocketClient: WebSocket connection lost/failed. Reconnecting in 60s...
System.Net.Http.HttpRequestException: No such host is known. (api.upstox.com:443)
 ---> System.Net.Sockets.SocketException (11001): No such host is known.
   at System.Net.Sockets.Socket.AwaitableSocketAsyncEventArgs.ThrowException(SocketError error, CancellationToken cancellationToken)
   at System.Net.Sockets.Socket.AwaitableSocketAsyncEventArgs.System.Threading.Tasks.Sources.IValueTaskSource.GetResult(Int16 token)
   at System.Net.Sockets.Socket.<ConnectAsync>g__WaitForConnectWithCancellation|285_0(AwaitableSocketAsyncEventArgs saea, ValueTask connectTask, CancellationToken cancellationToken)
   at System.Net.Http.HttpConnectionPool.ConnectToTcpHostAsync(String host, Int32 port, HttpRequestMessage initialRequest, Boolean async, CancellationToken cancellationToken)
   --- End of inner exception stack trace ---
   at System.Net.Http.HttpConnectionPool.ConnectToTcpHostAsync(String host, Int32 port, HttpRequestMessage initialRequest, Boolean async, CancellationToken cancellationToken)
   at System.Net.Http.HttpConnectionPool.ConnectAsync(HttpRequestMessage request, Boolean async, CancellationToken cancellationToken)
   at System.Net.Http.HttpConnectionPool.CreateHttp11ConnectionAsync(HttpRequestMessage request, Boolean async, CancellationToken cancellationToken)
   at System.Net.Http.HttpConnectionPool.AddHttp11ConnectionAsync(QueueItem queueItem)
   at System.Threading.Tasks.TaskCompletionSourceWithCancellation`1.WaitWithCancellationAsync(CancellationToken cancellationToken)
   at System.Net.Http.HttpConnectionPool.SendWithVersionDetectionAndRetryAsync(HttpRequestMessage request, Boolean async, Boolean doRequestAuth, CancellationToken cancellationToken)
   at System.Net.Http.DiagnosticsHandler.SendAsyncCore(HttpRequestMessage request, Boolean async, CancellationToken cancellationToken)
   at System.Net.Http.RedirectHandler.SendAsync(HttpRequestMessage request, Boolean async, CancellationToken cancellationToken)
   at Microsoft.Extensions.Http.Logging.LoggingHttpMessageHandler.<SendCoreAsync>g__Core|5_0(HttpRequestMessage request, Boolean useAsync, CancellationToken cancellationToken)
   at Microsoft.Extensions.Http.Logging.LoggingScopeHttpMessageHandler.<SendCoreAsync>g__Core|5_0(HttpRequestMessage request, Boolean useAsync, CancellationToken cancellationToken)
   at System.Net.Http.HttpClient.<SendAsync>g__Core|83_0(HttpRequestMessage request, HttpCompletionOption completionOption, CancellationTokenSource cts, Boolean disposeCts, CancellationTokenSource pendingRequestsCts, CancellationToken originalCancellationToken)
   at AlgoWorker.Services.UpstoxRestClient.GetAuthorizedWebSocketUrlAsync(CancellationToken ct) in C:\CaptainsALGO\Dashboard\AlgoWorker\Services\UpstoxRestClient.cs:line 407
   at AlgoWorker.Services.UpstoxWebSocketClient.ConnectAndSubscribeAsync(IReadOnlyCollection`1 instrumentKeys, CancellationToken ct) in C:\CaptainsALGO\Dashboard\AlgoWorker\Services\UpstoxWebSocketClient.cs:line 88
   at AlgoWorker.Services.UpstoxWebSocketClient.RunAsync(IReadOnlyCollection`1 instrumentKeys, CancellationToken ct) in C:\CaptainsALGO\Dashboard\AlgoWorker\Services\UpstoxWebSocketClient.cs:line 52
2026-10-07 10:22:47.011 +05:30 [WRN] AlgoWorker.Worker: WebSocket disconnected: No such host is known. (api.upstox.com:443)
2026-10-07 10:23:47.747 +05:30 [WRN] AlgoWorker.Services.UpstoxWebSocketClient: WebSocket connection lost/failed. Reconnecting in 60s...
System.Net.Http.HttpRequestException: No such host is known. (api.upstox.com:443)
 ---> System.Net.Sockets.SocketException (11001): No such host is known.
   at System.Net.Sockets.Socket.AwaitableSocketAsyncEventArgs.ThrowException(SocketError error, CancellationToken cancellationToken)
   at System.Net.Sockets.Socket.AwaitableSocketAsyncEventArgs.System.Threading.Tasks.Sources.IValueTaskSource.GetResult(Int16 token)
   at System.Net.Sockets.Socket.<ConnectAsync>g__WaitForConnectWithCancellation|285_0(AwaitableSocketAsyncEventArgs saea, ValueTask connectTask, CancellationToken cancellationToken)
   at System.Net.Http.HttpConnectionPool.ConnectToTcpHostAsync(String host, Int32 port, HttpRequestMessage initialRequest, Boolean async, CancellationToken cancellationToken)
   --- End of inner exception stack trace ---
   at System.Net.Http.HttpConnectionPool.ConnectToTcpHostAsync(String host, Int32 port, HttpRequestMessage initialRequest, Boolean async, CancellationToken cancellationToken)
   at System.Net.Http.HttpConnectionPool.ConnectAsync(HttpRequestMessage request, Boolean async, CancellationToken cancellationToken)
   at System.Net.Http.HttpConnectionPool.CreateHttp11ConnectionAsync(HttpRequestMessage request, Boolean async, CancellationToken cancellationToken)
   at System.Net.Http.HttpConnectionPool.AddHttp11ConnectionAsync(QueueItem queueItem)
   at System.Threading.Tasks.TaskCompletionSourceWithCancellation`1.WaitWithCancellationAsync(CancellationToken cancellationToken)
   at System.Net.Http.HttpConnectionPool.SendWithVersionDetectionAndRetryAsync(HttpRequestMessage request, Boolean async, Boolean doRequestAuth, CancellationToken cancellationToken)
   at System.Net.Http.DiagnosticsHandler.SendAsyncCore(HttpRequestMessage request, Boolean async, CancellationToken cancellationToken)
   at System.Net.Http.RedirectHandler.SendAsync(HttpRequestMessage request, Boolean async, CancellationToken cancellationToken)
   at Microsoft.Extensions.Http.Logging.LoggingHttpMessageHandler.<SendCoreAsync>g__Core|5_0(HttpRequestMessage request, Boolean useAsync, CancellationToken cancellationToken)
   at Microsoft.Extensions.Http.Logging.LoggingScopeHttpMessageHandler.<SendCoreAsync>g__Core|5_0(HttpRequestMessage request, Boolean useAsync, CancellationToken cancellationToken)
   at System.Net.Http.HttpClient.<SendAsync>g__Core|83_0(HttpRequestMessage request, HttpCompletionOption completionOption, CancellationTokenSource cts, Boolean disposeCts, CancellationTokenSource pendingRequestsCts, CancellationToken originalCancellationToken)
   at AlgoWorker.Services.UpstoxRestClient.GetAuthorizedWebSocketUrlAsync(CancellationToken ct) in C:\CaptainsALGO\Dashboard\AlgoWorker\Services\UpstoxRestClient.cs:line 407
   at AlgoWorker.Services.UpstoxWebSocketClient.ConnectAndSubscribeAsync(IReadOnlyCollection`1 instrumentKeys, CancellationToken ct) in C:\CaptainsALGO\Dashboard\AlgoWorker\Services\UpstoxWebSocketClient.cs:line 88
   at AlgoWorker.Services.UpstoxWebSocketClient.RunAsync(IReadOnlyCollection`1 instrumentKeys, CancellationToken ct) in C:\CaptainsALGO\Dashboard\AlgoWorker\Services\UpstoxWebSocketClient.cs:line 52
2026-10-07 10:23:47.764 +05:30 [WRN] AlgoWorker.Worker: WebSocket disconnected: No such host is known. (api.upstox.com:443)
2026-10-07 10:24:48.482 +05:30 [WRN] AlgoWorker.Services.UpstoxWebSocketClient: WebSocket connection lost/failed. Reconnecting in 60s...
System.Net.Http.HttpRequestException: No such host is known. (api.upstox.com:443)
 ---> System.Net.Sockets.SocketException (11001): No such host is known.
   at System.Net.Sockets.Socket.AwaitableSocketAsyncEventArgs.ThrowException(SocketError error, CancellationToken cancellationToken)
   at System.Net.Sockets.Socket.AwaitableSocketAsyncEventArgs.System.Threading.Tasks.Sources.IValueTaskSource.GetResult(Int16 token)
   at System.Net.Sockets.Socket.<ConnectAsync>g__WaitForConnectWithCancellation|285_0(AwaitableSocketAsyncEventArgs saea, ValueTask connectTask, CancellationToken cancellationToken)
   at System.Net.Http.HttpConnectionPool.ConnectToTcpHostAsync(String host, Int32 port, HttpRequestMessage initialRequest, Boolean async, CancellationToken cancellationToken)
   --- End of inner exception stack trace ---
   at System.Net.Http.HttpConnectionPool.ConnectToTcpHostAsync(String host, Int32 port, HttpRequestMessage initialRequest, Boolean async, CancellationToken cancellationToken)
   at System.Net.Http.HttpConnectionPool.ConnectAsync(HttpRequestMessage request, Boolean async, CancellationToken cancellationToken)
   at System.Net.Http.HttpConnectionPool.CreateHttp11ConnectionAsync(HttpRequestMessage request, Boolean async, CancellationToken cancellationToken)
   at System.Net.Http.HttpConnectionPool.AddHttp11ConnectionAsync(QueueItem queueItem)
   at System.Threading.Tasks.TaskCompletionSourceWithCancellation`1.WaitWithCancellationAsync(CancellationToken cancellationToken)
   at System.Net.Http.HttpConnectionPool.SendWithVersionDetectionAndRetryAsync(HttpRequestMessage request, Boolean async, Boolean doRequestAuth, CancellationToken cancellationToken)
   at System.Net.Http.DiagnosticsHandler.SendAsyncCore(HttpRequestMessage request, Boolean async, CancellationToken cancellationToken)
   at System.Net.Http.RedirectHandler.SendAsync(HttpRequestMessage request, Boolean async, CancellationToken cancellationToken)
   at Microsoft.Extensions.Http.Logging.LoggingHttpMessageHandler.<SendCoreAsync>g__Core|5_0(HttpRequestMessage request, Boolean useAsync, CancellationToken cancellationToken)
   at Microsoft.Extensions.Http.Logging.LoggingScopeHttpMessageHandler.<SendCoreAsync>g__Core|5_0(HttpRequestMessage request, Boolean useAsync, CancellationToken cancellationToken)
   at System.Net.Http.HttpClient.<SendAsync>g__Core|83_0(HttpRequestMessage request, HttpCompletionOption completionOption, CancellationTokenSource cts, Boolean disposeCts, CancellationTokenSource pendingRequestsCts, CancellationToken originalCancellationToken)
   at AlgoWorker.Services.UpstoxRestClient.GetAuthorizedWebSocketUrlAsync(CancellationToken ct) in C:\CaptainsALGO\Dashboard\AlgoWorker\Services\UpstoxRestClient.cs:line 407
   at AlgoWorker.Services.UpstoxWebSocketClient.ConnectAndSubscribeAsync(IReadOnlyCollection`1 instrumentKeys, CancellationToken ct) in C:\CaptainsALGO\Dashboard\AlgoWorker\Services\UpstoxWebSocketClient.cs:line 88
   at AlgoWorker.Services.UpstoxWebSocketClient.RunAsync(IReadOnlyCollection`1 instrumentKeys, CancellationToken ct) in C:\CaptainsALGO\Dashboard\AlgoWorker\Services\UpstoxWebSocketClient.cs:line 52
2026-10-07 10:24:48.508 +05:30 [WRN] AlgoWorker.Worker: WebSocket disconnected: No such host is known. (api.upstox.com:443)
2026-10-07 10:25:49.268 +05:30 [WRN] AlgoWorker.Services.UpstoxWebSocketClient: WebSocket connection lost/failed. Reconnecting in 60s...
System.Net.Http.HttpRequestException: No such host is known. (api.upstox.com:443)
 ---> System.Net.Sockets.SocketException (11001): No such host is known.
   at System.Net.Sockets.Socket.AwaitableSocketAsyncEventArgs.ThrowException(SocketError error, CancellationToken cancellationToken)
   at System.Net.Sockets.Socket.AwaitableSocketAsyncEventArgs.System.Threading.Tasks.Sources.IValueTaskSource.GetResult(Int16 token)
   at System.Net.Sockets.Socket.<ConnectAsync>g__WaitForConnectWithCancellation|285_0(AwaitableSocketAsyncEventArgs saea, ValueTask connectTask, CancellationToken cancellationToken)
   at System.Net.Http.HttpConnectionPool.ConnectToTcpHostAsync(String host, Int32 port, HttpRequestMessage initialRequest, Boolean async, CancellationToken cancellationToken)
   --- End of inner exception stack trace ---
   at System.Net.Http.HttpConnectionPool.ConnectToTcpHostAsync(String host, Int32 port, HttpRequestMessage initialRequest, Boolean async, CancellationToken cancellationToken)
   at System.Net.Http.HttpConnectionPool.ConnectAsync(HttpRequestMessage request, Boolean async, CancellationToken cancellationToken)
   at System.Net.Http.HttpConnectionPool.CreateHttp11ConnectionAsync(HttpRequestMessage request, Boolean async, CancellationToken cancellationToken)
   at System.Net.Http.HttpConnectionPool.AddHttp11ConnectionAsync(QueueItem queueItem)
   at System.Threading.Tasks.TaskCompletionSourceWithCancellation`1.WaitWithCancellationAsync(CancellationToken cancellationToken)
   at System.Net.Http.HttpConnectionPool.SendWithVersionDetectionAndRetryAsync(HttpRequestMessage request, Boolean async, Boolean doRequestAuth, CancellationToken cancellationToken)
   at System.Net.Http.DiagnosticsHandler.SendAsyncCore(HttpRequestMessage request, Boolean async, CancellationToken cancellationToken)
   at System.Net.Http.RedirectHandler.SendAsync(HttpRequestMessage request, Boolean async, CancellationToken cancellationToken)
   at Microsoft.Extensions.Http.Logging.LoggingHttpMessageHandler.<SendCoreAsync>g__Core|5_0(HttpRequestMessage request, Boolean useAsync, CancellationToken cancellationToken)
   at Microsoft.Extensions.Http.Logging.LoggingScopeHttpMessageHandler.<SendCoreAsync>g__Core|5_0(HttpRequestMessage request, Boolean useAsync, CancellationToken cancellationToken)
   at System.Net.Http.HttpClient.<SendAsync>g__Core|83_0(HttpRequestMessage request, HttpCompletionOption completionOption, CancellationTokenSource cts, Boolean disposeCts, CancellationTokenSource pendingRequestsCts, CancellationToken originalCancellationToken)
   at AlgoWorker.Services.UpstoxRestClient.GetAuthorizedWebSocketUrlAsync(CancellationToken ct) in C:\CaptainsALGO\Dashboard\AlgoWorker\Services\UpstoxRestClient.cs:line 407
   at AlgoWorker.Services.UpstoxWebSocketClient.ConnectAndSubscribeAsync(IReadOnlyCollection`1 instrumentKeys, CancellationToken ct) in C:\CaptainsALGO\Dashboard\AlgoWorker\Services\UpstoxWebSocketClient.cs:line 88
   at AlgoWorker.Services.UpstoxWebSocketClient.RunAsync(IReadOnlyCollection`1 instrumentKeys, CancellationToken ct) in C:\CaptainsALGO\Dashboard\AlgoWorker\Services\UpstoxWebSocketClient.cs:line 52
2026-10-07 10:25:49.284 +05:30 [WRN] AlgoWorker.Worker: WebSocket disconnected: No such host is known. (api.upstox.com:443)
2026-10-07 10:26:50.019 +05:30 [WRN] AlgoWorker.Services.UpstoxWebSocketClient: WebSocket connection lost/failed. Reconnecting in 60s...
System.Net.Http.HttpRequestException: No such host is known. (api.upstox.com:443)
 ---> System.Net.Sockets.SocketException (11001): No such host is known.
   at System.Net.Sockets.Socket.AwaitableSocketAsyncEventArgs.ThrowException(SocketError error, CancellationToken cancellationToken)
   at System.Net.Sockets.Socket.AwaitableSocketAsyncEventArgs.System.Threading.Tasks.Sources.IValueTaskSource.GetResult(Int16 token)
   at System.Net.Sockets.Socket.<ConnectAsync>g__WaitForConnectWithCancellation|285_0(AwaitableSocketAsyncEventArgs saea, ValueTask connectTask, CancellationToken cancellationToken)
   at System.Net.Http.HttpConnectionPool.ConnectToTcpHostAsync(String host, Int32 port, HttpRequestMessage initialRequest, Boolean async, CancellationToken cancellationToken)
   --- End of inner exception stack trace ---
   at System.Net.Http.HttpConnectionPool.ConnectToTcpHostAsync(String host, Int32 port, HttpRequestMessage initialRequest, Boolean async, CancellationToken cancellationToken)
   at System.Net.Http.HttpConnectionPool.ConnectAsync(HttpRequestMessage request, Boolean async, CancellationToken cancellationToken)
   at System.Net.Http.HttpConnectionPool.CreateHttp11ConnectionAsync(HttpRequestMessage request, Boolean async, CancellationToken cancellationToken)
   at System.Net.Http.HttpConnectionPool.AddHttp11ConnectionAsync(QueueItem queueItem)
   at System.Threading.Tasks.TaskCompletionSourceWithCancellation`1.WaitWithCancellationAsync(CancellationToken cancellationToken)
   at System.Net.Http.HttpConnectionPool.SendWithVersionDetectionAndRetryAsync(HttpRequestMessage request, Boolean async, Boolean doRequestAuth, CancellationToken cancellationToken)
   at System.Net.Http.DiagnosticsHandler.SendAsyncCore(HttpRequestMessage request, Boolean async, CancellationToken cancellationToken)
   at System.Net.Http.RedirectHandler.SendAsync(HttpRequestMessage request, Boolean async, CancellationToken cancellationToken)
   at Microsoft.Extensions.Http.Logging.LoggingHttpMessageHandler.<SendCoreAsync>g__Core|5_0(HttpRequestMessage request, Boolean useAsync, CancellationToken cancellationToken)
   at Microsoft.Extensions.Http.Logging.LoggingScopeHttpMessageHandler.<SendCoreAsync>g__Core|5_0(HttpRequestMessage request, Boolean useAsync, CancellationToken cancellationToken)
   at System.Net.Http.HttpClient.<SendAsync>g__Core|83_0(HttpRequestMessage request, HttpCompletionOption completionOption, CancellationTokenSource cts, Boolean disposeCts, CancellationTokenSource pendingRequestsCts, CancellationToken originalCancellationToken)
   at AlgoWorker.Services.UpstoxRestClient.GetAuthorizedWebSocketUrlAsync(CancellationToken ct) in C:\CaptainsALGO\Dashboard\AlgoWorker\Services\UpstoxRestClient.cs:line 407
   at AlgoWorker.Services.UpstoxWebSocketClient.ConnectAndSubscribeAsync(IReadOnlyCollection`1 instrumentKeys, CancellationToken ct) in C:\CaptainsALGO\Dashboard\AlgoWorker\Services\UpstoxWebSocketClient.cs:line 88
   at AlgoWorker.Services.UpstoxWebSocketClient.RunAsync(IReadOnlyCollection`1 instrumentKeys, CancellationToken ct) in C:\CaptainsALGO\Dashboard\AlgoWorker\Services\UpstoxWebSocketClient.cs:line 52
2026-10-07 10:26:50.038 +05:30 [WRN] AlgoWorker.Worker: WebSocket disconnected: No such host is known. (api.upstox.com:443)
2026-10-07 10:27:50.783 +05:30 [WRN] AlgoWorker.Services.UpstoxWebSocketClient: WebSocket connection lost/failed. Reconnecting in 60s...
System.Net.Http.HttpRequestException: No such host is known. (api.upstox.com:443)
 ---> System.Net.Sockets.SocketException (11001): No such host is known.
   at System.Net.Sockets.Socket.AwaitableSocketAsyncEventArgs.ThrowException(SocketError error, CancellationToken cancellationToken)
   at System.Net.Sockets.Socket.AwaitableSocketAsyncEventArgs.System.Threading.Tasks.Sources.IValueTaskSource.GetResult(Int16 token)
   at System.Net.Sockets.Socket.<ConnectAsync>g__WaitForConnectWithCancellation|285_0(AwaitableSocketAsyncEventArgs saea, ValueTask connectTask, CancellationToken cancellationToken)
   at System.Net.Http.HttpConnectionPool.ConnectToTcpHostAsync(String host, Int32 port, HttpRequestMessage initialRequest, Boolean async, CancellationToken cancellationToken)
   --- End of inner exception stack trace ---
   at System.Net.Http.HttpConnectionPool.ConnectToTcpHostAsync(String host, Int32 port, HttpRequestMessage initialRequest, Boolean async, CancellationToken cancellationToken)
   at System.Net.Http.HttpConnectionPool.ConnectAsync(HttpRequestMessage request, Boolean async, CancellationToken cancellationToken)
   at System.Net.Http.HttpConnectionPool.CreateHttp11ConnectionAsync(HttpRequestMessage request, Boolean async, CancellationToken cancellationToken)
   at System.Net.Http.HttpConnectionPool.AddHttp11ConnectionAsync(QueueItem queueItem)
   at System.Threading.Tasks.TaskCompletionSourceWithCancellation`1.WaitWithCancellationAsync(CancellationToken cancellationToken)
   at System.Net.Http.HttpConnectionPool.SendWithVersionDetectionAndRetryAsync(HttpRequestMessage request, Boolean async, Boolean doRequestAuth, CancellationToken cancellationToken)
   at System.Net.Http.DiagnosticsHandler.SendAsyncCore(HttpRequestMessage request, Boolean async, CancellationToken cancellationToken)
   at System.Net.Http.RedirectHandler.SendAsync(HttpRequestMessage request, Boolean async, CancellationToken cancellationToken)
   at Microsoft.Extensions.Http.Logging.LoggingHttpMessageHandler.<SendCoreAsync>g__Core|5_0(HttpRequestMessage request, Boolean useAsync, CancellationToken cancellationToken)
   at Microsoft.Extensions.Http.Logging.LoggingScopeHttpMessageHandler.<SendCoreAsync>g__Core|5_0(HttpRequestMessage request, Boolean useAsync, CancellationToken cancellationToken)
   at System.Net.Http.HttpClient.<SendAsync>g__Core|83_0(HttpRequestMessage request, HttpCompletionOption completionOption, CancellationTokenSource cts, Boolean disposeCts, CancellationTokenSource pendingRequestsCts, CancellationToken originalCancellationToken)
   at AlgoWorker.Services.UpstoxRestClient.GetAuthorizedWebSocketUrlAsync(CancellationToken ct) in C:\CaptainsALGO\Dashboard\AlgoWorker\Services\UpstoxRestClient.cs:line 407
   at AlgoWorker.Services.UpstoxWebSocketClient.ConnectAndSubscribeAsync(IReadOnlyCollection`1 instrumentKeys, CancellationToken ct) in C:\CaptainsALGO\Dashboard\AlgoWorker\Services\UpstoxWebSocketClient.cs:line 88
   at AlgoWorker.Services.UpstoxWebSocketClient.RunAsync(IReadOnlyCollection`1 instrumentKeys, CancellationToken ct) in C:\CaptainsALGO\Dashboard\AlgoWorker\Services\UpstoxWebSocketClient.cs:line 52
2026-10-07 10:27:50.798 +05:30 [WRN] AlgoWorker.Worker: WebSocket disconnected: No such host is known. (api.upstox.com:443)
2026-10-07 10:28:51.591 +05:30 [WRN] AlgoWorker.Services.UpstoxWebSocketClient: WebSocket connection lost/failed. Reconnecting in 60s...
System.Net.Http.HttpRequestException: No such host is known. (api.upstox.com:443)
 ---> System.Net.Sockets.SocketException (11001): No such host is known.
   at System.Net.Sockets.Socket.AwaitableSocketAsyncEventArgs.ThrowException(SocketError error, CancellationToken cancellationToken)
   at System.Net.Sockets.Socket.AwaitableSocketAsyncEventArgs.System.Threading.Tasks.Sources.IValueTaskSource.GetResult(Int16 token)
   at System.Net.Sockets.Socket.<ConnectAsync>g__WaitForConnectWithCancellation|285_0(AwaitableSocketAsyncEventArgs saea, ValueTask connectTask, CancellationToken cancellationToken)
   at System.Net.Http.HttpConnectionPool.ConnectToTcpHostAsync(String host, Int32 port, HttpRequestMessage initialRequest, Boolean async, CancellationToken cancellationToken)
   --- End of inner exception stack trace ---
   at System.Net.Http.HttpConnectionPool.ConnectToTcpHostAsync(String host, Int32 port, HttpRequestMessage initialRequest, Boolean async, CancellationToken cancellationToken)
   at System.Net.Http.HttpConnectionPool.ConnectAsync(HttpRequestMessage request, Boolean async, CancellationToken cancellationToken)
   at System.Net.Http.HttpConnectionPool.CreateHttp11ConnectionAsync(HttpRequestMessage request, Boolean async, CancellationToken cancellationToken)
   at System.Net.Http.HttpConnectionPool.AddHttp11ConnectionAsync(QueueItem queueItem)
   at System.Threading.Tasks.TaskCompletionSourceWithCancellation`1.WaitWithCancellationAsync(CancellationToken cancellationToken)
   at System.Net.Http.HttpConnectionPool.SendWithVersionDetectionAndRetryAsync(HttpRequestMessage request, Boolean async, Boolean doRequestAuth, CancellationToken cancellationToken)
   at System.Net.Http.DiagnosticsHandler.SendAsyncCore(HttpRequestMessage request, Boolean async, CancellationToken cancellationToken)
   at System.Net.Http.RedirectHandler.SendAsync(HttpRequestMessage request, Boolean async, CancellationToken cancellationToken)
   at Microsoft.Extensions.Http.Logging.LoggingHttpMessageHandler.<SendCoreAsync>g__Core|5_0(HttpRequestMessage request, Boolean useAsync, CancellationToken cancellationToken)
   at Microsoft.Extensions.Http.Logging.LoggingScopeHttpMessageHandler.<SendCoreAsync>g__Core|5_0(HttpRequestMessage request, Boolean useAsync, CancellationToken cancellationToken)
   at System.Net.Http.HttpClient.<SendAsync>g__Core|83_0(HttpRequestMessage request, HttpCompletionOption completionOption, CancellationTokenSource cts, Boolean disposeCts, CancellationTokenSource pendingRequestsCts, CancellationToken originalCancellationToken)
   at AlgoWorker.Services.UpstoxRestClient.GetAuthorizedWebSocketUrlAsync(CancellationToken ct) in C:\CaptainsALGO\Dashboard\AlgoWorker\Services\UpstoxRestClient.cs:line 407
   at AlgoWorker.Services.UpstoxWebSocketClient.ConnectAndSubscribeAsync(IReadOnlyCollection`1 instrumentKeys, CancellationToken ct) in C:\CaptainsALGO\Dashboard\AlgoWorker\Services\UpstoxWebSocketClient.cs:line 88
   at AlgoWorker.Services.UpstoxWebSocketClient.RunAsync(IReadOnlyCollection`1 instrumentKeys, CancellationToken ct) in C:\CaptainsALGO\Dashboard\AlgoWorker\Services\UpstoxWebSocketClient.cs:line 52
2026-10-07 10:28:51.608 +05:30 [WRN] AlgoWorker.Worker: WebSocket disconnected: No such host is known. (api.upstox.com:443)
2026-10-07 10:29:52.468 +05:30 [WRN] AlgoWorker.Services.UpstoxWebSocketClient: WebSocket connection lost/failed. Reconnecting in 60s...
System.Net.Http.HttpRequestException: No such host is known. (api.upstox.com:443)
 ---> System.Net.Sockets.SocketException (11001): No such host is known.
   at System.Net.Sockets.Socket.AwaitableSocketAsyncEventArgs.ThrowException(SocketError error, CancellationToken cancellationToken)
   at System.Net.Sockets.Socket.AwaitableSocketAsyncEventArgs.System.Threading.Tasks.Sources.IValueTaskSource.GetResult(Int16 token)
   at System.Net.Sockets.Socket.<ConnectAsync>g__WaitForConnectWithCancellation|285_0(AwaitableSocketAsyncEventArgs saea, ValueTask connectTask, CancellationToken cancellationToken)
   at System.Net.Http.HttpConnectionPool.ConnectToTcpHostAsync(String host, Int32 port, HttpRequestMessage initialRequest, Boolean async, CancellationToken cancellationToken)
   --- End of inner exception stack trace ---
   at System.Net.Http.HttpConnectionPool.ConnectToTcpHostAsync(String host, Int32 port, HttpRequestMessage initialRequest, Boolean async, CancellationToken cancellationToken)
   at System.Net.Http.HttpConnectionPool.ConnectAsync(HttpRequestMessage request, Boolean async, CancellationToken cancellationToken)
   at System.Net.Http.HttpConnectionPool.CreateHttp11ConnectionAsync(HttpRequestMessage request, Boolean async, CancellationToken cancellationToken)
   at System.Net.Http.HttpConnectionPool.AddHttp11ConnectionAsync(QueueItem queueItem)
   at System.Threading.Tasks.TaskCompletionSourceWithCancellation`1.WaitWithCancellationAsync(CancellationToken cancellationToken)
   at System.Net.Http.HttpConnectionPool.SendWithVersionDetectionAndRetryAsync(HttpRequestMessage request, Boolean async, Boolean doRequestAuth, CancellationToken cancellationToken)
   at System.Net.Http.DiagnosticsHandler.SendAsyncCore(HttpRequestMessage request, Boolean async, CancellationToken cancellationToken)
   at System.Net.Http.RedirectHandler.SendAsync(HttpRequestMessage request, Boolean async, CancellationToken cancellationToken)
   at Microsoft.Extensions.Http.Logging.LoggingHttpMessageHandler.<SendCoreAsync>g__Core|5_0(HttpRequestMessage request, Boolean useAsync, CancellationToken cancellationToken)
   at Microsoft.Extensions.Http.Logging.LoggingScopeHttpMessageHandler.<SendCoreAsync>g__Core|5_0(HttpRequestMessage request, Boolean useAsync, CancellationToken cancellationToken)
   at System.Net.Http.HttpClient.<SendAsync>g__Core|83_0(HttpRequestMessage request, HttpCompletionOption completionOption, CancellationTokenSource cts, Boolean disposeCts, CancellationTokenSource pendingRequestsCts, CancellationToken originalCancellationToken)
   at AlgoWorker.Services.UpstoxRestClient.GetAuthorizedWebSocketUrlAsync(CancellationToken ct) in C:\CaptainsALGO\Dashboard\AlgoWorker\Services\UpstoxRestClient.cs:line 407
   at AlgoWorker.Services.UpstoxWebSocketClient.ConnectAndSubscribeAsync(IReadOnlyCollection`1 instrumentKeys, CancellationToken ct) in C:\CaptainsALGO\Dashboard\AlgoWorker\Services\UpstoxWebSocketClient.cs:line 88
   at AlgoWorker.Services.UpstoxWebSocketClient.RunAsync(IReadOnlyCollection`1 instrumentKeys, CancellationToken ct) in C:\CaptainsALGO\Dashboard\AlgoWorker\Services\UpstoxWebSocketClient.cs:line 52
2026-10-07 10:29:52.483 +05:30 [WRN] AlgoWorker.Worker: WebSocket disconnected: No such host is known. (api.upstox.com:443)
2026-10-07 10:30:53.222 +05:30 [WRN] AlgoWorker.Services.UpstoxWebSocketClient: WebSocket connection lost/failed. Reconnecting in 60s...
System.Net.Http.HttpRequestException: No such host is known. (api.upstox.com:443)
 ---> System.Net.Sockets.SocketException (11001): No such host is known.
   at System.Net.Sockets.Socket.AwaitableSocketAsyncEventArgs.ThrowException(SocketError error, CancellationToken cancellationToken)
   at System.Net.Sockets.Socket.AwaitableSocketAsyncEventArgs.System.Threading.Tasks.Sources.IValueTaskSource.GetResult(Int16 token)
   at System.Net.Sockets.Socket.<ConnectAsync>g__WaitForConnectWithCancellation|285_0(AwaitableSocketAsyncEventArgs saea, ValueTask connectTask, CancellationToken cancellationToken)
   at System.Net.Http.HttpConnectionPool.ConnectToTcpHostAsync(String host, Int32 port, HttpRequestMessage initialRequest, Boolean async, CancellationToken cancellationToken)
   --- End of inner exception stack trace ---
   at System.Net.Http.HttpConnectionPool.ConnectToTcpHostAsync(String host, Int32 port, HttpRequestMessage initialRequest, Boolean async, CancellationToken cancellationToken)
   at System.Net.Http.HttpConnectionPool.ConnectAsync(HttpRequestMessage request, Boolean async, CancellationToken cancellationToken)
   at System.Net.Http.HttpConnectionPool.CreateHttp11ConnectionAsync(HttpRequestMessage request, Boolean async, CancellationToken cancellationToken)
   at System.Net.Http.HttpConnectionPool.AddHttp11ConnectionAsync(QueueItem queueItem)
   at System.Threading.Tasks.TaskCompletionSourceWithCancellation`1.WaitWithCancellationAsync(CancellationToken cancellationToken)
   at System.Net.Http.HttpConnectionPool.SendWithVersionDetectionAndRetryAsync(HttpRequestMessage request, Boolean async, Boolean doRequestAuth, CancellationToken cancellationToken)
   at System.Net.Http.DiagnosticsHandler.SendAsyncCore(HttpRequestMessage request, Boolean async, CancellationToken cancellationToken)
   at System.Net.Http.RedirectHandler.SendAsync(HttpRequestMessage request, Boolean async, CancellationToken cancellationToken)
   at Microsoft.Extensions.Http.Logging.LoggingHttpMessageHandler.<SendCoreAsync>g__Core|5_0(HttpRequestMessage request, Boolean useAsync, CancellationToken cancellationToken)
   at Microsoft.Extensions.Http.Logging.LoggingScopeHttpMessageHandler.<SendCoreAsync>g__Core|5_0(HttpRequestMessage request, Boolean useAsync, CancellationToken cancellationToken)
   at System.Net.Http.HttpClient.<SendAsync>g__Core|83_0(HttpRequestMessage request, HttpCompletionOption completionOption, CancellationTokenSource cts, Boolean disposeCts, CancellationTokenSource pendingRequestsCts, CancellationToken originalCancellationToken)
   at AlgoWorker.Services.UpstoxRestClient.GetAuthorizedWebSocketUrlAsync(CancellationToken ct) in C:\CaptainsALGO\Dashboard\AlgoWorker\Services\UpstoxRestClient.cs:line 407
   at AlgoWorker.Services.UpstoxWebSocketClient.ConnectAndSubscribeAsync(IReadOnlyCollection`1 instrumentKeys, CancellationToken ct) in C:\CaptainsALGO\Dashboard\AlgoWorker\Services\UpstoxWebSocketClient.cs:line 88
   at AlgoWorker.Services.UpstoxWebSocketClient.RunAsync(IReadOnlyCollection`1 instrumentKeys, CancellationToken ct) in C:\CaptainsALGO\Dashboard\AlgoWorker\Services\UpstoxWebSocketClient.cs:line 52
2026-10-07 10:30:53.239 +05:30 [WRN] AlgoWorker.Worker: WebSocket disconnected: No such host is known. (api.upstox.com:443)
2026-10-07 10:31:53.882 +05:30 [WRN] AlgoWorker.Services.UpstoxWebSocketClient: WebSocket connection lost/failed. Reconnecting in 60s...
System.Net.Http.HttpRequestException: No such host is known. (api.upstox.com:443)
 ---> System.Net.Sockets.SocketException (11001): No such host is known.
   at System.Net.Sockets.Socket.AwaitableSocketAsyncEventArgs.ThrowException(SocketError error, CancellationToken cancellationToken)
   at System.Net.Sockets.Socket.AwaitableSocketAsyncEventArgs.System.Threading.Tasks.Sources.IValueTaskSource.GetResult(Int16 token)
   at System.Net.Sockets.Socket.<ConnectAsync>g__WaitForConnectWithCancellation|285_0(AwaitableSocketAsyncEventArgs saea, ValueTask connectTask, CancellationToken cancellationToken)
   at System.Net.Http.HttpConnectionPool.ConnectToTcpHostAsync(String host, Int32 port, HttpRequestMessage initialRequest, Boolean async, CancellationToken cancellationToken)
   --- End of inner exception stack trace ---
   at System.Net.Http.HttpConnectionPool.ConnectToTcpHostAsync(String host, Int32 port, HttpRequestMessage initialRequest, Boolean async, CancellationToken cancellationToken)
   at System.Net.Http.HttpConnectionPool.ConnectAsync(HttpRequestMessage request, Boolean async, CancellationToken cancellationToken)
   at System.Net.Http.HttpConnectionPool.CreateHttp11ConnectionAsync(HttpRequestMessage request, Boolean async, CancellationToken cancellationToken)
   at System.Net.Http.HttpConnectionPool.AddHttp11ConnectionAsync(QueueItem queueItem)
   at System.Threading.Tasks.TaskCompletionSourceWithCancellation`1.WaitWithCancellationAsync(CancellationToken cancellationToken)
   at System.Net.Http.HttpConnectionPool.SendWithVersionDetectionAndRetryAsync(HttpRequestMessage request, Boolean async, Boolean doRequestAuth, CancellationToken cancellationToken)
   at System.Net.Http.DiagnosticsHandler.SendAsyncCore(HttpRequestMessage request, Boolean async, CancellationToken cancellationToken)
   at System.Net.Http.RedirectHandler.SendAsync(HttpRequestMessage request, Boolean async, CancellationToken cancellationToken)
   at Microsoft.Extensions.Http.Logging.LoggingHttpMessageHandler.<SendCoreAsync>g__Core|5_0(HttpRequestMessage request, Boolean useAsync, CancellationToken cancellationToken)
   at Microsoft.Extensions.Http.Logging.LoggingScopeHttpMessageHandler.<SendCoreAsync>g__Core|5_0(HttpRequestMessage request, Boolean useAsync, CancellationToken cancellationToken)
   at System.Net.Http.HttpClient.<SendAsync>g__Core|83_0(HttpRequestMessage request, HttpCompletionOption completionOption, CancellationTokenSource cts, Boolean disposeCts, CancellationTokenSource pendingRequestsCts, CancellationToken originalCancellationToken)
   at AlgoWorker.Services.UpstoxRestClient.GetAuthorizedWebSocketUrlAsync(CancellationToken ct) in C:\CaptainsALGO\Dashboard\AlgoWorker\Services\UpstoxRestClient.cs:line 407
   at AlgoWorker.Services.UpstoxWebSocketClient.ConnectAndSubscribeAsync(IReadOnlyCollection`1 instrumentKeys, CancellationToken ct) in C:\CaptainsALGO\Dashboard\AlgoWorker\Services\UpstoxWebSocketClient.cs:line 88
   at AlgoWorker.Services.UpstoxWebSocketClient.RunAsync(IReadOnlyCollection`1 instrumentKeys, CancellationToken ct) in C:\CaptainsALGO\Dashboard\AlgoWorker\Services\UpstoxWebSocketClient.cs:line 52
2026-10-07 10:31:53.903 +05:30 [WRN] AlgoWorker.Worker: WebSocket disconnected: No such host is known. (api.upstox.com:443)
2026-10-07 10:32:54.687 +05:30 [WRN] AlgoWorker.Services.UpstoxWebSocketClient: WebSocket connection lost/failed. Reconnecting in 60s...
System.Net.Http.HttpRequestException: No such host is known. (api.upstox.com:443)
 ---> System.Net.Sockets.SocketException (11001): No such host is known.
   at System.Net.Sockets.Socket.AwaitableSocketAsyncEventArgs.ThrowException(SocketError error, CancellationToken cancellationToken)
   at System.Net.Sockets.Socket.AwaitableSocketAsyncEventArgs.System.Threading.Tasks.Sources.IValueTaskSource.GetResult(Int16 token)
   at System.Net.Sockets.Socket.<ConnectAsync>g__WaitForConnectWithCancellation|285_0(AwaitableSocketAsyncEventArgs saea, ValueTask connectTask, CancellationToken cancellationToken)
   at System.Net.Http.HttpConnectionPool.ConnectToTcpHostAsync(String host, Int32 port, HttpRequestMessage initialRequest, Boolean async, CancellationToken cancellationToken)
   --- End of inner exception stack trace ---
   at System.Net.Http.HttpConnectionPool.ConnectToTcpHostAsync(String host, Int32 port, HttpRequestMessage initialRequest, Boolean async, CancellationToken cancellationToken)
   at System.Net.Http.HttpConnectionPool.ConnectAsync(HttpRequestMessage request, Boolean async, CancellationToken cancellationToken)
   at System.Net.Http.HttpConnectionPool.CreateHttp11ConnectionAsync(HttpRequestMessage request, Boolean async, CancellationToken cancellationToken)
   at System.Net.Http.HttpConnectionPool.AddHttp11ConnectionAsync(QueueItem queueItem)
   at System.Threading.Tasks.TaskCompletionSourceWithCancellation`1.WaitWithCancellationAsync(CancellationToken cancellationToken)
   at System.Net.Http.HttpConnectionPool.SendWithVersionDetectionAndRetryAsync(HttpRequestMessage request, Boolean async, Boolean doRequestAuth, CancellationToken cancellationToken)
   at System.Net.Http.DiagnosticsHandler.SendAsyncCore(HttpRequestMessage request, Boolean async, CancellationToken cancellationToken)
   at System.Net.Http.RedirectHandler.SendAsync(HttpRequestMessage request, Boolean async, CancellationToken cancellationToken)
   at Microsoft.Extensions.Http.Logging.LoggingHttpMessageHandler.<SendCoreAsync>g__Core|5_0(HttpRequestMessage request, Boolean useAsync, CancellationToken cancellationToken)
   at Microsoft.Extensions.Http.Logging.LoggingScopeHttpMessageHandler.<SendCoreAsync>g__Core|5_0(HttpRequestMessage request, Boolean useAsync, CancellationToken cancellationToken)
   at System.Net.Http.HttpClient.<SendAsync>g__Core|83_0(HttpRequestMessage request, HttpCompletionOption completionOption, CancellationTokenSource cts, Boolean disposeCts, CancellationTokenSource pendingRequestsCts, CancellationToken originalCancellationToken)
   at AlgoWorker.Services.UpstoxRestClient.GetAuthorizedWebSocketUrlAsync(CancellationToken ct) in C:\CaptainsALGO\Dashboard\AlgoWorker\Services\UpstoxRestClient.cs:line 407
   at AlgoWorker.Services.UpstoxWebSocketClient.ConnectAndSubscribeAsync(IReadOnlyCollection`1 instrumentKeys, CancellationToken ct) in C:\CaptainsALGO\Dashboard\AlgoWorker\Services\UpstoxWebSocketClient.cs:line 88
   at AlgoWorker.Services.UpstoxWebSocketClient.RunAsync(IReadOnlyCollection`1 instrumentKeys, CancellationToken ct) in C:\CaptainsALGO\Dashboard\AlgoWorker\Services\UpstoxWebSocketClient.cs:line 52
2026-10-07 10:32:54.705 +05:30 [WRN] AlgoWorker.Worker: WebSocket disconnected: No such host is known. (api.upstox.com:443)
2026-10-07 10:33:55.428 +05:30 [WRN] AlgoWorker.Services.UpstoxWebSocketClient: WebSocket connection lost/failed. Reconnecting in 60s...
System.Net.Http.HttpRequestException: No such host is known. (api.upstox.com:443)
 ---> System.Net.Sockets.SocketException (11001): No such host is known.
   at System.Net.Sockets.Socket.AwaitableSocketAsyncEventArgs.ThrowException(SocketError error, CancellationToken cancellationToken)
   at System.Net.Sockets.Socket.AwaitableSocketAsyncEventArgs.System.Threading.Tasks.Sources.IValueTaskSource.GetResult(Int16 token)
   at System.Net.Sockets.Socket.<ConnectAsync>g__WaitForConnectWithCancellation|285_0(AwaitableSocketAsyncEventArgs saea, ValueTask connectTask, CancellationToken cancellationToken)
   at System.Net.Http.HttpConnectionPool.ConnectToTcpHostAsync(String host, Int32 port, HttpRequestMessage initialRequest, Boolean async, CancellationToken cancellationToken)
   --- End of inner exception stack trace ---
   at System.Net.Http.HttpConnectionPool.ConnectToTcpHostAsync(String host, Int32 port, HttpRequestMessage initialRequest, Boolean async, CancellationToken cancellationToken)
   at System.Net.Http.HttpConnectionPool.ConnectAsync(HttpRequestMessage request, Boolean async, CancellationToken cancellationToken)
   at System.Net.Http.HttpConnectionPool.CreateHttp11ConnectionAsync(HttpRequestMessage request, Boolean async, CancellationToken cancellationToken)
   at System.Net.Http.HttpConnectionPool.AddHttp11ConnectionAsync(QueueItem queueItem)
   at System.Threading.Tasks.TaskCompletionSourceWithCancellation`1.WaitWithCancellationAsync(CancellationToken cancellationToken)
   at System.Net.Http.HttpConnectionPool.SendWithVersionDetectionAndRetryAsync(HttpRequestMessage request, Boolean async, Boolean doRequestAuth, CancellationToken cancellationToken)
   at System.Net.Http.DiagnosticsHandler.SendAsyncCore(HttpRequestMessage request, Boolean async, CancellationToken cancellationToken)
   at System.Net.Http.RedirectHandler.SendAsync(HttpRequestMessage request, Boolean async, CancellationToken cancellationToken)
   at Microsoft.Extensions.Http.Logging.LoggingHttpMessageHandler.<SendCoreAsync>g__Core|5_0(HttpRequestMessage request, Boolean useAsync, CancellationToken cancellationToken)
   at Microsoft.Extensions.Http.Logging.LoggingScopeHttpMessageHandler.<SendCoreAsync>g__Core|5_0(HttpRequestMessage request, Boolean useAsync, CancellationToken cancellationToken)
   at System.Net.Http.HttpClient.<SendAsync>g__Core|83_0(HttpRequestMessage request, HttpCompletionOption completionOption, CancellationTokenSource cts, Boolean disposeCts, CancellationTokenSource pendingRequestsCts, CancellationToken originalCancellationToken)
   at AlgoWorker.Services.UpstoxRestClient.GetAuthorizedWebSocketUrlAsync(CancellationToken ct) in C:\CaptainsALGO\Dashboard\AlgoWorker\Services\UpstoxRestClient.cs:line 407
   at AlgoWorker.Services.UpstoxWebSocketClient.ConnectAndSubscribeAsync(IReadOnlyCollection`1 instrumentKeys, CancellationToken ct) in C:\CaptainsALGO\Dashboard\AlgoWorker\Services\UpstoxWebSocketClient.cs:line 88
   at AlgoWorker.Services.UpstoxWebSocketClient.RunAsync(IReadOnlyCollection`1 instrumentKeys, CancellationToken ct) in C:\CaptainsALGO\Dashboard\AlgoWorker\Services\UpstoxWebSocketClient.cs:line 52
2026-10-07 10:33:55.446 +05:30 [WRN] AlgoWorker.Worker: WebSocket disconnected: No such host is known. (api.upstox.com:443)
2026-10-07 10:34:56.264 +05:30 [WRN] AlgoWorker.Services.UpstoxWebSocketClient: WebSocket connection lost/failed. Reconnecting in 60s...
System.Net.Http.HttpRequestException: No such host is known. (api.upstox.com:443)
 ---> System.Net.Sockets.SocketException (11001): No such host is known.
   at System.Net.Sockets.Socket.AwaitableSocketAsyncEventArgs.ThrowException(SocketError error, CancellationToken cancellationToken)
   at System.Net.Sockets.Socket.AwaitableSocketAsyncEventArgs.System.Threading.Tasks.Sources.IValueTaskSource.GetResult(Int16 token)
   at System.Net.Sockets.Socket.<ConnectAsync>g__WaitForConnectWithCancellation|285_0(AwaitableSocketAsyncEventArgs saea, ValueTask connectTask, CancellationToken cancellationToken)
   at System.Net.Http.HttpConnectionPool.ConnectToTcpHostAsync(String host, Int32 port, HttpRequestMessage initialRequest, Boolean async, CancellationToken cancellationToken)
   --- End of inner exception stack trace ---
   at System.Net.Http.HttpConnectionPool.ConnectToTcpHostAsync(String host, Int32 port, HttpRequestMessage initialRequest, Boolean async, CancellationToken cancellationToken)
   at System.Net.Http.HttpConnectionPool.ConnectAsync(HttpRequestMessage request, Boolean async, CancellationToken cancellationToken)
   at System.Net.Http.HttpConnectionPool.CreateHttp11ConnectionAsync(HttpRequestMessage request, Boolean async, CancellationToken cancellationToken)
   at System.Net.Http.HttpConnectionPool.AddHttp11ConnectionAsync(QueueItem queueItem)
   at System.Threading.Tasks.TaskCompletionSourceWithCancellation`1.WaitWithCancellationAsync(CancellationToken cancellationToken)
   at System.Net.Http.HttpConnectionPool.SendWithVersionDetectionAndRetryAsync(HttpRequestMessage request, Boolean async, Boolean doRequestAuth, CancellationToken cancellationToken)
   at System.Net.Http.DiagnosticsHandler.SendAsyncCore(HttpRequestMessage request, Boolean async, CancellationToken cancellationToken)
   at System.Net.Http.RedirectHandler.SendAsync(HttpRequestMessage request, Boolean async, CancellationToken cancellationToken)
   at Microsoft.Extensions.Http.Logging.LoggingHttpMessageHandler.<SendCoreAsync>g__Core|5_0(HttpRequestMessage request, Boolean useAsync, CancellationToken cancellationToken)
   at Microsoft.Extensions.Http.Logging.LoggingScopeHttpMessageHandler.<SendCoreAsync>g__Core|5_0(HttpRequestMessage request, Boolean useAsync, CancellationToken cancellationToken)
   at System.Net.Http.HttpClient.<SendAsync>g__Core|83_0(HttpRequestMessage request, HttpCompletionOption completionOption, CancellationTokenSource cts, Boolean disposeCts, CancellationTokenSource pendingRequestsCts, CancellationToken originalCancellationToken)
   at AlgoWorker.Services.UpstoxRestClient.GetAuthorizedWebSocketUrlAsync(CancellationToken ct) in C:\CaptainsALGO\Dashboard\AlgoWorker\Services\UpstoxRestClient.cs:line 407
   at AlgoWorker.Services.UpstoxWebSocketClient.ConnectAndSubscribeAsync(IReadOnlyCollection`1 instrumentKeys, CancellationToken ct) in C:\CaptainsALGO\Dashboard\AlgoWorker\Services\UpstoxWebSocketClient.cs:line 88
   at AlgoWorker.Services.UpstoxWebSocketClient.RunAsync(IReadOnlyCollection`1 instrumentKeys, CancellationToken ct) in C:\CaptainsALGO\Dashboard\AlgoWorker\Services\UpstoxWebSocketClient.cs:line 52
2026-10-07 10:34:56.284 +05:30 [WRN] AlgoWorker.Worker: WebSocket disconnected: No such host is known. (api.upstox.com:443)
2026-10-07 10:35:57.002 +05:30 [WRN] AlgoWorker.Services.UpstoxWebSocketClient: WebSocket connection lost/failed. Reconnecting in 60s...
System.Net.Http.HttpRequestException: No such host is known. (api.upstox.com:443)
 ---> System.Net.Sockets.SocketException (11001): No such host is known.
   at System.Net.Sockets.Socket.AwaitableSocketAsyncEventArgs.ThrowException(SocketError error, CancellationToken cancellationToken)
   at System.Net.Sockets.Socket.AwaitableSocketAsyncEventArgs.System.Threading.Tasks.Sources.IValueTaskSource.GetResult(Int16 token)
   at System.Net.Sockets.Socket.<ConnectAsync>g__WaitForConnectWithCancellation|285_0(AwaitableSocketAsyncEventArgs saea, ValueTask connectTask, CancellationToken cancellationToken)
   at System.Net.Http.HttpConnectionPool.ConnectToTcpHostAsync(String host, Int32 port, HttpRequestMessage initialRequest, Boolean async, CancellationToken cancellationToken)
   --- End of inner exception stack trace ---
   at System.Net.Http.HttpConnectionPool.ConnectToTcpHostAsync(String host, Int32 port, HttpRequestMessage initialRequest, Boolean async, CancellationToken cancellationToken)
   at System.Net.Http.HttpConnectionPool.ConnectAsync(HttpRequestMessage request, Boolean async, CancellationToken cancellationToken)
   at System.Net.Http.HttpConnectionPool.CreateHttp11ConnectionAsync(HttpRequestMessage request, Boolean async, CancellationToken cancellationToken)
   at System.Net.Http.HttpConnectionPool.AddHttp11ConnectionAsync(QueueItem queueItem)
   at System.Threading.Tasks.TaskCompletionSourceWithCancellation`1.WaitWithCancellationAsync(CancellationToken cancellationToken)
   at System.Net.Http.HttpConnectionPool.SendWithVersionDetectionAndRetryAsync(HttpRequestMessage request, Boolean async, Boolean doRequestAuth, CancellationToken cancellationToken)
   at System.Net.Http.DiagnosticsHandler.SendAsyncCore(HttpRequestMessage request, Boolean async, CancellationToken cancellationToken)
   at System.Net.Http.RedirectHandler.SendAsync(HttpRequestMessage request, Boolean async, CancellationToken cancellationToken)
   at Microsoft.Extensions.Http.Logging.LoggingHttpMessageHandler.<SendCoreAsync>g__Core|5_0(HttpRequestMessage request, Boolean useAsync, CancellationToken cancellationToken)
   at Microsoft.Extensions.Http.Logging.LoggingScopeHttpMessageHandler.<SendCoreAsync>g__Core|5_0(HttpRequestMessage request, Boolean useAsync, CancellationToken cancellationToken)
   at System.Net.Http.HttpClient.<SendAsync>g__Core|83_0(HttpRequestMessage request, HttpCompletionOption completionOption, CancellationTokenSource cts, Boolean disposeCts, CancellationTokenSource pendingRequestsCts, CancellationToken originalCancellationToken)
   at AlgoWorker.Services.UpstoxRestClient.GetAuthorizedWebSocketUrlAsync(CancellationToken ct) in C:\CaptainsALGO\Dashboard\AlgoWorker\Services\UpstoxRestClient.cs:line 407
   at AlgoWorker.Services.UpstoxWebSocketClient.ConnectAndSubscribeAsync(IReadOnlyCollection`1 instrumentKeys, CancellationToken ct) in C:\CaptainsALGO\Dashboard\AlgoWorker\Services\UpstoxWebSocketClient.cs:line 88
   at AlgoWorker.Services.UpstoxWebSocketClient.RunAsync(IReadOnlyCollection`1 instrumentKeys, CancellationToken ct) in C:\CaptainsALGO\Dashboard\AlgoWorker\Services\UpstoxWebSocketClient.cs:line 52
2026-10-07 10:35:57.019 +05:30 [WRN] AlgoWorker.Worker: WebSocket disconnected: No such host is known. (api.upstox.com:443)
2026-10-07 10:36:58.889 +05:30 [INF] AlgoWorker.Services.UpstoxWebSocketClient: Upstox WebSocket connected.
2026-10-07 10:36:58.916 +05:30 [INF] AlgoWorker.Worker: WebSocket connected event fired.
2026-10-07 10:36:58.923 +05:30 [INF] AlgoWorker.Services.UpstoxWebSocketClient: sub -> 1 instrument(s): NSE_INDEX|Nifty 50
2026-10-07 10:36:59.026 +05:30 [INF] AlgoWorker.Services.BreakoutSignalEngine: Opening-range BREAKOUT UP confirmed at "2026-10-07T04:45:00.0000000+00:00": close 22671.7 vs level 22652.3
2026-10-07 10:36:59.035 +05:30 [INF] AlgoWorker.Services.OptionInstrumentResolver: Resolving CURRENT-WEEK ATM "Call" option for breakout: strike 22650, expiry "2026-10-13".
2026-10-07 10:37:00.727 +05:30 [INF] AlgoWorker.Services.UpstoxWebSocketClient: sub -> 1 instrument(s): NSE_FO|44618
2026-10-07 10:37:02.019 +05:30 [INF] AlgoWorker.Services.BreakoutPositionTracker: Virtual breakout "Up" position opened: NIFTY 22650 CE 13 OCT 26 @ 142.0
2026-10-07 11:10:09.737 +05:30 [INF] AlgoWorker.Services.UpstoxWebSocketClient: unsub -> 1 instrument(s): NSE_FO|44618
2026-10-07 11:10:09.760 +05:30 [INF] AlgoWorker.Services.BreakoutPositionTracker: Virtual breakout position closed. Reason: Manually closed from Dashboard. P&L: 2,398.50 (26.0%)
2026-10-07 11:27:57.976 +05:30 [INF] AlgoWorker.Worker: Nifty EMA Alert Bot starting up...
2026-10-07 11:27:59.997 +05:30 [DBG] AlgoWorker.Services.MarketHoursService: Upstox exchange status: "NormalOpen" (open=true)
2026-10-07 11:28:00.013 +05:30 [WRN] AlgoWorker.Services.HistoricalSeederService: Configured SeedLookbackTradingDays (20) implies a 40-day window, which exceeds Upstox's 1-month limit for 15-min candles. Clamping to 27 days.
2026-10-07 11:28:00.017 +05:30 [INF] AlgoWorker.Services.HistoricalSeederService: Seeding historical candles from "2026-09-09" to "2026-10-06"...
2026-10-07 11:28:00.182 +05:30 [INF] AlgoWorker.Services.UpstoxRestClient: Fetched 450 historical 15-min candles for NSE_INDEX|Nifty 50 ("2026-09-09" to "2026-10-06")
2026-10-07 11:28:00.230 +05:30 [INF] AlgoWorker.Services.UpstoxRestClient: Fetched 9 intraday (today's) 15-min candles for NSE_INDEX|Nifty 50
2026-10-07 11:28:00.249 +05:30 [INF] AlgoWorker.Services.SignalEngine: New "GoldenCross" crossover detected at "2026-09-09T09:30:00.0000000+05:30", tracking for 4 candles before confirming.
2026-10-07 11:28:00.258 +05:30 [INF] AlgoWorker.Services.SignalEngine: New "DeathCross" crossover detected at "2026-09-09T09:45:00.0000000+05:30", tracking for 4 candles before confirming.
2026-10-07 11:28:00.261 +05:30 [INF] AlgoWorker.Services.SignalEngine: New "GoldenCross" crossover detected at "2026-09-09T10:15:00.0000000+05:30", tracking for 4 candles before confirming.
2026-10-07 11:28:00.266 +05:30 [DBG] AlgoWorker.Services.SignalEngine: (seeding) "GoldenCross" confirmed at "2026-09-09T11:15:00.0000000+05:30" -- not alerting, historical replay only.
2026-10-07 11:28:00.280 +05:30 [INF] AlgoWorker.Services.SignalEngine: New "DeathCross" crossover detected at "2026-09-09T15:15:00.0000000+05:30", tracking for 4 candles before confirming.
2026-10-07 11:28:00.294 +05:30 [DBG] AlgoWorker.Services.SignalEngine: (seeding) "DeathCross" confirmed at "2026-09-10T10:00:00.0000000+05:30" -- not alerting, historical replay only.
2026-10-07 11:28:00.299 +05:30 [INF] AlgoWorker.Services.SignalEngine: New "GoldenCross" crossover detected at "2026-09-17T12:15:00.0000000+05:30", tracking for 4 candles before confirming.
2026-10-07 11:28:00.304 +05:30 [DBG] AlgoWorker.Services.SignalEngine: (seeding) "GoldenCross" confirmed at "2026-09-17T13:15:00.0000000+05:30" -- not alerting, historical replay only.
2026-10-07 11:28:00.311 +05:30 [INF] AlgoWorker.Services.SignalEngine: New "DeathCross" crossover detected at "2026-09-22T13:15:00.0000000+05:30", tracking for 4 candles before confirming.
2026-10-07 11:28:00.315 +05:30 [DBG] AlgoWorker.Services.SignalEngine: (seeding) "DeathCross" confirmed at "2026-09-22T14:15:00.0000000+05:30" -- not alerting, historical replay only.
2026-10-07 11:28:00.317 +05:30 [INF] AlgoWorker.Services.SignalEngine: New "GoldenCross" crossover detected at "2026-09-23T10:45:00.0000000+05:30", tracking for 4 candles before confirming.
2026-10-07 11:28:00.433 +05:30 [DBG] AlgoWorker.Services.SignalEngine: (seeding) "GoldenCross" confirmed at "2026-09-23T11:45:00.0000000+05:30" -- not alerting, historical replay only.
2026-10-07 11:28:00.490 +05:30 [INF] AlgoWorker.Services.SignalEngine: New "DeathCross" crossover detected at "2026-09-24T09:30:00.0000000+05:30", tracking for 4 candles before confirming.
2026-10-07 11:28:01.398 +05:30 [DBG] AlgoWorker.Services.SignalEngine: (seeding) "DeathCross" confirmed at "2026-09-24T10:30:00.0000000+05:30" -- not alerting, historical replay only.
2026-10-07 11:28:01.433 +05:30 [INF] AlgoWorker.Services.SignalEngine: New "GoldenCross" crossover detected at "2026-10-06T09:45:00.0000000+05:30", tracking for 4 candles before confirming.
2026-10-07 11:28:01.437 +05:30 [DBG] AlgoWorker.Services.SignalEngine: (seeding) "GoldenCross" confirmed at "2026-10-06T10:45:00.0000000+05:30" -- not alerting, historical replay only.
2026-10-07 11:28:01.444 +05:30 [INF] AlgoWorker.Services.HistoricalSeederService: Seeding complete -- 459 candles replayed through the indicator pipeline (450 historical + 9 today).
2026-10-07 11:28:01.450 +05:30 [INF] AlgoWorker.Services.SignalEngine: Catch-up signal: "GoldenCross" originally crossed at "2026-10-06T09:45:00.0000000+05:30" (32 candles ago), still active as of "2026-10-07T11:15:00.0000000+05:30".
2026-10-07 11:28:01.911 +05:30 [INF] AlgoWorker.Services.UpstoxRestClient: Previous trading day for NSE_INDEX|Nifty 50: "2026-10-06", High=22776.1, Low=22561.6, Close=22776.1
2026-10-07 11:28:01.924 +05:30 [INF] AlgoWorker.Services.CprAnalysisService: CPR computed for "2026-10-07": Pivot=22704.6, TC=22740.35, BC=22668.85, Width%=0.314, Reading=Normal CPR -- Moderate movement expected
2026-10-07 11:28:02.332 +05:30 [INF] AlgoWorker.Services.MacdHistoricalSeederService: Seeding MACD 3-min candles: fetching "2026-09-26" to "2026-10-06", keeping the last 2 trading day(s)...
2026-10-07 11:28:02.442 +05:30 [INF] AlgoWorker.Services.UpstoxRestClient: Fetched 750 historical 3-min candles for NSE_INDEX|Nifty 50 ("2026-09-26" to "2026-10-06")
2026-10-07 11:28:02.549 +05:30 [INF] AlgoWorker.Services.UpstoxRestClient: Fetched 44 intraday (today's) 3-min candles for NSE_INDEX|Nifty 50
2026-10-07 11:28:02.567 +05:30 [DBG] AlgoWorker.Services.MacdSignalEngine: MACD crossover at "2026-10-05T09:30:00.0000000+05:30" skipped -- zero-line bias not confirmed (MACD 0.76, Signal -1.04, likely choppy/hugging zero).
2026-10-07 11:28:02.572 +05:30 [DBG] AlgoWorker.Services.MacdSignalEngine: MACD crossover at "2026-10-05T10:00:00.0000000+05:30" skipped -- zero-line bias not confirmed (MACD 6.63, Signal 7.38, likely choppy/hugging zero).
2026-10-07 11:28:02.577 +05:30 [DBG] AlgoWorker.Services.MacdSignalEngine: MACD crossover at "2026-10-05T11:00:00.0000000+05:30" skipped -- zero-line bias not confirmed (MACD -18.19, Signal -18.57, likely choppy/hugging zero).
2026-10-07 11:28:02.581 +05:30 [DBG] AlgoWorker.Services.MacdSignalEngine: (seeding) MACD "Bearish" confirmed at "2026-10-05T11:21:00.0000000+05:30" -- not alerting, historical replay only.
2026-10-07 11:28:02.583 +05:30 [DBG] AlgoWorker.Services.MacdSignalEngine: MACD crossover at "2026-10-05T11:27:00.0000000+05:30" skipped -- zero-line bias not confirmed (MACD -14.37, Signal -16.12, likely choppy/hugging zero).
2026-10-07 11:28:02.587 +05:30 [DBG] AlgoWorker.Services.MacdSignalEngine: (seeding) MACD "Bearish" confirmed at "2026-10-05T11:48:00.0000000+05:30" -- not alerting, historical replay only.
2026-10-07 11:28:02.591 +05:30 [DBG] AlgoWorker.Services.MacdSignalEngine: MACD crossover at "2026-10-05T12:21:00.0000000+05:30" skipped -- zero-line bias not confirmed (MACD -18.11, Signal -19.01, likely choppy/hugging zero).
2026-10-07 11:28:02.597 +05:30 [DBG] AlgoWorker.Services.MacdSignalEngine: MACD crossover at "2026-10-05T14:06:00.0000000+05:30" skipped -- zero-line bias not confirmed (MACD 19.11, Signal 19.61, likely choppy/hugging zero).
2026-10-07 11:28:02.602 +05:30 [DBG] AlgoWorker.Services.MacdSignalEngine: (seeding) MACD "Bullish" confirmed at "2026-10-06T09:15:00.0000000+05:30" -- not alerting, historical replay only.
2026-10-07 11:28:02.608 +05:30 [DBG] AlgoWorker.Services.MacdSignalEngine: MACD crossover at "2026-10-06T10:09:00.0000000+05:30" skipped -- zero-line bias not confirmed (MACD 24.54, Signal 25.36, likely choppy/hugging zero).
2026-10-07 11:28:02.621 +05:30 [DBG] AlgoWorker.Services.MacdSignalEngine: (seeding) MACD "Bullish" confirmed at "2026-10-06T12:36:00.0000000+05:30" -- not alerting, historical replay only.
2026-10-07 11:28:02.631 +05:30 [DBG] AlgoWorker.Services.MacdSignalEngine: MACD crossover at "2026-10-06T13:00:00.0000000+05:30" skipped -- zero-line bias not confirmed (MACD 8.84, Signal 8.96, likely choppy/hugging zero).
2026-10-07 11:28:02.637 +05:30 [DBG] AlgoWorker.Services.MacdSignalEngine: (seeding) MACD "Bullish" confirmed at "2026-10-06T14:00:00.0000000+05:30" -- not alerting, historical replay only.
2026-10-07 11:28:02.645 +05:30 [DBG] AlgoWorker.Services.MacdSignalEngine: MACD crossover at "2026-10-06T14:15:00.0000000+05:30" skipped -- zero-line bias not confirmed (MACD 4.77, Signal 4.83, likely choppy/hugging zero).
2026-10-07 11:28:02.648 +05:30 [DBG] AlgoWorker.Services.MacdSignalEngine: MACD crossover at "2026-10-06T14:54:00.0000000+05:30" skipped -- zero-line bias not confirmed (MACD -0.26, Signal -0.63, likely choppy/hugging zero).
2026-10-07 11:28:02.652 +05:30 [DBG] AlgoWorker.Services.MacdSignalEngine: (seeding) MACD "Bearish" confirmed at "2026-10-06T15:00:00.0000000+05:30" -- not alerting, historical replay only.
2026-10-07 11:28:02.656 +05:30 [DBG] AlgoWorker.Services.MacdSignalEngine: MACD crossover at "2026-10-06T15:06:00.0000000+05:30" skipped -- zero-line bias not confirmed (MACD -0.29, Signal -0.60, likely choppy/hugging zero).
2026-10-07 11:28:02.660 +05:30 [DBG] AlgoWorker.Services.MacdSignalEngine: MACD crossover at "2026-10-07T09:15:00.0000000+05:30" skipped -- zero-line bias not confirmed (MACD -2.09, Signal 1.58, likely choppy/hugging zero).
2026-10-07 11:28:02.664 +05:30 [DBG] AlgoWorker.Services.MacdSignalEngine: MACD crossover at "2026-10-07T09:57:00.0000000+05:30" skipped -- zero-line bias not confirmed (MACD -23.24, Signal -23.33, likely choppy/hugging zero).
2026-10-07 11:28:02.668 +05:30 [DBG] AlgoWorker.Services.MacdSignalEngine: (seeding) MACD "Bearish" confirmed at "2026-10-07T10:00:00.0000000+05:30" -- not alerting, historical replay only.
2026-10-07 11:28:02.671 +05:30 [DBG] AlgoWorker.Services.MacdSignalEngine: MACD crossover at "2026-10-07T10:03:00.0000000+05:30" skipped -- zero-line bias not confirmed (MACD -22.26, Signal -23.30, likely choppy/hugging zero).
2026-10-07 11:28:02.675 +05:30 [DBG] AlgoWorker.Services.MacdSignalEngine: MACD crossover at "2026-10-07T11:21:00.0000000+05:30" skipped -- zero-line bias not confirmed (MACD 10.04, Signal 10.47, likely choppy/hugging zero).
2026-10-07 11:28:02.680 +05:30 [INF] AlgoWorker.Services.MacdHistoricalSeederService: MACD seeding complete -- 294 3-min candles replayed (2 trading day(s) + 44 today).
2026-10-07 11:28:02.684 +05:30 [INF] AlgoWorker.Worker: Market is open -- starting live WebSocket feed.
2026-10-07 11:28:03.468 +05:30 [INF] AlgoWorker.Services.UpstoxWebSocketClient: Upstox WebSocket connected.
2026-10-07 11:28:03.472 +05:30 [INF] AlgoWorker.Worker: WebSocket connected event fired.
2026-10-07 11:28:03.484 +05:30 [INF] AlgoWorker.Services.UpstoxWebSocketClient: sub -> 1 instrument(s): NSE_INDEX|Nifty 50
2026-10-07 11:28:03.547 +05:30 [INF] AlgoWorker.Services.Decoding.ProtobufMarketDataDecoder: First WebSocket frame decoded successfully. Type="MarketInfo"
2026-10-07 11:30:00.025 +05:30 [INF] AlgoWorker.Services.BreakoutSignalEngine: Opening range captured for "2026-10-07" from first 5-min candle ("2026-10-07T05:55:00.0000000+00:00"): High=22694.75, Low=22682.15
2026-10-07 11:31:31.283 +05:30 [INF] AlgoWorker.Worker: Nifty EMA Alert Bot starting up...
2026-10-07 11:31:33.303 +05:30 [DBG] AlgoWorker.Services.MarketHoursService: Upstox exchange status: "NormalOpen" (open=true)
2026-10-07 11:31:33.313 +05:30 [WRN] AlgoWorker.Services.HistoricalSeederService: Configured SeedLookbackTradingDays (20) implies a 40-day window, which exceeds Upstox's 1-month limit for 15-min candles. Clamping to 27 days.
2026-10-07 11:31:33.314 +05:30 [INF] AlgoWorker.Services.HistoricalSeederService: Seeding historical candles from "2026-09-09" to "2026-10-06"...
2026-10-07 11:31:33.408 +05:30 [INF] AlgoWorker.Services.UpstoxRestClient: Fetched 450 historical 15-min candles for NSE_INDEX|Nifty 50 ("2026-09-09" to "2026-10-06")
2026-10-07 11:31:33.448 +05:30 [INF] AlgoWorker.Services.UpstoxRestClient: Fetched 10 intraday (today's) 15-min candles for NSE_INDEX|Nifty 50
2026-10-07 11:31:33.460 +05:30 [INF] AlgoWorker.Services.SignalEngine: New "GoldenCross" crossover detected at "2026-09-09T09:30:00.0000000+05:30", tracking for 4 candles before confirming.
2026-10-07 11:31:33.461 +05:30 [INF] AlgoWorker.Services.SignalEngine: New "DeathCross" crossover detected at "2026-09-09T09:45:00.0000000+05:30", tracking for 4 candles before confirming.
2026-10-07 11:31:33.462 +05:30 [INF] AlgoWorker.Services.SignalEngine: New "GoldenCross" crossover detected at "2026-09-09T10:15:00.0000000+05:30", tracking for 4 candles before confirming.
2026-10-07 11:31:33.463 +05:30 [DBG] AlgoWorker.Services.SignalEngine: (seeding) "GoldenCross" confirmed at "2026-09-09T11:15:00.0000000+05:30" -- not alerting, historical replay only.
2026-10-07 11:31:33.469 +05:30 [INF] AlgoWorker.Services.SignalEngine: New "DeathCross" crossover detected at "2026-09-09T15:15:00.0000000+05:30", tracking for 4 candles before confirming.
2026-10-07 11:31:33.469 +05:30 [DBG] AlgoWorker.Services.SignalEngine: (seeding) "DeathCross" confirmed at "2026-09-10T10:00:00.0000000+05:30" -- not alerting, historical replay only.
2026-10-07 11:31:33.471 +05:30 [INF] AlgoWorker.Services.SignalEngine: New "GoldenCross" crossover detected at "2026-09-17T12:15:00.0000000+05:30", tracking for 4 candles before confirming.
2026-10-07 11:31:33.471 +05:30 [DBG] AlgoWorker.Services.SignalEngine: (seeding) "GoldenCross" confirmed at "2026-09-17T13:15:00.0000000+05:30" -- not alerting, historical replay only.
2026-10-07 11:31:33.472 +05:30 [INF] AlgoWorker.Services.SignalEngine: New "DeathCross" crossover detected at "2026-09-22T13:15:00.0000000+05:30", tracking for 4 candles before confirming.
2026-10-07 11:31:33.472 +05:30 [DBG] AlgoWorker.Services.SignalEngine: (seeding) "DeathCross" confirmed at "2026-09-22T14:15:00.0000000+05:30" -- not alerting, historical replay only.
2026-10-07 11:31:33.472 +05:30 [INF] AlgoWorker.Services.SignalEngine: New "GoldenCross" crossover detected at "2026-09-23T10:45:00.0000000+05:30", tracking for 4 candles before confirming.
2026-10-07 11:31:33.472 +05:30 [DBG] AlgoWorker.Services.SignalEngine: (seeding) "GoldenCross" confirmed at "2026-09-23T11:45:00.0000000+05:30" -- not alerting, historical replay only.
2026-10-07 11:31:33.472 +05:30 [INF] AlgoWorker.Services.SignalEngine: New "DeathCross" crossover detected at "2026-09-24T09:30:00.0000000+05:30", tracking for 4 candles before confirming.
2026-10-07 11:31:33.472 +05:30 [DBG] AlgoWorker.Services.SignalEngine: (seeding) "DeathCross" confirmed at "2026-09-24T10:30:00.0000000+05:30" -- not alerting, historical replay only.
2026-10-07 11:31:33.474 +05:30 [INF] AlgoWorker.Services.SignalEngine: New "GoldenCross" crossover detected at "2026-10-06T09:45:00.0000000+05:30", tracking for 4 candles before confirming.
2026-10-07 11:31:33.474 +05:30 [DBG] AlgoWorker.Services.SignalEngine: (seeding) "GoldenCross" confirmed at "2026-10-06T10:45:00.0000000+05:30" -- not alerting, historical replay only.
2026-10-07 11:31:33.474 +05:30 [INF] AlgoWorker.Services.HistoricalSeederService: Seeding complete -- 460 candles replayed through the indicator pipeline (450 historical + 10 today).
2026-10-07 11:31:33.487 +05:30 [INF] AlgoWorker.Services.SignalEngine: Catch-up signal: "GoldenCross" originally crossed at "2026-10-06T09:45:00.0000000+05:30" (33 candles ago), still active as of "2026-10-07T11:30:00.0000000+05:30".
2026-10-07 11:31:33.972 +05:30 [INF] AlgoWorker.Services.UpstoxRestClient: Previous trading day for NSE_INDEX|Nifty 50: "2026-10-06", High=22776.1, Low=22561.6, Close=22776.1
2026-10-07 11:31:33.979 +05:30 [INF] AlgoWorker.Services.CprAnalysisService: CPR computed for "2026-10-07": Pivot=22704.6, TC=22740.35, BC=22668.85, Width%=0.314, Reading=Normal CPR -- Moderate movement expected
2026-10-07 11:31:34.254 +05:30 [INF] AlgoWorker.Services.MacdHistoricalSeederService: Seeding MACD 3-min candles: fetching "2026-09-26" to "2026-10-06", keeping the last 2 trading day(s)...
2026-10-07 11:31:34.350 +05:30 [INF] AlgoWorker.Services.UpstoxRestClient: Fetched 750 historical 3-min candles for NSE_INDEX|Nifty 50 ("2026-09-26" to "2026-10-06")
2026-10-07 11:31:34.423 +05:30 [INF] AlgoWorker.Services.UpstoxRestClient: Fetched 46 intraday (today's) 3-min candles for NSE_INDEX|Nifty 50
2026-10-07 11:31:34.431 +05:30 [DBG] AlgoWorker.Services.MacdSignalEngine: MACD crossover at "2026-10-05T09:30:00.0000000+05:30" skipped -- zero-line bias not confirmed (MACD 0.76, Signal -1.04, likely choppy/hugging zero).
2026-10-07 11:31:34.431 +05:30 [DBG] AlgoWorker.Services.MacdSignalEngine: MACD crossover at "2026-10-05T10:00:00.0000000+05:30" skipped -- zero-line bias not confirmed (MACD 6.63, Signal 7.38, likely choppy/hugging zero).
2026-10-07 11:31:34.432 +05:30 [DBG] AlgoWorker.Services.MacdSignalEngine: MACD crossover at "2026-10-05T11:00:00.0000000+05:30" skipped -- zero-line bias not confirmed (MACD -18.19, Signal -18.57, likely choppy/hugging zero).
2026-10-07 11:31:34.432 +05:30 [DBG] AlgoWorker.Services.MacdSignalEngine: (seeding) MACD "Bearish" confirmed at "2026-10-05T11:21:00.0000000+05:30" -- not alerting, historical replay only.
2026-10-07 11:31:34.432 +05:30 [DBG] AlgoWorker.Services.MacdSignalEngine: MACD crossover at "2026-10-05T11:27:00.0000000+05:30" skipped -- zero-line bias not confirmed (MACD -14.37, Signal -16.12, likely choppy/hugging zero).
2026-10-07 11:31:34.432 +05:30 [DBG] AlgoWorker.Services.MacdSignalEngine: (seeding) MACD "Bearish" confirmed at "2026-10-05T11:48:00.0000000+05:30" -- not alerting, historical replay only.
2026-10-07 11:31:34.432 +05:30 [DBG] AlgoWorker.Services.MacdSignalEngine: MACD crossover at "2026-10-05T12:21:00.0000000+05:30" skipped -- zero-line bias not confirmed (MACD -18.11, Signal -19.01, likely choppy/hugging zero).
2026-10-07 11:31:34.433 +05:30 [DBG] AlgoWorker.Services.MacdSignalEngine: MACD crossover at "2026-10-05T14:06:00.0000000+05:30" skipped -- zero-line bias not confirmed (MACD 19.11, Signal 19.61, likely choppy/hugging zero).
2026-10-07 11:31:34.433 +05:30 [DBG] AlgoWorker.Services.MacdSignalEngine: (seeding) MACD "Bullish" confirmed at "2026-10-06T09:15:00.0000000+05:30" -- not alerting, historical replay only.
2026-10-07 11:31:34.433 +05:30 [DBG] AlgoWorker.Services.MacdSignalEngine: MACD crossover at "2026-10-06T10:09:00.0000000+05:30" skipped -- zero-line bias not confirmed (MACD 24.54, Signal 25.36, likely choppy/hugging zero).
2026-10-07 11:31:34.434 +05:30 [DBG] AlgoWorker.Services.MacdSignalEngine: (seeding) MACD "Bullish" confirmed at "2026-10-06T12:36:00.0000000+05:30" -- not alerting, historical replay only.
2026-10-07 11:31:34.434 +05:30 [DBG] AlgoWorker.Services.MacdSignalEngine: MACD crossover at "2026-10-06T13:00:00.0000000+05:30" skipped -- zero-line bias not confirmed (MACD 8.84, Signal 8.96, likely choppy/hugging zero).
2026-10-07 11:31:34.434 +05:30 [DBG] AlgoWorker.Services.MacdSignalEngine: (seeding) MACD "Bullish" confirmed at "2026-10-06T14:00:00.0000000+05:30" -- not alerting, historical replay only.
2026-10-07 11:31:34.434 +05:30 [DBG] AlgoWorker.Services.MacdSignalEngine: MACD crossover at "2026-10-06T14:15:00.0000000+05:30" skipped -- zero-line bias not confirmed (MACD 4.77, Signal 4.83, likely choppy/hugging zero).
2026-10-07 11:31:34.435 +05:30 [DBG] AlgoWorker.Services.MacdSignalEngine: MACD crossover at "2026-10-06T14:54:00.0000000+05:30" skipped -- zero-line bias not confirmed (MACD -0.26, Signal -0.63, likely choppy/hugging zero).
2026-10-07 11:31:34.435 +05:30 [DBG] AlgoWorker.Services.MacdSignalEngine: (seeding) MACD "Bearish" confirmed at "2026-10-06T15:00:00.0000000+05:30" -- not alerting, historical replay only.
2026-10-07 11:31:34.435 +05:30 [DBG] AlgoWorker.Services.MacdSignalEngine: MACD crossover at "2026-10-06T15:06:00.0000000+05:30" skipped -- zero-line bias not confirmed (MACD -0.29, Signal -0.60, likely choppy/hugging zero).
2026-10-07 11:31:34.435 +05:30 [DBG] AlgoWorker.Services.MacdSignalEngine: MACD crossover at "2026-10-07T09:15:00.0000000+05:30" skipped -- zero-line bias not confirmed (MACD -2.09, Signal 1.58, likely choppy/hugging zero).
2026-10-07 11:31:34.435 +05:30 [DBG] AlgoWorker.Services.MacdSignalEngine: MACD crossover at "2026-10-07T09:57:00.0000000+05:30" skipped -- zero-line bias not confirmed (MACD -23.24, Signal -23.33, likely choppy/hugging zero).
2026-10-07 11:31:34.435 +05:30 [DBG] AlgoWorker.Services.MacdSignalEngine: (seeding) MACD "Bearish" confirmed at "2026-10-07T10:00:00.0000000+05:30" -- not alerting, historical replay only.
2026-10-07 11:31:34.435 +05:30 [DBG] AlgoWorker.Services.MacdSignalEngine: MACD crossover at "2026-10-07T10:03:00.0000000+05:30" skipped -- zero-line bias not confirmed (MACD -22.26, Signal -23.30, likely choppy/hugging zero).
2026-10-07 11:31:34.436 +05:30 [DBG] AlgoWorker.Services.MacdSignalEngine: MACD crossover at "2026-10-07T11:21:00.0000000+05:30" skipped -- zero-line bias not confirmed (MACD 10.04, Signal 10.47, likely choppy/hugging zero).
2026-10-07 11:31:34.436 +05:30 [INF] AlgoWorker.Services.MacdHistoricalSeederService: MACD seeding complete -- 296 3-min candles replayed (2 trading day(s) + 46 today).
2026-10-07 11:31:34.436 +05:30 [INF] AlgoWorker.Worker: Market is open -- starting live WebSocket feed.
2026-10-07 11:31:35.048 +05:30 [INF] AlgoWorker.Services.UpstoxWebSocketClient: Upstox WebSocket connected.
2026-10-07 11:31:35.048 +05:30 [INF] AlgoWorker.Worker: WebSocket connected event fired.
2026-10-07 11:31:35.061 +05:30 [INF] AlgoWorker.Services.UpstoxWebSocketClient: sub -> 1 instrument(s): NSE_INDEX|Nifty 50
2026-10-07 11:31:35.168 +05:30 [INF] AlgoWorker.Services.Decoding.ProtobufMarketDataDecoder: First WebSocket frame decoded successfully. Type="MarketInfo"
2026-10-07 11:32:32.566 +05:30 [INF] AlgoWorker.Worker: Nifty EMA Alert Bot starting up...
2026-10-07 11:32:34.354 +05:30 [DBG] AlgoWorker.Services.MarketHoursService: Upstox exchange status: "NormalOpen" (open=true)
2026-10-07 11:32:34.362 +05:30 [WRN] AlgoWorker.Services.HistoricalSeederService: Configured SeedLookbackTradingDays (20) implies a 40-day window, which exceeds Upstox's 1-month limit for 15-min candles. Clamping to 27 days.
2026-10-07 11:32:34.362 +05:30 [INF] AlgoWorker.Services.HistoricalSeederService: Seeding historical candles from "2026-09-09" to "2026-10-06"...
2026-10-07 11:32:34.462 +05:30 [INF] AlgoWorker.Services.UpstoxRestClient: Fetched 450 historical 15-min candles for NSE_INDEX|Nifty 50 ("2026-09-09" to "2026-10-06")
2026-10-07 11:32:34.511 +05:30 [INF] AlgoWorker.Services.UpstoxRestClient: Fetched 10 intraday (today's) 15-min candles for NSE_INDEX|Nifty 50
2026-10-07 11:32:34.525 +05:30 [INF] AlgoWorker.Services.SignalEngine: New "GoldenCross" crossover detected at "2026-09-09T09:30:00.0000000+05:30", tracking for 4 candles before confirming.
2026-10-07 11:32:34.527 +05:30 [INF] AlgoWorker.Services.SignalEngine: New "DeathCross" crossover detected at "2026-09-09T09:45:00.0000000+05:30", tracking for 4 candles before confirming.
2026-10-07 11:32:34.527 +05:30 [INF] AlgoWorker.Services.SignalEngine: New "GoldenCross" crossover detected at "2026-09-09T10:15:00.0000000+05:30", tracking for 4 candles before confirming.
2026-10-07 11:32:34.529 +05:30 [DBG] AlgoWorker.Services.SignalEngine: (seeding) "GoldenCross" confirmed at "2026-09-09T11:15:00.0000000+05:30" -- not alerting, historical replay only.
2026-10-07 11:32:34.537 +05:30 [INF] AlgoWorker.Services.SignalEngine: New "DeathCross" crossover detected at "2026-09-09T15:15:00.0000000+05:30", tracking for 4 candles before confirming.
2026-10-07 11:32:34.537 +05:30 [DBG] AlgoWorker.Services.SignalEngine: (seeding) "DeathCross" confirmed at "2026-09-10T10:00:00.0000000+05:30" -- not alerting, historical replay only.
2026-10-07 11:32:34.538 +05:30 [INF] AlgoWorker.Services.SignalEngine: New "GoldenCross" crossover detected at "2026-09-17T12:15:00.0000000+05:30", tracking for 4 candles before confirming.
2026-10-07 11:32:34.538 +05:30 [DBG] AlgoWorker.Services.SignalEngine: (seeding) "GoldenCross" confirmed at "2026-09-17T13:15:00.0000000+05:30" -- not alerting, historical replay only.
2026-10-07 11:32:34.539 +05:30 [INF] AlgoWorker.Services.SignalEngine: New "DeathCross" crossover detected at "2026-09-22T13:15:00.0000000+05:30", tracking for 4 candles before confirming.
2026-10-07 11:32:34.539 +05:30 [DBG] AlgoWorker.Services.SignalEngine: (seeding) "DeathCross" confirmed at "2026-09-22T14:15:00.0000000+05:30" -- not alerting, historical replay only.
2026-10-07 11:32:34.539 +05:30 [INF] AlgoWorker.Services.SignalEngine: New "GoldenCross" crossover detected at "2026-09-23T10:45:00.0000000+05:30", tracking for 4 candles before confirming.
2026-10-07 11:32:34.539 +05:30 [DBG] AlgoWorker.Services.SignalEngine: (seeding) "GoldenCross" confirmed at "2026-09-23T11:45:00.0000000+05:30" -- not alerting, historical replay only.
2026-10-07 11:32:34.540 +05:30 [INF] AlgoWorker.Services.SignalEngine: New "DeathCross" crossover detected at "2026-09-24T09:30:00.0000000+05:30", tracking for 4 candles before confirming.
2026-10-07 11:32:34.540 +05:30 [DBG] AlgoWorker.Services.SignalEngine: (seeding) "DeathCross" confirmed at "2026-09-24T10:30:00.0000000+05:30" -- not alerting, historical replay only.
2026-10-07 11:32:34.541 +05:30 [INF] AlgoWorker.Services.SignalEngine: New "GoldenCross" crossover detected at "2026-10-06T09:45:00.0000000+05:30", tracking for 4 candles before confirming.
2026-10-07 11:32:34.541 +05:30 [DBG] AlgoWorker.Services.SignalEngine: (seeding) "GoldenCross" confirmed at "2026-10-06T10:45:00.0000000+05:30" -- not alerting, historical replay only.
2026-10-07 11:32:34.542 +05:30 [INF] AlgoWorker.Services.HistoricalSeederService: Seeding complete -- 460 candles replayed through the indicator pipeline (450 historical + 10 today).
2026-10-07 11:32:34.552 +05:30 [INF] AlgoWorker.Services.SignalEngine: Catch-up signal: "GoldenCross" originally crossed at "2026-10-06T09:45:00.0000000+05:30" (33 candles ago), still active as of "2026-10-07T11:30:00.0000000+05:30".
2026-10-07 11:32:35.073 +05:30 [INF] AlgoWorker.Services.UpstoxRestClient: Previous trading day for NSE_INDEX|Nifty 50: "2026-10-06", High=22776.1, Low=22561.6, Close=22776.1
2026-10-07 11:32:35.077 +05:30 [INF] AlgoWorker.Services.CprAnalysisService: CPR computed for "2026-10-07": Pivot=22704.6, TC=22740.35, BC=22668.85, Width%=0.314, Reading=Normal CPR -- Moderate movement expected
2026-10-07 11:32:35.332 +05:30 [INF] AlgoWorker.Services.MacdHistoricalSeederService: Seeding MACD 3-min candles: fetching "2026-09-26" to "2026-10-06", keeping the last 2 trading day(s)...
2026-10-07 11:32:35.396 +05:30 [INF] AlgoWorker.Services.UpstoxRestClient: Fetched 750 historical 3-min candles for NSE_INDEX|Nifty 50 ("2026-09-26" to "2026-10-06")
2026-10-07 11:32:35.454 +05:30 [INF] AlgoWorker.Services.UpstoxRestClient: Fetched 46 intraday (today's) 3-min candles for NSE_INDEX|Nifty 50
2026-10-07 11:32:35.461 +05:30 [DBG] AlgoWorker.Services.MacdSignalEngine: MACD crossover at "2026-10-05T09:30:00.0000000+05:30" skipped -- zero-line bias not confirmed (MACD 0.76, Signal -1.04, likely choppy/hugging zero).
2026-10-07 11:32:35.461 +05:30 [DBG] AlgoWorker.Services.MacdSignalEngine: MACD crossover at "2026-10-05T10:00:00.0000000+05:30" skipped -- zero-line bias not confirmed (MACD 6.63, Signal 7.38, likely choppy/hugging zero).
2026-10-07 11:32:35.461 +05:30 [DBG] AlgoWorker.Services.MacdSignalEngine: MACD crossover at "2026-10-05T11:00:00.0000000+05:30" skipped -- zero-line bias not confirmed (MACD -18.19, Signal -18.57, likely choppy/hugging zero).
2026-10-07 11:32:35.462 +05:30 [DBG] AlgoWorker.Services.MacdSignalEngine: (seeding) MACD "Bearish" confirmed at "2026-10-05T11:21:00.0000000+05:30" -- not alerting, historical replay only.
2026-10-07 11:32:35.462 +05:30 [DBG] AlgoWorker.Services.MacdSignalEngine: MACD crossover at "2026-10-05T11:27:00.0000000+05:30" skipped -- zero-line bias not confirmed (MACD -14.37, Signal -16.12, likely choppy/hugging zero).
2026-10-07 11:32:35.462 +05:30 [DBG] AlgoWorker.Services.MacdSignalEngine: (seeding) MACD "Bearish" confirmed at "2026-10-05T11:48:00.0000000+05:30" -- not alerting, historical replay only.
2026-10-07 11:32:35.462 +05:30 [DBG] AlgoWorker.Services.MacdSignalEngine: MACD crossover at "2026-10-05T12:21:00.0000000+05:30" skipped -- zero-line bias not confirmed (MACD -18.11, Signal -19.01, likely choppy/hugging zero).
2026-10-07 11:32:35.462 +05:30 [DBG] AlgoWorker.Services.MacdSignalEngine: MACD crossover at "2026-10-05T14:06:00.0000000+05:30" skipped -- zero-line bias not confirmed (MACD 19.11, Signal 19.61, likely choppy/hugging zero).
2026-10-07 11:32:35.463 +05:30 [DBG] AlgoWorker.Services.MacdSignalEngine: (seeding) MACD "Bullish" confirmed at "2026-10-06T09:15:00.0000000+05:30" -- not alerting, historical replay only.
2026-10-07 11:32:35.463 +05:30 [DBG] AlgoWorker.Services.MacdSignalEngine: MACD crossover at "2026-10-06T10:09:00.0000000+05:30" skipped -- zero-line bias not confirmed (MACD 24.54, Signal 25.36, likely choppy/hugging zero).
2026-10-07 11:32:35.463 +05:30 [DBG] AlgoWorker.Services.MacdSignalEngine: (seeding) MACD "Bullish" confirmed at "2026-10-06T12:36:00.0000000+05:30" -- not alerting, historical replay only.
2026-10-07 11:32:35.463 +05:30 [DBG] AlgoWorker.Services.MacdSignalEngine: MACD crossover at "2026-10-06T13:00:00.0000000+05:30" skipped -- zero-line bias not confirmed (MACD 8.84, Signal 8.96, likely choppy/hugging zero).
2026-10-07 11:32:35.464 +05:30 [DBG] AlgoWorker.Services.MacdSignalEngine: (seeding) MACD "Bullish" confirmed at "2026-10-06T14:00:00.0000000+05:30" -- not alerting, historical replay only.
2026-10-07 11:32:35.464 +05:30 [DBG] AlgoWorker.Services.MacdSignalEngine: MACD crossover at "2026-10-06T14:15:00.0000000+05:30" skipped -- zero-line bias not confirmed (MACD 4.77, Signal 4.83, likely choppy/hugging zero).
2026-10-07 11:32:35.464 +05:30 [DBG] AlgoWorker.Services.MacdSignalEngine: MACD crossover at "2026-10-06T14:54:00.0000000+05:30" skipped -- zero-line bias not confirmed (MACD -0.26, Signal -0.63, likely choppy/hugging zero).
2026-10-07 11:32:35.464 +05:30 [DBG] AlgoWorker.Services.MacdSignalEngine: (seeding) MACD "Bearish" confirmed at "2026-10-06T15:00:00.0000000+05:30" -- not alerting, historical replay only.
2026-10-07 11:32:35.464 +05:30 [DBG] AlgoWorker.Services.MacdSignalEngine: MACD crossover at "2026-10-06T15:06:00.0000000+05:30" skipped -- zero-line bias not confirmed (MACD -0.29, Signal -0.60, likely choppy/hugging zero).
2026-10-07 11:32:35.464 +05:30 [DBG] AlgoWorker.Services.MacdSignalEngine: MACD crossover at "2026-10-07T09:15:00.0000000+05:30" skipped -- zero-line bias not confirmed (MACD -2.09, Signal 1.58, likely choppy/hugging zero).
2026-10-07 11:32:35.465 +05:30 [DBG] AlgoWorker.Services.MacdSignalEngine: MACD crossover at "2026-10-07T09:57:00.0000000+05:30" skipped -- zero-line bias not confirmed (MACD -23.24, Signal -23.33, likely choppy/hugging zero).
2026-10-07 11:32:35.465 +05:30 [DBG] AlgoWorker.Services.MacdSignalEngine: (seeding) MACD "Bearish" confirmed at "2026-10-07T10:00:00.0000000+05:30" -- not alerting, historical replay only.
2026-10-07 11:32:35.465 +05:30 [DBG] AlgoWorker.Services.MacdSignalEngine: MACD crossover at "2026-10-07T10:03:00.0000000+05:30" skipped -- zero-line bias not confirmed (MACD -22.26, Signal -23.30, likely choppy/hugging zero).
2026-10-07 11:32:35.465 +05:30 [DBG] AlgoWorker.Services.MacdSignalEngine: MACD crossover at "2026-10-07T11:21:00.0000000+05:30" skipped -- zero-line bias not confirmed (MACD 10.04, Signal 10.47, likely choppy/hugging zero).
2026-10-07 11:32:35.465 +05:30 [INF] AlgoWorker.Services.MacdHistoricalSeederService: MACD seeding complete -- 296 3-min candles replayed (2 trading day(s) + 46 today).
2026-10-07 11:32:35.465 +05:30 [INF] AlgoWorker.Worker: Market is open -- starting live WebSocket feed.
2026-10-07 11:32:36.124 +05:30 [INF] AlgoWorker.Services.UpstoxWebSocketClient: Upstox WebSocket connected.
2026-10-07 11:32:36.125 +05:30 [INF] AlgoWorker.Worker: WebSocket connected event fired.
2026-10-07 11:32:36.139 +05:30 [INF] AlgoWorker.Services.UpstoxWebSocketClient: sub -> 1 instrument(s): NSE_INDEX|Nifty 50
2026-10-07 11:32:36.180 +05:30 [INF] AlgoWorker.Services.Decoding.ProtobufMarketDataDecoder: First WebSocket frame decoded successfully. Type="MarketInfo"
2026-10-07 11:34:38.262 +05:30 [INF] AlgoWorker.Worker: Nifty EMA Alert Bot starting up...
2026-10-07 11:34:41.090 +05:30 [DBG] AlgoWorker.Services.MarketHoursService: Upstox exchange status: "NormalOpen" (open=true)
2026-10-07 11:34:41.099 +05:30 [WRN] AlgoWorker.Services.HistoricalSeederService: Configured SeedLookbackTradingDays (20) implies a 40-day window, which exceeds Upstox's 1-month limit for 15-min candles. Clamping to 27 days.
2026-10-07 11:34:41.099 +05:30 [INF] AlgoWorker.Services.HistoricalSeederService: Seeding historical candles from "2026-09-09" to "2026-10-06"...
2026-10-07 11:34:41.196 +05:30 [INF] AlgoWorker.Services.UpstoxRestClient: Fetched 450 historical 15-min candles for NSE_INDEX|Nifty 50 ("2026-09-09" to "2026-10-06")
2026-10-07 11:34:41.233 +05:30 [INF] AlgoWorker.Services.UpstoxRestClient: Fetched 10 intraday (today's) 15-min candles for NSE_INDEX|Nifty 50
2026-10-07 11:34:41.244 +05:30 [INF] AlgoWorker.Services.SignalEngine: New "GoldenCross" crossover detected at "2026-09-09T09:30:00.0000000+05:30", tracking for 4 candles before confirming.
2026-10-07 11:34:41.246 +05:30 [INF] AlgoWorker.Services.SignalEngine: New "DeathCross" crossover detected at "2026-09-09T09:45:00.0000000+05:30", tracking for 4 candles before confirming.
2026-10-07 11:34:41.246 +05:30 [INF] AlgoWorker.Services.SignalEngine: New "GoldenCross" crossover detected at "2026-09-09T10:15:00.0000000+05:30", tracking for 4 candles before confirming.
2026-10-07 11:34:41.248 +05:30 [DBG] AlgoWorker.Services.SignalEngine: (seeding) "GoldenCross" confirmed at "2026-09-09T11:15:00.0000000+05:30" -- not alerting, historical replay only.
2026-10-07 11:34:41.256 +05:30 [INF] AlgoWorker.Services.SignalEngine: New "DeathCross" crossover detected at "2026-09-09T15:15:00.0000000+05:30", tracking for 4 candles before confirming.
2026-10-07 11:34:41.256 +05:30 [DBG] AlgoWorker.Services.SignalEngine: (seeding) "DeathCross" confirmed at "2026-09-10T10:00:00.0000000+05:30" -- not alerting, historical replay only.
2026-10-07 11:34:41.257 +05:30 [INF] AlgoWorker.Services.SignalEngine: New "GoldenCross" crossover detected at "2026-09-17T12:15:00.0000000+05:30", tracking for 4 candles before confirming.
2026-10-07 11:34:41.257 +05:30 [DBG] AlgoWorker.Services.SignalEngine: (seeding) "GoldenCross" confirmed at "2026-09-17T13:15:00.0000000+05:30" -- not alerting, historical replay only.
2026-10-07 11:34:41.258 +05:30 [INF] AlgoWorker.Services.SignalEngine: New "DeathCross" crossover detected at "2026-09-22T13:15:00.0000000+05:30", tracking for 4 candles before confirming.
2026-10-07 11:34:41.258 +05:30 [DBG] AlgoWorker.Services.SignalEngine: (seeding) "DeathCross" confirmed at "2026-09-22T14:15:00.0000000+05:30" -- not alerting, historical replay only.
2026-10-07 11:34:41.258 +05:30 [INF] AlgoWorker.Services.SignalEngine: New "GoldenCross" crossover detected at "2026-09-23T10:45:00.0000000+05:30", tracking for 4 candles before confirming.
2026-10-07 11:34:41.258 +05:30 [DBG] AlgoWorker.Services.SignalEngine: (seeding) "GoldenCross" confirmed at "2026-09-23T11:45:00.0000000+05:30" -- not alerting, historical replay only.
2026-10-07 11:34:41.259 +05:30 [INF] AlgoWorker.Services.SignalEngine: New "DeathCross" crossover detected at "2026-09-24T09:30:00.0000000+05:30", tracking for 4 candles before confirming.
2026-10-07 11:34:41.259 +05:30 [DBG] AlgoWorker.Services.SignalEngine: (seeding) "DeathCross" confirmed at "2026-09-24T10:30:00.0000000+05:30" -- not alerting, historical replay only.
2026-10-07 11:34:41.267 +05:30 [INF] AlgoWorker.Services.SignalEngine: New "GoldenCross" crossover detected at "2026-10-06T09:45:00.0000000+05:30", tracking for 4 candles before confirming.
2026-10-07 11:34:41.267 +05:30 [DBG] AlgoWorker.Services.SignalEngine: (seeding) "GoldenCross" confirmed at "2026-10-06T10:45:00.0000000+05:30" -- not alerting, historical replay only.
2026-10-07 11:34:41.268 +05:30 [INF] AlgoWorker.Services.HistoricalSeederService: Seeding complete -- 460 candles replayed through the indicator pipeline (450 historical + 10 today).
2026-10-07 11:34:41.269 +05:30 [INF] AlgoWorker.Services.SignalEngine: Catch-up signal: "GoldenCross" originally crossed at "2026-10-06T09:45:00.0000000+05:30" (33 candles ago), still active as of "2026-10-07T11:30:00.0000000+05:30".
2026-10-07 11:34:41.754 +05:30 [INF] AlgoWorker.Services.UpstoxRestClient: Previous trading day for NSE_INDEX|Nifty 50: "2026-10-06", High=22776.1, Low=22561.6, Close=22776.1
2026-10-07 11:34:41.760 +05:30 [INF] AlgoWorker.Services.CprAnalysisService: CPR computed for "2026-10-07": Pivot=22704.6, TC=22740.35, BC=22668.85, Width%=0.314, Reading=Normal CPR -- Moderate movement expected
2026-10-07 11:34:42.031 +05:30 [INF] AlgoWorker.Services.MacdHistoricalSeederService: Seeding MACD 3-min candles: fetching "2026-09-26" to "2026-10-06", keeping the last 2 trading day(s)...
2026-10-07 11:34:42.091 +05:30 [INF] AlgoWorker.Services.UpstoxRestClient: Fetched 750 historical 3-min candles for NSE_INDEX|Nifty 50 ("2026-09-26" to "2026-10-06")
2026-10-07 11:34:42.156 +05:30 [INF] AlgoWorker.Services.UpstoxRestClient: Fetched 47 intraday (today's) 3-min candles for NSE_INDEX|Nifty 50
2026-10-07 11:34:42.162 +05:30 [DBG] AlgoWorker.Services.MacdSignalEngine: MACD crossover at "2026-10-05T09:30:00.0000000+05:30" skipped -- zero-line bias not confirmed (MACD 0.76, Signal -1.04, likely choppy/hugging zero).
2026-10-07 11:34:42.162 +05:30 [DBG] AlgoWorker.Services.MacdSignalEngine: MACD crossover at "2026-10-05T10:00:00.0000000+05:30" skipped -- zero-line bias not confirmed (MACD 6.63, Signal 7.38, likely choppy/hugging zero).
2026-10-07 11:34:42.163 +05:30 [DBG] AlgoWorker.Services.MacdSignalEngine: MACD crossover at "2026-10-05T11:00:00.0000000+05:30" skipped -- zero-line bias not confirmed (MACD -18.19, Signal -18.57, likely choppy/hugging zero).
2026-10-07 11:34:42.163 +05:30 [DBG] AlgoWorker.Services.MacdSignalEngine: (seeding) MACD "Bearish" confirmed at "2026-10-05T11:21:00.0000000+05:30" -- not alerting, historical replay only.
2026-10-07 11:34:42.163 +05:30 [DBG] AlgoWorker.Services.MacdSignalEngine: MACD crossover at "2026-10-05T11:27:00.0000000+05:30" skipped -- zero-line bias not confirmed (MACD -14.37, Signal -16.12, likely choppy/hugging zero).
2026-10-07 11:34:42.163 +05:30 [DBG] AlgoWorker.Services.MacdSignalEngine: (seeding) MACD "Bearish" confirmed at "2026-10-05T11:48:00.0000000+05:30" -- not alerting, historical replay only.
2026-10-07 11:34:42.163 +05:30 [DBG] AlgoWorker.Services.MacdSignalEngine: MACD crossover at "2026-10-05T12:21:00.0000000+05:30" skipped -- zero-line bias not confirmed (MACD -18.11, Signal -19.01, likely choppy/hugging zero).
2026-10-07 11:34:42.163 +05:30 [DBG] AlgoWorker.Services.MacdSignalEngine: MACD crossover at "2026-10-05T14:06:00.0000000+05:30" skipped -- zero-line bias not confirmed (MACD 19.11, Signal 19.61, likely choppy/hugging zero).
2026-10-07 11:34:42.163 +05:30 [DBG] AlgoWorker.Services.MacdSignalEngine: (seeding) MACD "Bullish" confirmed at "2026-10-06T09:15:00.0000000+05:30" -- not alerting, historical replay only.
2026-10-07 11:34:42.164 +05:30 [DBG] AlgoWorker.Services.MacdSignalEngine: MACD crossover at "2026-10-06T10:09:00.0000000+05:30" skipped -- zero-line bias not confirmed (MACD 24.54, Signal 25.36, likely choppy/hugging zero).
2026-10-07 11:34:42.164 +05:30 [DBG] AlgoWorker.Services.MacdSignalEngine: (seeding) MACD "Bullish" confirmed at "2026-10-06T12:36:00.0000000+05:30" -- not alerting, historical replay only.
2026-10-07 11:34:42.164 +05:30 [DBG] AlgoWorker.Services.MacdSignalEngine: MACD crossover at "2026-10-06T13:00:00.0000000+05:30" skipped -- zero-line bias not confirmed (MACD 8.84, Signal 8.96, likely choppy/hugging zero).
2026-10-07 11:34:42.164 +05:30 [DBG] AlgoWorker.Services.MacdSignalEngine: (seeding) MACD "Bullish" confirmed at "2026-10-06T14:00:00.0000000+05:30" -- not alerting, historical replay only.
2026-10-07 11:34:42.164 +05:30 [DBG] AlgoWorker.Services.MacdSignalEngine: MACD crossover at "2026-10-06T14:15:00.0000000+05:30" skipped -- zero-line bias not confirmed (MACD 4.77, Signal 4.83, likely choppy/hugging zero).
2026-10-07 11:34:42.164 +05:30 [DBG] AlgoWorker.Services.MacdSignalEngine: MACD crossover at "2026-10-06T14:54:00.0000000+05:30" skipped -- zero-line bias not confirmed (MACD -0.26, Signal -0.63, likely choppy/hugging zero).
2026-10-07 11:34:42.164 +05:30 [DBG] AlgoWorker.Services.MacdSignalEngine: (seeding) MACD "Bearish" confirmed at "2026-10-06T15:00:00.0000000+05:30" -- not alerting, historical replay only.
2026-10-07 11:34:42.164 +05:30 [DBG] AlgoWorker.Services.MacdSignalEngine: MACD crossover at "2026-10-06T15:06:00.0000000+05:30" skipped -- zero-line bias not confirmed (MACD -0.29, Signal -0.60, likely choppy/hugging zero).
2026-10-07 11:34:42.164 +05:30 [DBG] AlgoWorker.Services.MacdSignalEngine: MACD crossover at "2026-10-07T09:15:00.0000000+05:30" skipped -- zero-line bias not confirmed (MACD -2.09, Signal 1.58, likely choppy/hugging zero).
2026-10-07 11:34:42.164 +05:30 [DBG] AlgoWorker.Services.MacdSignalEngine: MACD crossover at "2026-10-07T09:57:00.0000000+05:30" skipped -- zero-line bias not confirmed (MACD -23.24, Signal -23.33, likely choppy/hugging zero).
2026-10-07 11:34:42.165 +05:30 [DBG] AlgoWorker.Services.MacdSignalEngine: (seeding) MACD "Bearish" confirmed at "2026-10-07T10:00:00.0000000+05:30" -- not alerting, historical replay only.
2026-10-07 11:34:42.165 +05:30 [DBG] AlgoWorker.Services.MacdSignalEngine: MACD crossover at "2026-10-07T10:03:00.0000000+05:30" skipped -- zero-line bias not confirmed (MACD -22.26, Signal -23.30, likely choppy/hugging zero).
2026-10-07 11:34:42.165 +05:30 [DBG] AlgoWorker.Services.MacdSignalEngine: MACD crossover at "2026-10-07T11:21:00.0000000+05:30" skipped -- zero-line bias not confirmed (MACD 10.04, Signal 10.47, likely choppy/hugging zero).
2026-10-07 11:34:42.165 +05:30 [INF] AlgoWorker.Services.MacdHistoricalSeederService: MACD seeding complete -- 297 3-min candles replayed (2 trading day(s) + 47 today).
2026-10-07 11:34:42.165 +05:30 [INF] AlgoWorker.Worker: Market is open -- starting live WebSocket feed.
2026-10-07 11:34:42.939 +05:30 [INF] AlgoWorker.Services.UpstoxWebSocketClient: Upstox WebSocket connected.
2026-10-07 11:34:42.939 +05:30 [INF] AlgoWorker.Worker: WebSocket connected event fired.
2026-10-07 11:34:42.946 +05:30 [INF] AlgoWorker.Services.UpstoxWebSocketClient: sub -> 1 instrument(s): NSE_INDEX|Nifty 50
2026-10-07 11:34:42.988 +05:30 [INF] AlgoWorker.Services.Decoding.ProtobufMarketDataDecoder: First WebSocket frame decoded successfully. Type="MarketInfo"
2026-10-07 11:35:00.020 +05:30 [INF] AlgoWorker.Services.BreakoutSignalEngine: Opening range captured for "2026-10-07" from first 5-min candle ("2026-10-07T06:00:00.0000000+00:00"): High=22671.6, Low=22669.8
2026-10-07 11:40:00.015 +05:30 [INF] AlgoWorker.Services.BreakoutSignalEngine: Opening-range BREAKOUT UP confirmed at "2026-10-07T06:05:00.0000000+00:00": close 22690.35 vs level 22671.6
2026-10-07 11:40:00.026 +05:30 [INF] AlgoWorker.Services.OptionInstrumentResolver: Resolving CURRENT-WEEK ATM "Call" option for breakout: strike 22700, expiry "2026-10-13".
2026-10-07 11:40:01.413 +05:30 [INF] AlgoWorker.Services.UpstoxWebSocketClient: sub -> 1 instrument(s): NSE_FO|44620
2026-10-07 11:40:02.275 +05:30 [INF] AlgoWorker.Services.BreakoutPositionTracker: Virtual breakout "Up" position opened: NIFTY 22700 CE 13 OCT 26 @ 145.6
2026-10-07 11:43:46.922 +05:30 [INF] AlgoWorker.Services.UpstoxWebSocketClient: unsub -> 1 instrument(s): NSE_FO|44620
2026-10-07 11:43:46.991 +05:30 [INF] AlgoWorker.Services.BreakoutPositionTracker: Virtual breakout position closed. Reason: Stop-loss hit at ₹135.60 (peak ₹148.35). P&L: -656.50 (-6.9%)
2026-10-07 12:05:59.991 +05:30 [INF] AlgoWorker.Services.MacdSignalEngine: MACD "Bullish" crossover confirmed at "2026-10-07T06:33:00.0000000+00:00": MACD 6.29, Signal 4.94
2026-10-07 12:05:59.996 +05:30 [INF] AlgoWorker.Services.OptionInstrumentResolver: Resolving CURRENT-WEEK ATM "Call" option for breakout: strike 22700, expiry "2026-10-13".
2026-10-07 12:06:00.298 +05:30 [INF] AlgoWorker.Services.UpstoxWebSocketClient: sub -> 1 instrument(s): NSE_FO|44620
2026-10-07 12:06:01.183 +05:30 [INF] AlgoWorker.Services.MacdPositionTracker: Virtual MACD "Bullish" position opened: NIFTY 22700 CE 13 OCT 26 @ 159.5
2026-10-07 12:08:24.874 +05:30 [INF] AlgoWorker.Services.UpstoxWebSocketClient: unsub -> 1 instrument(s): NSE_FO|44620
2026-10-07 12:08:24.884 +05:30 [INF] AlgoWorker.Services.MacdPositionTracker: Virtual MACD position closed. Reason: Stop-loss hit at ₹149.50 (peak ₹161.40). P&L: -656.50 (-6.3%)
2026-10-07 12:14:59.984 +05:30 [DBG] AlgoWorker.Services.MacdSignalEngine: MACD crossover at "2026-10-07T06:42:00.0000000+00:00" skipped -- zero-line bias not confirmed (MACD 3.80, Signal 4.98, likely choppy/hugging zero).
2026-10-07 12:25:00.020 +05:30 [INF] AlgoWorker.Services.BreakoutSignalEngine: Opening-range BREAKOUT DOWN confirmed at "2026-10-07T06:50:00.0000000+00:00": close 22664.75 vs level 22669.8
2026-10-07 12:25:00.021 +05:30 [INF] AlgoWorker.Services.OptionInstrumentResolver: Resolving CURRENT-WEEK ATM "Put" option for breakout: strike 22650, expiry "2026-10-13".
2026-10-07 12:25:01.089 +05:30 [INF] AlgoWorker.Services.UpstoxWebSocketClient: sub -> 1 instrument(s): NSE_FO|44619
2026-10-07 12:25:02.158 +05:30 [INF] AlgoWorker.Services.BreakoutPositionTracker: Virtual breakout "Down" position opened: NIFTY 22650 PE 13 OCT 26 @ 137.0
2026-10-07 12:42:06.618 +05:30 [INF] AlgoWorker.Services.UpstoxWebSocketClient: unsub -> 1 instrument(s): NSE_FO|44619
2026-10-07 12:42:06.644 +05:30 [INF] AlgoWorker.Services.BreakoutPositionTracker: Virtual breakout position closed. Reason: Stop-loss hit at ₹132.00 (peak ₹150.45). P&L: -341.25 (-3.8%)
2026-10-07 13:35:59.985 +05:30 [DBG] AlgoWorker.Services.MacdSignalEngine: MACD crossover at "2026-10-07T08:03:00.0000000+00:00" skipped -- zero-line bias not confirmed (MACD -20.41, Signal -21.40, likely choppy/hugging zero).
2026-10-07 14:11:59.972 +05:30 [INF] AlgoWorker.Services.MacdSignalEngine: MACD "Bearish" crossover confirmed at "2026-10-07T08:39:00.0000000+00:00": MACD -16.16, Signal -16.03
2026-10-07 14:11:59.972 +05:30 [INF] AlgoWorker.Services.OptionInstrumentResolver: Resolving CURRENT-WEEK ATM "Put" option for breakout: strike 22550, expiry "2026-10-13".
2026-10-07 14:12:00.282 +05:30 [INF] AlgoWorker.Services.UpstoxWebSocketClient: sub -> 1 instrument(s): NSE_FO|44615
2026-10-07 14:12:01.197 +05:30 [INF] AlgoWorker.Services.MacdPositionTracker: Virtual MACD "Bearish" position opened: NIFTY 22550 PE 13 OCT 26 @ 140.6
2026-10-07 14:15:36.934 +05:30 [INF] AlgoWorker.Services.UpstoxWebSocketClient: unsub -> 1 instrument(s): NSE_FO|44615
2026-10-07 14:15:36.942 +05:30 [INF] AlgoWorker.Services.MacdPositionTracker: Virtual MACD position closed. Reason: Stop-loss hit at ₹130.60 (peak ₹140.75). P&L: -653.25 (-7.1%)
2026-10-07 14:17:59.952 +05:30 [DBG] AlgoWorker.Services.MacdSignalEngine: MACD crossover at "2026-10-07T08:45:00.0000000+00:00" skipped -- zero-line bias not confirmed (MACD -15.39, Signal -15.99, likely choppy/hugging zero).
2026-10-07 14:44:59.940 +05:30 [INF] AlgoWorker.Services.SignalEngine: New "DeathCross" crossover detected at "2026-10-07T09:00:00.0000000+00:00", tracking for 4 candles before confirming.
