2026-10-01 08:56:42.978 +05:30 [INF] AlgoWorker.Worker: Nifty EMA Alert Bot starting up...
2026-10-01 08:57:26.000 +05:30 [INF] AlgoWorker.Services.Persistence.TokenRepository: Access token saved for "2026-10-01".
2026-10-01 08:57:26.009 +05:30 [INF] Program: Upstox access token generated and saved via the dashboard OAuth flow.
2026-10-01 09:15:45.145 +05:30 [DBG] AlgoWorker.Services.MarketHoursService: Upstox exchange status: "NormalOpen" (open=true)
2026-10-01 09:15:45.196 +05:30 [WRN] AlgoWorker.Services.HistoricalSeederService: Configured SeedLookbackTradingDays (20) implies a 40-day window, which exceeds Upstox's 1-month limit for 15-min candles. Clamping to 27 days.
2026-10-01 09:15:45.200 +05:30 [INF] AlgoWorker.Services.HistoricalSeederService: Seeding historical candles from "2026-09-03" to "2026-09-30"...
2026-10-01 09:15:45.253 +05:30 [INF] AlgoWorker.Services.UpstoxRestClient: Fetched 475 historical 15-min candles for NSE_INDEX|Nifty 50 ("2026-09-03" to "2026-09-30")
2026-10-01 09:15:45.293 +05:30 [INF] AlgoWorker.Services.UpstoxRestClient: Fetched 0 intraday (today's) 15-min candles for NSE_INDEX|Nifty 50
2026-10-01 09:15:45.303 +05:30 [INF] AlgoWorker.Services.SignalEngine: New "GoldenCross" crossover detected at "2026-09-03T09:30:00.0000000+05:30", tracking for 4 candles before confirming.
2026-10-01 09:15:45.306 +05:30 [DBG] AlgoWorker.Services.SignalEngine: (seeding) "GoldenCross" confirmed at "2026-09-03T10:30:00.0000000+05:30" -- not alerting, historical replay only.
2026-10-01 09:15:45.308 +05:30 [INF] AlgoWorker.Services.SignalEngine: New "DeathCross" crossover detected at "2026-09-03T11:00:00.0000000+05:30", tracking for 4 candles before confirming.
2026-10-01 09:15:45.311 +05:30 [DBG] AlgoWorker.Services.SignalEngine: (seeding) "DeathCross" confirmed at "2026-09-03T12:00:00.0000000+05:30" -- not alerting, historical replay only.
2026-10-01 09:15:45.322 +05:30 [INF] AlgoWorker.Services.SignalEngine: New "GoldenCross" crossover detected at "2026-09-17T12:15:00.0000000+05:30", tracking for 4 candles before confirming.
2026-10-01 09:15:45.324 +05:30 [DBG] AlgoWorker.Services.SignalEngine: (seeding) "GoldenCross" confirmed at "2026-09-17T13:15:00.0000000+05:30" -- not alerting, historical replay only.
2026-10-01 09:15:45.327 +05:30 [INF] AlgoWorker.Services.SignalEngine: New "DeathCross" crossover detected at "2026-09-22T13:15:00.0000000+05:30", tracking for 4 candles before confirming.
2026-10-01 09:15:45.330 +05:30 [DBG] AlgoWorker.Services.SignalEngine: (seeding) "DeathCross" confirmed at "2026-09-22T14:15:00.0000000+05:30" -- not alerting, historical replay only.
2026-10-01 09:15:45.333 +05:30 [INF] AlgoWorker.Services.SignalEngine: New "GoldenCross" crossover detected at "2026-09-23T10:45:00.0000000+05:30", tracking for 4 candles before confirming.
2026-10-01 09:15:45.335 +05:30 [DBG] AlgoWorker.Services.SignalEngine: (seeding) "GoldenCross" confirmed at "2026-09-23T11:45:00.0000000+05:30" -- not alerting, historical replay only.
2026-10-01 09:15:45.337 +05:30 [INF] AlgoWorker.Services.SignalEngine: New "DeathCross" crossover detected at "2026-09-24T09:30:00.0000000+05:30", tracking for 4 candles before confirming.
2026-10-01 09:15:45.338 +05:30 [DBG] AlgoWorker.Services.SignalEngine: (seeding) "DeathCross" confirmed at "2026-09-24T10:30:00.0000000+05:30" -- not alerting, historical replay only.
2026-10-01 09:15:45.341 +05:30 [INF] AlgoWorker.Services.HistoricalSeederService: Seeding complete -- 475 candles replayed through the indicator pipeline (475 historical + 0 today).
2026-10-01 09:15:45.346 +05:30 [INF] AlgoWorker.Services.SignalEngine: Catch-up signal: "DeathCross" originally crossed at "2026-09-24T09:30:00.0000000+05:30" (124 candles ago), still active as of "2026-09-30T15:15:00.0000000+05:30".
2026-10-01 09:15:46.570 +05:30 [INF] AlgoWorker.Services.UpstoxRestClient: Previous trading day for NSE_INDEX|Nifty 50: "2026-09-30", High=22809.35, Low=22595.2, Close=22620.45
2026-10-01 09:15:46.580 +05:30 [INF] AlgoWorker.Services.CprAnalysisService: CPR computed for "2026-10-01": Pivot=22675.00, TC=22647.725, BC=22702.275, Width%=0.241, Reading=Normal CPR -- Moderate movement expected
2026-10-01 09:15:46.674 +05:30 [INF] AlgoWorker.Services.MacdHistoricalSeederService: Seeding MACD 3-min candles: fetching "2026-09-20" to "2026-09-30", keeping the last 2 trading day(s)...
2026-10-01 09:15:46.797 +05:30 [INF] AlgoWorker.Services.UpstoxRestClient: Fetched 1000 historical 3-min candles for NSE_INDEX|Nifty 50 ("2026-09-20" to "2026-09-30")
2026-10-01 09:15:46.851 +05:30 [INF] AlgoWorker.Services.UpstoxRestClient: Fetched 0 intraday (today's) 3-min candles for NSE_INDEX|Nifty 50
2026-10-01 09:15:46.858 +05:30 [DBG] AlgoWorker.Services.MacdSignalEngine: MACD crossover at "2026-09-29T10:15:00.0000000+05:30" skipped -- zero-line bias not confirmed (MACD -27.42, Signal -27.55, likely choppy/hugging zero).
2026-10-01 09:15:46.862 +05:30 [DBG] AlgoWorker.Services.MacdSignalEngine: MACD crossover at "2026-09-29T12:15:00.0000000+05:30" skipped -- zero-line bias not confirmed (MACD 25.57, Signal 26.38, likely choppy/hugging zero).
2026-10-01 09:15:46.865 +05:30 [DBG] AlgoWorker.Services.MacdSignalEngine: MACD crossover at "2026-09-29T13:51:00.0000000+05:30" skipped -- zero-line bias not confirmed (MACD -8.34, Signal -9.06, likely choppy/hugging zero).
2026-10-01 09:15:46.868 +05:30 [DBG] AlgoWorker.Services.MacdSignalEngine: MACD crossover at "2026-09-29T15:00:00.0000000+05:30" skipped -- zero-line bias not confirmed (MACD 1.72, Signal 2.01, likely choppy/hugging zero).
2026-10-01 09:15:46.871 +05:30 [DBG] AlgoWorker.Services.MacdSignalEngine: (seeding) MACD "Bullish" confirmed at "2026-09-29T15:06:00.0000000+05:30" -- not alerting, historical replay only.
2026-10-01 09:15:46.873 +05:30 [DBG] AlgoWorker.Services.MacdSignalEngine: MACD crossover at "2026-09-30T09:36:00.0000000+05:30" skipped -- zero-line bias not confirmed (MACD 8.42, Signal 8.90, likely choppy/hugging zero).
2026-10-01 09:15:46.876 +05:30 [DBG] AlgoWorker.Services.MacdSignalEngine: (seeding) MACD "Bullish" confirmed at "2026-09-30T09:54:00.0000000+05:30" -- not alerting, historical replay only.
2026-10-01 09:15:46.879 +05:30 [DBG] AlgoWorker.Services.MacdSignalEngine: MACD crossover at "2026-09-30T10:33:00.0000000+05:30" skipped -- zero-line bias not confirmed (MACD 11.24, Signal 14.45, likely choppy/hugging zero).
2026-10-01 09:15:46.881 +05:30 [DBG] AlgoWorker.Services.MacdSignalEngine: MACD crossover at "2026-09-30T11:33:00.0000000+05:30" skipped -- zero-line bias not confirmed (MACD -5.51, Signal -6.55, likely choppy/hugging zero).
2026-10-01 09:15:46.883 +05:30 [DBG] AlgoWorker.Services.MacdSignalEngine: MACD crossover at "2026-09-30T13:09:00.0000000+05:30" skipped -- zero-line bias not confirmed (MACD 17.01, Signal 17.56, likely choppy/hugging zero).
2026-10-01 09:15:46.886 +05:30 [DBG] AlgoWorker.Services.MacdSignalEngine: MACD crossover at "2026-09-30T14:57:00.0000000+05:30" skipped -- zero-line bias not confirmed (MACD -28.50, Signal -29.54, likely choppy/hugging zero).
2026-10-01 09:15:46.889 +05:30 [INF] AlgoWorker.Services.MacdHistoricalSeederService: MACD seeding complete -- 250 3-min candles replayed (2 trading day(s) + 0 today).
2026-10-01 09:15:46.892 +05:30 [INF] AlgoWorker.Worker: Market is open -- starting live WebSocket feed.
2026-10-01 09:15:47.537 +05:30 [INF] AlgoWorker.Services.UpstoxWebSocketClient: Upstox WebSocket connected.
2026-10-01 09:15:47.539 +05:30 [INF] AlgoWorker.Worker: WebSocket connected event fired.
2026-10-01 09:15:47.549 +05:30 [INF] AlgoWorker.Services.UpstoxWebSocketClient: sub -> 1 instrument(s): NSE_INDEX|Nifty 50
2026-10-01 09:15:47.606 +05:30 [INF] AlgoWorker.Services.Decoding.ProtobufMarketDataDecoder: First WebSocket frame decoded successfully. Type="MarketInfo"
2026-10-01 09:18:00.293 +05:30 [INF] AlgoWorker.Services.MacdSignalEngine: MACD "Bearish" crossover confirmed at "2026-10-01T03:45:00.0000000+00:00": MACD -23.73, Signal -23.51
2026-10-01 09:18:00.303 +05:30 [INF] AlgoWorker.Services.OptionInstrumentResolver: Resolving CURRENT-WEEK ATM "Put" option for breakout: strike 22550, expiry "2026-10-06".
2026-10-01 09:18:00.758 +05:30 [INF] AlgoWorker.Services.UpstoxWebSocketClient: sub -> 1 instrument(s): NSE_FO|40700
2026-10-01 09:18:01.597 +05:30 [INF] AlgoWorker.Services.MacdPositionTracker: Virtual MACD "Bearish" position opened: NIFTY 22550 PE 06 OCT 26 @ 109.05
2026-10-01 09:20:00.274 +05:30 [INF] AlgoWorker.Services.BreakoutSignalEngine: Opening range captured for "2026-10-01" from first 5-min candle ("2026-10-01T03:45:00.0000000+00:00"): High=22589.05, Low=22545.65
2026-10-01 09:25:00.251 +05:30 [INF] AlgoWorker.Services.BreakoutSignalEngine: Opening-range BREAKOUT DOWN confirmed at "2026-10-01T03:50:00.0000000+00:00": close 22513.5 vs level 22545.65
2026-10-01 09:25:00.268 +05:30 [INF] AlgoWorker.Services.OptionInstrumentResolver: Resolving CURRENT-WEEK ATM "Put" option for breakout: strike 22500, expiry "2026-10-06".
2026-10-01 09:25:00.526 +05:30 [INF] AlgoWorker.Services.UpstoxWebSocketClient: sub -> 1 instrument(s): NSE_FO|40698
2026-10-01 09:25:01.371 +05:30 [INF] AlgoWorker.Services.BreakoutPositionTracker: Virtual breakout "Down" position opened: NIFTY 22500 PE 06 OCT 26 @ 111.15
2026-10-01 09:28:34.693 +05:30 [INF] AlgoWorker.Services.UpstoxWebSocketClient: unsub -> 1 instrument(s): NSE_FO|40698
2026-10-01 09:28:34.758 +05:30 [INF] AlgoWorker.Services.BreakoutPositionTracker: Virtual breakout position closed. Reason: Stop-loss hit -- 10 pts below entry ₹111.15. P&L: -724.75 (-10.0%)
2026-10-01 09:29:54.534 +05:30 [WRN] AlgoWorker.Services.UpstoxWebSocketClient: WebSocket connection lost/failed. Reconnecting in 5s...
System.Net.WebSockets.WebSocketException (0x80004005): The remote party closed the WebSocket connection without completing the close handshake.
   at System.Net.WebSockets.ManagedWebSocket.ThrowEOFUnexpected()
   at System.Net.WebSockets.ManagedWebSocket.EnsureBufferContainsAsync(Int32 minimumRequiredBytes, CancellationToken cancellationToken)
   at System.Runtime.CompilerServices.PoolingAsyncValueTaskMethodBuilder`1.StateMachineBox`1.System.Threading.Tasks.Sources.IValueTaskSource.GetResult(Int16 token)
   at System.Net.WebSockets.ManagedWebSocket.ReceiveAsyncPrivate[TResult](Memory`1 payloadBuffer, CancellationToken cancellationToken)
   at System.Runtime.CompilerServices.PoolingAsyncValueTaskMethodBuilder`1.StateMachineBox`1.System.Threading.Tasks.Sources.IValueTaskSource<TResult>.GetResult(Int16 token)
   at System.Threading.Tasks.ValueTask`1.ValueTaskSourceAsTask.<>c.<.cctor>b__4_0(Object state)
--- End of stack trace from previous location ---
   at AlgoWorker.Services.UpstoxWebSocketClient.ReceiveLoopAsync(CancellationToken ct) in C:\CaptainsALGO\Dashboard\AlgoWorker\Services\UpstoxWebSocketClient.cs:line 139
   at AlgoWorker.Services.UpstoxWebSocketClient.RunAsync(IReadOnlyCollection`1 instrumentKeys, CancellationToken ct) in C:\CaptainsALGO\Dashboard\AlgoWorker\Services\UpstoxWebSocketClient.cs:line 54
2026-10-01 09:29:54.566 +05:30 [WRN] AlgoWorker.Worker: WebSocket disconnected: The remote party closed the WebSocket connection without completing the close handshake.
2026-10-01 09:30:00.055 +05:30 [INF] AlgoWorker.Services.UpstoxWebSocketClient: Upstox WebSocket connected.
2026-10-01 09:30:00.060 +05:30 [INF] AlgoWorker.Worker: WebSocket connected event fired.
2026-10-01 09:30:00.070 +05:30 [INF] AlgoWorker.Services.UpstoxWebSocketClient: sub -> 2 instrument(s): NSE_INDEX|Nifty 50, NSE_FO|40700
2026-10-01 09:30:26.737 +05:30 [WRN] AlgoWorker.Services.UpstoxWebSocketClient: WebSocket connection lost/failed. Reconnecting in 5s...
System.Net.WebSockets.WebSocketException (0x80004005): The remote party closed the WebSocket connection without completing the close handshake.
   at System.Net.WebSockets.ManagedWebSocket.ThrowEOFUnexpected()
   at System.Net.WebSockets.ManagedWebSocket.EnsureBufferContainsAsync(Int32 minimumRequiredBytes, CancellationToken cancellationToken)
   at System.Runtime.CompilerServices.PoolingAsyncValueTaskMethodBuilder`1.StateMachineBox`1.System.Threading.Tasks.Sources.IValueTaskSource.GetResult(Int16 token)
   at System.Net.WebSockets.ManagedWebSocket.ReceiveAsyncPrivate[TResult](Memory`1 payloadBuffer, CancellationToken cancellationToken)
   at System.Runtime.CompilerServices.PoolingAsyncValueTaskMethodBuilder`1.StateMachineBox`1.System.Threading.Tasks.Sources.IValueTaskSource<TResult>.GetResult(Int16 token)
   at System.Threading.Tasks.ValueTask`1.ValueTaskSourceAsTask.<>c.<.cctor>b__4_0(Object state)
--- End of stack trace from previous location ---
   at AlgoWorker.Services.UpstoxWebSocketClient.ReceiveLoopAsync(CancellationToken ct) in C:\CaptainsALGO\Dashboard\AlgoWorker\Services\UpstoxWebSocketClient.cs:line 139
   at AlgoWorker.Services.UpstoxWebSocketClient.RunAsync(IReadOnlyCollection`1 instrumentKeys, CancellationToken ct) in C:\CaptainsALGO\Dashboard\AlgoWorker\Services\UpstoxWebSocketClient.cs:line 54
2026-10-01 09:30:26.743 +05:30 [WRN] AlgoWorker.Worker: WebSocket disconnected: The remote party closed the WebSocket connection without completing the close handshake.
2026-10-01 09:30:34.276 +05:30 [INF] AlgoWorker.Services.UpstoxWebSocketClient: Upstox WebSocket connected.
2026-10-01 09:30:34.278 +05:30 [INF] AlgoWorker.Worker: WebSocket connected event fired.
2026-10-01 09:30:34.279 +05:30 [INF] AlgoWorker.Services.UpstoxWebSocketClient: sub -> 2 instrument(s): NSE_INDEX|Nifty 50, NSE_FO|40700
2026-10-01 09:30:52.435 +05:30 [INF] AlgoWorker.Services.UpstoxWebSocketClient: unsub -> 1 instrument(s): NSE_FO|40700
2026-10-01 09:30:52.466 +05:30 [INF] AlgoWorker.Services.MacdPositionTracker: Virtual MACD position closed. Reason: Step-trailing stop-loss hit at ₹109.05 (5-pt steps behind peak ₹136.75). P&L: -29.25 (-0.4%)
2026-10-01 09:31:05.208 +05:30 [WRN] AlgoWorker.Services.UpstoxWebSocketClient: WebSocket connection lost/failed. Reconnecting in 5s...
System.Net.WebSockets.WebSocketException (0x80004005): The remote party closed the WebSocket connection without completing the close handshake.
   at System.Net.WebSockets.ManagedWebSocket.ThrowEOFUnexpected()
   at System.Net.WebSockets.ManagedWebSocket.EnsureBufferContainsAsync(Int32 minimumRequiredBytes, CancellationToken cancellationToken)
   at System.Runtime.CompilerServices.PoolingAsyncValueTaskMethodBuilder`1.StateMachineBox`1.System.Threading.Tasks.Sources.IValueTaskSource.GetResult(Int16 token)
   at System.Net.WebSockets.ManagedWebSocket.ReceiveAsyncPrivate[TResult](Memory`1 payloadBuffer, CancellationToken cancellationToken)
   at System.Runtime.CompilerServices.PoolingAsyncValueTaskMethodBuilder`1.StateMachineBox`1.System.Threading.Tasks.Sources.IValueTaskSource<TResult>.GetResult(Int16 token)
   at System.Threading.Tasks.ValueTask`1.ValueTaskSourceAsTask.<>c.<.cctor>b__4_0(Object state)
--- End of stack trace from previous location ---
   at AlgoWorker.Services.UpstoxWebSocketClient.ReceiveLoopAsync(CancellationToken ct) in C:\CaptainsALGO\Dashboard\AlgoWorker\Services\UpstoxWebSocketClient.cs:line 139
   at AlgoWorker.Services.UpstoxWebSocketClient.RunAsync(IReadOnlyCollection`1 instrumentKeys, CancellationToken ct) in C:\CaptainsALGO\Dashboard\AlgoWorker\Services\UpstoxWebSocketClient.cs:line 54
2026-10-01 09:31:05.212 +05:30 [WRN] AlgoWorker.Worker: WebSocket disconnected: The remote party closed the WebSocket connection without completing the close handshake.
2026-10-01 09:31:10.698 +05:30 [INF] AlgoWorker.Services.UpstoxWebSocketClient: Upstox WebSocket connected.
2026-10-01 09:31:10.700 +05:30 [INF] AlgoWorker.Worker: WebSocket connected event fired.
2026-10-01 09:31:10.702 +05:30 [INF] AlgoWorker.Services.UpstoxWebSocketClient: sub -> 1 instrument(s): NSE_INDEX|Nifty 50
2026-10-01 09:33:00.018 +05:30 [WRN] AlgoWorker.Services.UpstoxWebSocketClient: WebSocket connection lost/failed. Reconnecting in 5s...
System.Net.WebSockets.WebSocketException (0x80004005): The remote party closed the WebSocket connection without completing the close handshake.
   at System.Net.WebSockets.ManagedWebSocket.ThrowEOFUnexpected()
   at System.Net.WebSockets.ManagedWebSocket.EnsureBufferContainsAsync(Int32 minimumRequiredBytes, CancellationToken cancellationToken)
   at System.Runtime.CompilerServices.PoolingAsyncValueTaskMethodBuilder`1.StateMachineBox`1.System.Threading.Tasks.Sources.IValueTaskSource.GetResult(Int16 token)
   at System.Net.WebSockets.ManagedWebSocket.ReceiveAsyncPrivate[TResult](Memory`1 payloadBuffer, CancellationToken cancellationToken)
   at System.Runtime.CompilerServices.PoolingAsyncValueTaskMethodBuilder`1.StateMachineBox`1.System.Threading.Tasks.Sources.IValueTaskSource<TResult>.GetResult(Int16 token)
   at System.Threading.Tasks.ValueTask`1.ValueTaskSourceAsTask.<>c.<.cctor>b__4_0(Object state)
--- End of stack trace from previous location ---
   at AlgoWorker.Services.UpstoxWebSocketClient.ReceiveLoopAsync(CancellationToken ct) in C:\CaptainsALGO\Dashboard\AlgoWorker\Services\UpstoxWebSocketClient.cs:line 139
   at AlgoWorker.Services.UpstoxWebSocketClient.RunAsync(IReadOnlyCollection`1 instrumentKeys, CancellationToken ct) in C:\CaptainsALGO\Dashboard\AlgoWorker\Services\UpstoxWebSocketClient.cs:line 54
2026-10-01 09:33:00.025 +05:30 [WRN] AlgoWorker.Worker: WebSocket disconnected: The remote party closed the WebSocket connection without completing the close handshake.
2026-10-01 09:33:05.394 +05:30 [WRN] AlgoWorker.Services.UpstoxWebSocketClient: WebSocket connection lost/failed. Reconnecting in 10s...
System.Net.Http.HttpRequestException: No such host is known. (api.upstox.com:443)
 ---> System.Net.Sockets.SocketException (11001): No such host is known.
   at System.Net.Sockets.Socket.AwaitableSocketAsyncEventArgs.ThrowException(SocketError error, CancellationToken cancellationToken)
   at System.Net.Sockets.Socket.AwaitableSocketAsyncEventArgs.System.Threading.Tasks.Sources.IValueTaskSource.GetResult(Int16 token)
   at System.Net.Sockets.Socket.<ConnectAsync>g__WaitForConnectWithCancellation|285_0(AwaitableSocketAsyncEventArgs saea, ValueTask connectTask, CancellationToken cancellationToken)
   at System.Net.Http.HttpConnectionPool.ConnectToTcpHostAsync(String host, Int32 port, HttpRequestMessage initialRequest, Boolean async, CancellationToken cancellationToken)
   --- End of inner exception stack trace ---
   at System.Net.Http.HttpConnectionPool.ConnectToTcpHostAsync(String host, Int32 port, HttpRequestMessage initialRequest, Boolean async, CancellationToken cancellationToken)
   at System.Net.Http.HttpConnectionPool.ConnectAsync(HttpRequestMessage request, Boolean async, CancellationToken cancellationToken)
   at System.Net.Http.HttpConnectionPool.CreateHttp11ConnectionAsync(HttpRequestMessage request, Boolean async, CancellationToken cancellationToken)
   at System.Net.Http.HttpConnectionPool.AddHttp11ConnectionAsync(QueueItem queueItem)
   at System.Threading.Tasks.TaskCompletionSourceWithCancellation`1.WaitWithCancellationAsync(CancellationToken cancellationToken)
   at System.Net.Http.HttpConnectionPool.SendWithVersionDetectionAndRetryAsync(HttpRequestMessage request, Boolean async, Boolean doRequestAuth, CancellationToken cancellationToken)
   at System.Net.Http.DiagnosticsHandler.SendAsyncCore(HttpRequestMessage request, Boolean async, CancellationToken cancellationToken)
   at System.Net.Http.RedirectHandler.SendAsync(HttpRequestMessage request, Boolean async, CancellationToken cancellationToken)
   at Microsoft.Extensions.Http.Logging.LoggingHttpMessageHandler.<SendCoreAsync>g__Core|5_0(HttpRequestMessage request, Boolean useAsync, CancellationToken cancellationToken)
   at Microsoft.Extensions.Http.Logging.LoggingScopeHttpMessageHandler.<SendCoreAsync>g__Core|5_0(HttpRequestMessage request, Boolean useAsync, CancellationToken cancellationToken)
   at System.Net.Http.HttpClient.<SendAsync>g__Core|83_0(HttpRequestMessage request, HttpCompletionOption completionOption, CancellationTokenSource cts, Boolean disposeCts, CancellationTokenSource pendingRequestsCts, CancellationToken originalCancellationToken)
   at AlgoWorker.Services.UpstoxRestClient.GetAuthorizedWebSocketUrlAsync(CancellationToken ct) in C:\CaptainsALGO\Dashboard\AlgoWorker\Services\UpstoxRestClient.cs:line 404
   at AlgoWorker.Services.UpstoxWebSocketClient.ConnectAndSubscribeAsync(IReadOnlyCollection`1 instrumentKeys, CancellationToken ct) in C:\CaptainsALGO\Dashboard\AlgoWorker\Services\UpstoxWebSocketClient.cs:line 88
   at AlgoWorker.Services.UpstoxWebSocketClient.RunAsync(IReadOnlyCollection`1 instrumentKeys, CancellationToken ct) in C:\CaptainsALGO\Dashboard\AlgoWorker\Services\UpstoxWebSocketClient.cs:line 52
2026-10-01 09:33:05.403 +05:30 [WRN] AlgoWorker.Worker: WebSocket disconnected: No such host is known. (api.upstox.com:443)
2026-10-01 09:33:15.679 +05:30 [WRN] AlgoWorker.Services.UpstoxWebSocketClient: WebSocket connection lost/failed. Reconnecting in 20s...
System.Net.Http.HttpRequestException: No such host is known. (api.upstox.com:443)
 ---> System.Net.Sockets.SocketException (11001): No such host is known.
   at System.Net.Sockets.Socket.AwaitableSocketAsyncEventArgs.ThrowException(SocketError error, CancellationToken cancellationToken)
   at System.Net.Sockets.Socket.AwaitableSocketAsyncEventArgs.System.Threading.Tasks.Sources.IValueTaskSource.GetResult(Int16 token)
   at System.Net.Sockets.Socket.<ConnectAsync>g__WaitForConnectWithCancellation|285_0(AwaitableSocketAsyncEventArgs saea, ValueTask connectTask, CancellationToken cancellationToken)
   at System.Net.Http.HttpConnectionPool.ConnectToTcpHostAsync(String host, Int32 port, HttpRequestMessage initialRequest, Boolean async, CancellationToken cancellationToken)
   --- End of inner exception stack trace ---
   at System.Net.Http.HttpConnectionPool.ConnectToTcpHostAsync(String host, Int32 port, HttpRequestMessage initialRequest, Boolean async, CancellationToken cancellationToken)
   at System.Net.Http.HttpConnectionPool.ConnectAsync(HttpRequestMessage request, Boolean async, CancellationToken cancellationToken)
   at System.Net.Http.HttpConnectionPool.CreateHttp11ConnectionAsync(HttpRequestMessage request, Boolean async, CancellationToken cancellationToken)
   at System.Net.Http.HttpConnectionPool.AddHttp11ConnectionAsync(QueueItem queueItem)
   at System.Threading.Tasks.TaskCompletionSourceWithCancellation`1.WaitWithCancellationAsync(CancellationToken cancellationToken)
   at System.Net.Http.HttpConnectionPool.SendWithVersionDetectionAndRetryAsync(HttpRequestMessage request, Boolean async, Boolean doRequestAuth, CancellationToken cancellationToken)
   at System.Net.Http.DiagnosticsHandler.SendAsyncCore(HttpRequestMessage request, Boolean async, CancellationToken cancellationToken)
   at System.Net.Http.RedirectHandler.SendAsync(HttpRequestMessage request, Boolean async, CancellationToken cancellationToken)
   at Microsoft.Extensions.Http.Logging.LoggingHttpMessageHandler.<SendCoreAsync>g__Core|5_0(HttpRequestMessage request, Boolean useAsync, CancellationToken cancellationToken)
   at Microsoft.Extensions.Http.Logging.LoggingScopeHttpMessageHandler.<SendCoreAsync>g__Core|5_0(HttpRequestMessage request, Boolean useAsync, CancellationToken cancellationToken)
   at System.Net.Http.HttpClient.<SendAsync>g__Core|83_0(HttpRequestMessage request, HttpCompletionOption completionOption, CancellationTokenSource cts, Boolean disposeCts, CancellationTokenSource pendingRequestsCts, CancellationToken originalCancellationToken)
   at AlgoWorker.Services.UpstoxRestClient.GetAuthorizedWebSocketUrlAsync(CancellationToken ct) in C:\CaptainsALGO\Dashboard\AlgoWorker\Services\UpstoxRestClient.cs:line 404
   at AlgoWorker.Services.UpstoxWebSocketClient.ConnectAndSubscribeAsync(IReadOnlyCollection`1 instrumentKeys, CancellationToken ct) in C:\CaptainsALGO\Dashboard\AlgoWorker\Services\UpstoxWebSocketClient.cs:line 88
   at AlgoWorker.Services.UpstoxWebSocketClient.RunAsync(IReadOnlyCollection`1 instrumentKeys, CancellationToken ct) in C:\CaptainsALGO\Dashboard\AlgoWorker\Services\UpstoxWebSocketClient.cs:line 52
2026-10-01 09:33:15.689 +05:30 [WRN] AlgoWorker.Worker: WebSocket disconnected: No such host is known. (api.upstox.com:443)
2026-10-01 09:33:35.936 +05:30 [WRN] AlgoWorker.Services.UpstoxWebSocketClient: WebSocket connection lost/failed. Reconnecting in 40s...
System.Net.Http.HttpRequestException: No such host is known. (api.upstox.com:443)
 ---> System.Net.Sockets.SocketException (11001): No such host is known.
   at System.Net.Sockets.Socket.AwaitableSocketAsyncEventArgs.ThrowException(SocketError error, CancellationToken cancellationToken)
   at System.Net.Sockets.Socket.AwaitableSocketAsyncEventArgs.System.Threading.Tasks.Sources.IValueTaskSource.GetResult(Int16 token)
   at System.Net.Sockets.Socket.<ConnectAsync>g__WaitForConnectWithCancellation|285_0(AwaitableSocketAsyncEventArgs saea, ValueTask connectTask, CancellationToken cancellationToken)
   at System.Net.Http.HttpConnectionPool.ConnectToTcpHostAsync(String host, Int32 port, HttpRequestMessage initialRequest, Boolean async, CancellationToken cancellationToken)
   --- End of inner exception stack trace ---
   at System.Net.Http.HttpConnectionPool.ConnectToTcpHostAsync(String host, Int32 port, HttpRequestMessage initialRequest, Boolean async, CancellationToken cancellationToken)
   at System.Net.Http.HttpConnectionPool.ConnectAsync(HttpRequestMessage request, Boolean async, CancellationToken cancellationToken)
   at System.Net.Http.HttpConnectionPool.CreateHttp11ConnectionAsync(HttpRequestMessage request, Boolean async, CancellationToken cancellationToken)
   at System.Net.Http.HttpConnectionPool.AddHttp11ConnectionAsync(QueueItem queueItem)
   at System.Threading.Tasks.TaskCompletionSourceWithCancellation`1.WaitWithCancellationAsync(CancellationToken cancellationToken)
   at System.Net.Http.HttpConnectionPool.SendWithVersionDetectionAndRetryAsync(HttpRequestMessage request, Boolean async, Boolean doRequestAuth, CancellationToken cancellationToken)
   at System.Net.Http.DiagnosticsHandler.SendAsyncCore(HttpRequestMessage request, Boolean async, CancellationToken cancellationToken)
   at System.Net.Http.RedirectHandler.SendAsync(HttpRequestMessage request, Boolean async, CancellationToken cancellationToken)
   at Microsoft.Extensions.Http.Logging.LoggingHttpMessageHandler.<SendCoreAsync>g__Core|5_0(HttpRequestMessage request, Boolean useAsync, CancellationToken cancellationToken)
   at Microsoft.Extensions.Http.Logging.LoggingScopeHttpMessageHandler.<SendCoreAsync>g__Core|5_0(HttpRequestMessage request, Boolean useAsync, CancellationToken cancellationToken)
   at System.Net.Http.HttpClient.<SendAsync>g__Core|83_0(HttpRequestMessage request, HttpCompletionOption completionOption, CancellationTokenSource cts, Boolean disposeCts, CancellationTokenSource pendingRequestsCts, CancellationToken originalCancellationToken)
   at AlgoWorker.Services.UpstoxRestClient.GetAuthorizedWebSocketUrlAsync(CancellationToken ct) in C:\CaptainsALGO\Dashboard\AlgoWorker\Services\UpstoxRestClient.cs:line 404
   at AlgoWorker.Services.UpstoxWebSocketClient.ConnectAndSubscribeAsync(IReadOnlyCollection`1 instrumentKeys, CancellationToken ct) in C:\CaptainsALGO\Dashboard\AlgoWorker\Services\UpstoxWebSocketClient.cs:line 88
   at AlgoWorker.Services.UpstoxWebSocketClient.RunAsync(IReadOnlyCollection`1 instrumentKeys, CancellationToken ct) in C:\CaptainsALGO\Dashboard\AlgoWorker\Services\UpstoxWebSocketClient.cs:line 52
2026-10-01 09:33:35.943 +05:30 [WRN] AlgoWorker.Worker: WebSocket disconnected: No such host is known. (api.upstox.com:443)
2026-10-01 09:34:16.305 +05:30 [INF] AlgoWorker.Services.UpstoxWebSocketClient: Upstox WebSocket connected.
2026-10-01 09:34:16.306 +05:30 [INF] AlgoWorker.Worker: WebSocket connected event fired.
2026-10-01 09:34:16.308 +05:30 [INF] AlgoWorker.Services.UpstoxWebSocketClient: sub -> 1 instrument(s): NSE_INDEX|Nifty 50
2026-10-01 09:36:05.662 +05:30 [WRN] AlgoWorker.Services.UpstoxWebSocketClient: WebSocket connection lost/failed. Reconnecting in 5s...
System.Net.WebSockets.WebSocketException (0x80004005): The remote party closed the WebSocket connection without completing the close handshake.
   at System.Net.WebSockets.ManagedWebSocket.ThrowEOFUnexpected()
   at System.Net.WebSockets.ManagedWebSocket.EnsureBufferContainsAsync(Int32 minimumRequiredBytes, CancellationToken cancellationToken)
   at System.Runtime.CompilerServices.PoolingAsyncValueTaskMethodBuilder`1.StateMachineBox`1.System.Threading.Tasks.Sources.IValueTaskSource.GetResult(Int16 token)
   at System.Net.WebSockets.ManagedWebSocket.ReceiveAsyncPrivate[TResult](Memory`1 payloadBuffer, CancellationToken cancellationToken)
   at System.Runtime.CompilerServices.PoolingAsyncValueTaskMethodBuilder`1.StateMachineBox`1.System.Threading.Tasks.Sources.IValueTaskSource<TResult>.GetResult(Int16 token)
   at System.Threading.Tasks.ValueTask`1.ValueTaskSourceAsTask.<>c.<.cctor>b__4_0(Object state)
--- End of stack trace from previous location ---
   at AlgoWorker.Services.UpstoxWebSocketClient.ReceiveLoopAsync(CancellationToken ct) in C:\CaptainsALGO\Dashboard\AlgoWorker\Services\UpstoxWebSocketClient.cs:line 139
   at AlgoWorker.Services.UpstoxWebSocketClient.RunAsync(IReadOnlyCollection`1 instrumentKeys, CancellationToken ct) in C:\CaptainsALGO\Dashboard\AlgoWorker\Services\UpstoxWebSocketClient.cs:line 54
2026-10-01 09:36:05.666 +05:30 [WRN] AlgoWorker.Worker: WebSocket disconnected: The remote party closed the WebSocket connection without completing the close handshake.
2026-10-01 09:36:10.960 +05:30 [WRN] AlgoWorker.Services.UpstoxWebSocketClient: WebSocket connection lost/failed. Reconnecting in 10s...
System.Net.Http.HttpRequestException: No such host is known. (api.upstox.com:443)
 ---> System.Net.Sockets.SocketException (11001): No such host is known.
   at System.Net.Sockets.Socket.AwaitableSocketAsyncEventArgs.ThrowException(SocketError error, CancellationToken cancellationToken)
   at System.Net.Sockets.Socket.AwaitableSocketAsyncEventArgs.System.Threading.Tasks.Sources.IValueTaskSource.GetResult(Int16 token)
   at System.Net.Sockets.Socket.<ConnectAsync>g__WaitForConnectWithCancellation|285_0(AwaitableSocketAsyncEventArgs saea, ValueTask connectTask, CancellationToken cancellationToken)
   at System.Net.Http.HttpConnectionPool.ConnectToTcpHostAsync(String host, Int32 port, HttpRequestMessage initialRequest, Boolean async, CancellationToken cancellationToken)
   --- End of inner exception stack trace ---
   at System.Net.Http.HttpConnectionPool.ConnectToTcpHostAsync(String host, Int32 port, HttpRequestMessage initialRequest, Boolean async, CancellationToken cancellationToken)
   at System.Net.Http.HttpConnectionPool.ConnectAsync(HttpRequestMessage request, Boolean async, CancellationToken cancellationToken)
   at System.Net.Http.HttpConnectionPool.CreateHttp11ConnectionAsync(HttpRequestMessage request, Boolean async, CancellationToken cancellationToken)
   at System.Net.Http.HttpConnectionPool.AddHttp11ConnectionAsync(QueueItem queueItem)
   at System.Threading.Tasks.TaskCompletionSourceWithCancellation`1.WaitWithCancellationAsync(CancellationToken cancellationToken)
   at System.Net.Http.HttpConnectionPool.SendWithVersionDetectionAndRetryAsync(HttpRequestMessage request, Boolean async, Boolean doRequestAuth, CancellationToken cancellationToken)
   at System.Net.Http.DiagnosticsHandler.SendAsyncCore(HttpRequestMessage request, Boolean async, CancellationToken cancellationToken)
   at System.Net.Http.RedirectHandler.SendAsync(HttpRequestMessage request, Boolean async, CancellationToken cancellationToken)
   at Microsoft.Extensions.Http.Logging.LoggingHttpMessageHandler.<SendCoreAsync>g__Core|5_0(HttpRequestMessage request, Boolean useAsync, CancellationToken cancellationToken)
   at Microsoft.Extensions.Http.Logging.LoggingScopeHttpMessageHandler.<SendCoreAsync>g__Core|5_0(HttpRequestMessage request, Boolean useAsync, CancellationToken cancellationToken)
   at System.Net.Http.HttpClient.<SendAsync>g__Core|83_0(HttpRequestMessage request, HttpCompletionOption completionOption, CancellationTokenSource cts, Boolean disposeCts, CancellationTokenSource pendingRequestsCts, CancellationToken originalCancellationToken)
   at AlgoWorker.Services.UpstoxRestClient.GetAuthorizedWebSocketUrlAsync(CancellationToken ct) in C:\CaptainsALGO\Dashboard\AlgoWorker\Services\UpstoxRestClient.cs:line 404
   at AlgoWorker.Services.UpstoxWebSocketClient.ConnectAndSubscribeAsync(IReadOnlyCollection`1 instrumentKeys, CancellationToken ct) in C:\CaptainsALGO\Dashboard\AlgoWorker\Services\UpstoxWebSocketClient.cs:line 88
   at AlgoWorker.Services.UpstoxWebSocketClient.RunAsync(IReadOnlyCollection`1 instrumentKeys, CancellationToken ct) in C:\CaptainsALGO\Dashboard\AlgoWorker\Services\UpstoxWebSocketClient.cs:line 52
2026-10-01 09:36:10.967 +05:30 [WRN] AlgoWorker.Worker: WebSocket disconnected: No such host is known. (api.upstox.com:443)
2026-10-01 09:36:21.242 +05:30 [WRN] AlgoWorker.Services.UpstoxWebSocketClient: WebSocket connection lost/failed. Reconnecting in 20s...
System.Net.Http.HttpRequestException: No such host is known. (api.upstox.com:443)
 ---> System.Net.Sockets.SocketException (11001): No such host is known.
   at System.Net.Sockets.Socket.AwaitableSocketAsyncEventArgs.ThrowException(SocketError error, CancellationToken cancellationToken)
   at System.Net.Sockets.Socket.AwaitableSocketAsyncEventArgs.System.Threading.Tasks.Sources.IValueTaskSource.GetResult(Int16 token)
   at System.Net.Sockets.Socket.<ConnectAsync>g__WaitForConnectWithCancellation|285_0(AwaitableSocketAsyncEventArgs saea, ValueTask connectTask, CancellationToken cancellationToken)
   at System.Net.Http.HttpConnectionPool.ConnectToTcpHostAsync(String host, Int32 port, HttpRequestMessage initialRequest, Boolean async, CancellationToken cancellationToken)
   --- End of inner exception stack trace ---
   at System.Net.Http.HttpConnectionPool.ConnectToTcpHostAsync(String host, Int32 port, HttpRequestMessage initialRequest, Boolean async, CancellationToken cancellationToken)
   at System.Net.Http.HttpConnectionPool.ConnectAsync(HttpRequestMessage request, Boolean async, CancellationToken cancellationToken)
   at System.Net.Http.HttpConnectionPool.CreateHttp11ConnectionAsync(HttpRequestMessage request, Boolean async, CancellationToken cancellationToken)
   at System.Net.Http.HttpConnectionPool.AddHttp11ConnectionAsync(QueueItem queueItem)
   at System.Threading.Tasks.TaskCompletionSourceWithCancellation`1.WaitWithCancellationAsync(CancellationToken cancellationToken)
   at System.Net.Http.HttpConnectionPool.SendWithVersionDetectionAndRetryAsync(HttpRequestMessage request, Boolean async, Boolean doRequestAuth, CancellationToken cancellationToken)
   at System.Net.Http.DiagnosticsHandler.SendAsyncCore(HttpRequestMessage request, Boolean async, CancellationToken cancellationToken)
   at System.Net.Http.RedirectHandler.SendAsync(HttpRequestMessage request, Boolean async, CancellationToken cancellationToken)
   at Microsoft.Extensions.Http.Logging.LoggingHttpMessageHandler.<SendCoreAsync>g__Core|5_0(HttpRequestMessage request, Boolean useAsync, CancellationToken cancellationToken)
   at Microsoft.Extensions.Http.Logging.LoggingScopeHttpMessageHandler.<SendCoreAsync>g__Core|5_0(HttpRequestMessage request, Boolean useAsync, CancellationToken cancellationToken)
   at System.Net.Http.HttpClient.<SendAsync>g__Core|83_0(HttpRequestMessage request, HttpCompletionOption completionOption, CancellationTokenSource cts, Boolean disposeCts, CancellationTokenSource pendingRequestsCts, CancellationToken originalCancellationToken)
   at AlgoWorker.Services.UpstoxRestClient.GetAuthorizedWebSocketUrlAsync(CancellationToken ct) in C:\CaptainsALGO\Dashboard\AlgoWorker\Services\UpstoxRestClient.cs:line 404
   at AlgoWorker.Services.UpstoxWebSocketClient.ConnectAndSubscribeAsync(IReadOnlyCollection`1 instrumentKeys, CancellationToken ct) in C:\CaptainsALGO\Dashboard\AlgoWorker\Services\UpstoxWebSocketClient.cs:line 88
   at AlgoWorker.Services.UpstoxWebSocketClient.RunAsync(IReadOnlyCollection`1 instrumentKeys, CancellationToken ct) in C:\CaptainsALGO\Dashboard\AlgoWorker\Services\UpstoxWebSocketClient.cs:line 52
2026-10-01 09:36:21.248 +05:30 [WRN] AlgoWorker.Worker: WebSocket disconnected: No such host is known. (api.upstox.com:443)
2026-10-01 09:36:41.492 +05:30 [WRN] AlgoWorker.Services.UpstoxWebSocketClient: WebSocket connection lost/failed. Reconnecting in 40s...
System.Net.Http.HttpRequestException: No such host is known. (api.upstox.com:443)
 ---> System.Net.Sockets.SocketException (11001): No such host is known.
   at System.Net.Sockets.Socket.AwaitableSocketAsyncEventArgs.ThrowException(SocketError error, CancellationToken cancellationToken)
   at System.Net.Sockets.Socket.AwaitableSocketAsyncEventArgs.System.Threading.Tasks.Sources.IValueTaskSource.GetResult(Int16 token)
   at System.Net.Sockets.Socket.<ConnectAsync>g__WaitForConnectWithCancellation|285_0(AwaitableSocketAsyncEventArgs saea, ValueTask connectTask, CancellationToken cancellationToken)
   at System.Net.Http.HttpConnectionPool.ConnectToTcpHostAsync(String host, Int32 port, HttpRequestMessage initialRequest, Boolean async, CancellationToken cancellationToken)
   --- End of inner exception stack trace ---
   at System.Net.Http.HttpConnectionPool.ConnectToTcpHostAsync(String host, Int32 port, HttpRequestMessage initialRequest, Boolean async, CancellationToken cancellationToken)
   at System.Net.Http.HttpConnectionPool.ConnectAsync(HttpRequestMessage request, Boolean async, CancellationToken cancellationToken)
   at System.Net.Http.HttpConnectionPool.CreateHttp11ConnectionAsync(HttpRequestMessage request, Boolean async, CancellationToken cancellationToken)
   at System.Net.Http.HttpConnectionPool.AddHttp11ConnectionAsync(QueueItem queueItem)
   at System.Threading.Tasks.TaskCompletionSourceWithCancellation`1.WaitWithCancellationAsync(CancellationToken cancellationToken)
   at System.Net.Http.HttpConnectionPool.SendWithVersionDetectionAndRetryAsync(HttpRequestMessage request, Boolean async, Boolean doRequestAuth, CancellationToken cancellationToken)
   at System.Net.Http.DiagnosticsHandler.SendAsyncCore(HttpRequestMessage request, Boolean async, CancellationToken cancellationToken)
   at System.Net.Http.RedirectHandler.SendAsync(HttpRequestMessage request, Boolean async, CancellationToken cancellationToken)
   at Microsoft.Extensions.Http.Logging.LoggingHttpMessageHandler.<SendCoreAsync>g__Core|5_0(HttpRequestMessage request, Boolean useAsync, CancellationToken cancellationToken)
   at Microsoft.Extensions.Http.Logging.LoggingScopeHttpMessageHandler.<SendCoreAsync>g__Core|5_0(HttpRequestMessage request, Boolean useAsync, CancellationToken cancellationToken)
   at System.Net.Http.HttpClient.<SendAsync>g__Core|83_0(HttpRequestMessage request, HttpCompletionOption completionOption, CancellationTokenSource cts, Boolean disposeCts, CancellationTokenSource pendingRequestsCts, CancellationToken originalCancellationToken)
   at AlgoWorker.Services.UpstoxRestClient.GetAuthorizedWebSocketUrlAsync(CancellationToken ct) in C:\CaptainsALGO\Dashboard\AlgoWorker\Services\UpstoxRestClient.cs:line 404
   at AlgoWorker.Services.UpstoxWebSocketClient.ConnectAndSubscribeAsync(IReadOnlyCollection`1 instrumentKeys, CancellationToken ct) in C:\CaptainsALGO\Dashboard\AlgoWorker\Services\UpstoxWebSocketClient.cs:line 88
   at AlgoWorker.Services.UpstoxWebSocketClient.RunAsync(IReadOnlyCollection`1 instrumentKeys, CancellationToken ct) in C:\CaptainsALGO\Dashboard\AlgoWorker\Services\UpstoxWebSocketClient.cs:line 52
2026-10-01 09:36:41.499 +05:30 [WRN] AlgoWorker.Worker: WebSocket disconnected: No such host is known. (api.upstox.com:443)
2026-10-01 09:37:21.746 +05:30 [WRN] AlgoWorker.Services.UpstoxWebSocketClient: WebSocket connection lost/failed. Reconnecting in 60s...
System.Net.Http.HttpRequestException: No such host is known. (api.upstox.com:443)
 ---> System.Net.Sockets.SocketException (11001): No such host is known.
   at System.Net.Sockets.Socket.AwaitableSocketAsyncEventArgs.ThrowException(SocketError error, CancellationToken cancellationToken)
   at System.Net.Sockets.Socket.AwaitableSocketAsyncEventArgs.System.Threading.Tasks.Sources.IValueTaskSource.GetResult(Int16 token)
   at System.Net.Sockets.Socket.<ConnectAsync>g__WaitForConnectWithCancellation|285_0(AwaitableSocketAsyncEventArgs saea, ValueTask connectTask, CancellationToken cancellationToken)
   at System.Net.Http.HttpConnectionPool.ConnectToTcpHostAsync(String host, Int32 port, HttpRequestMessage initialRequest, Boolean async, CancellationToken cancellationToken)
   --- End of inner exception stack trace ---
   at System.Net.Http.HttpConnectionPool.ConnectToTcpHostAsync(String host, Int32 port, HttpRequestMessage initialRequest, Boolean async, CancellationToken cancellationToken)
   at System.Net.Http.HttpConnectionPool.ConnectAsync(HttpRequestMessage request, Boolean async, CancellationToken cancellationToken)
   at System.Net.Http.HttpConnectionPool.CreateHttp11ConnectionAsync(HttpRequestMessage request, Boolean async, CancellationToken cancellationToken)
   at System.Net.Http.HttpConnectionPool.AddHttp11ConnectionAsync(QueueItem queueItem)
   at System.Threading.Tasks.TaskCompletionSourceWithCancellation`1.WaitWithCancellationAsync(CancellationToken cancellationToken)
   at System.Net.Http.HttpConnectionPool.SendWithVersionDetectionAndRetryAsync(HttpRequestMessage request, Boolean async, Boolean doRequestAuth, CancellationToken cancellationToken)
   at System.Net.Http.DiagnosticsHandler.SendAsyncCore(HttpRequestMessage request, Boolean async, CancellationToken cancellationToken)
   at System.Net.Http.RedirectHandler.SendAsync(HttpRequestMessage request, Boolean async, CancellationToken cancellationToken)
   at Microsoft.Extensions.Http.Logging.LoggingHttpMessageHandler.<SendCoreAsync>g__Core|5_0(HttpRequestMessage request, Boolean useAsync, CancellationToken cancellationToken)
   at Microsoft.Extensions.Http.Logging.LoggingScopeHttpMessageHandler.<SendCoreAsync>g__Core|5_0(HttpRequestMessage request, Boolean useAsync, CancellationToken cancellationToken)
   at System.Net.Http.HttpClient.<SendAsync>g__Core|83_0(HttpRequestMessage request, HttpCompletionOption completionOption, CancellationTokenSource cts, Boolean disposeCts, CancellationTokenSource pendingRequestsCts, CancellationToken originalCancellationToken)
   at AlgoWorker.Services.UpstoxRestClient.GetAuthorizedWebSocketUrlAsync(CancellationToken ct) in C:\CaptainsALGO\Dashboard\AlgoWorker\Services\UpstoxRestClient.cs:line 404
   at AlgoWorker.Services.UpstoxWebSocketClient.ConnectAndSubscribeAsync(IReadOnlyCollection`1 instrumentKeys, CancellationToken ct) in C:\CaptainsALGO\Dashboard\AlgoWorker\Services\UpstoxWebSocketClient.cs:line 88
   at AlgoWorker.Services.UpstoxWebSocketClient.RunAsync(IReadOnlyCollection`1 instrumentKeys, CancellationToken ct) in C:\CaptainsALGO\Dashboard\AlgoWorker\Services\UpstoxWebSocketClient.cs:line 52
2026-10-01 09:37:21.753 +05:30 [WRN] AlgoWorker.Worker: WebSocket disconnected: No such host is known. (api.upstox.com:443)
2026-10-01 09:38:22.024 +05:30 [WRN] AlgoWorker.Services.UpstoxWebSocketClient: WebSocket connection lost/failed. Reconnecting in 60s...
System.Net.Http.HttpRequestException: No such host is known. (api.upstox.com:443)
 ---> System.Net.Sockets.SocketException (11001): No such host is known.
   at System.Net.Sockets.Socket.AwaitableSocketAsyncEventArgs.ThrowException(SocketError error, CancellationToken cancellationToken)
   at System.Net.Sockets.Socket.AwaitableSocketAsyncEventArgs.System.Threading.Tasks.Sources.IValueTaskSource.GetResult(Int16 token)
   at System.Net.Sockets.Socket.<ConnectAsync>g__WaitForConnectWithCancellation|285_0(AwaitableSocketAsyncEventArgs saea, ValueTask connectTask, CancellationToken cancellationToken)
   at System.Net.Http.HttpConnectionPool.ConnectToTcpHostAsync(String host, Int32 port, HttpRequestMessage initialRequest, Boolean async, CancellationToken cancellationToken)
   --- End of inner exception stack trace ---
   at System.Net.Http.HttpConnectionPool.ConnectToTcpHostAsync(String host, Int32 port, HttpRequestMessage initialRequest, Boolean async, CancellationToken cancellationToken)
   at System.Net.Http.HttpConnectionPool.ConnectAsync(HttpRequestMessage request, Boolean async, CancellationToken cancellationToken)
   at System.Net.Http.HttpConnectionPool.CreateHttp11ConnectionAsync(HttpRequestMessage request, Boolean async, CancellationToken cancellationToken)
   at System.Net.Http.HttpConnectionPool.AddHttp11ConnectionAsync(QueueItem queueItem)
   at System.Threading.Tasks.TaskCompletionSourceWithCancellation`1.WaitWithCancellationAsync(CancellationToken cancellationToken)
   at System.Net.Http.HttpConnectionPool.SendWithVersionDetectionAndRetryAsync(HttpRequestMessage request, Boolean async, Boolean doRequestAuth, CancellationToken cancellationToken)
   at System.Net.Http.DiagnosticsHandler.SendAsyncCore(HttpRequestMessage request, Boolean async, CancellationToken cancellationToken)
   at System.Net.Http.RedirectHandler.SendAsync(HttpRequestMessage request, Boolean async, CancellationToken cancellationToken)
   at Microsoft.Extensions.Http.Logging.LoggingHttpMessageHandler.<SendCoreAsync>g__Core|5_0(HttpRequestMessage request, Boolean useAsync, CancellationToken cancellationToken)
   at Microsoft.Extensions.Http.Logging.LoggingScopeHttpMessageHandler.<SendCoreAsync>g__Core|5_0(HttpRequestMessage request, Boolean useAsync, CancellationToken cancellationToken)
   at System.Net.Http.HttpClient.<SendAsync>g__Core|83_0(HttpRequestMessage request, HttpCompletionOption completionOption, CancellationTokenSource cts, Boolean disposeCts, CancellationTokenSource pendingRequestsCts, CancellationToken originalCancellationToken)
   at AlgoWorker.Services.UpstoxRestClient.GetAuthorizedWebSocketUrlAsync(CancellationToken ct) in C:\CaptainsALGO\Dashboard\AlgoWorker\Services\UpstoxRestClient.cs:line 404
   at AlgoWorker.Services.UpstoxWebSocketClient.ConnectAndSubscribeAsync(IReadOnlyCollection`1 instrumentKeys, CancellationToken ct) in C:\CaptainsALGO\Dashboard\AlgoWorker\Services\UpstoxWebSocketClient.cs:line 88
   at AlgoWorker.Services.UpstoxWebSocketClient.RunAsync(IReadOnlyCollection`1 instrumentKeys, CancellationToken ct) in C:\CaptainsALGO\Dashboard\AlgoWorker\Services\UpstoxWebSocketClient.cs:line 52
2026-10-01 09:38:22.033 +05:30 [WRN] AlgoWorker.Worker: WebSocket disconnected: No such host is known. (api.upstox.com:443)
2026-10-01 09:39:22.292 +05:30 [WRN] AlgoWorker.Services.UpstoxWebSocketClient: WebSocket connection lost/failed. Reconnecting in 60s...
System.Net.Http.HttpRequestException: No such host is known. (api.upstox.com:443)
 ---> System.Net.Sockets.SocketException (11001): No such host is known.
   at System.Net.Sockets.Socket.AwaitableSocketAsyncEventArgs.ThrowException(SocketError error, CancellationToken cancellationToken)
   at System.Net.Sockets.Socket.AwaitableSocketAsyncEventArgs.System.Threading.Tasks.Sources.IValueTaskSource.GetResult(Int16 token)
   at System.Net.Sockets.Socket.<ConnectAsync>g__WaitForConnectWithCancellation|285_0(AwaitableSocketAsyncEventArgs saea, ValueTask connectTask, CancellationToken cancellationToken)
   at System.Net.Http.HttpConnectionPool.ConnectToTcpHostAsync(String host, Int32 port, HttpRequestMessage initialRequest, Boolean async, CancellationToken cancellationToken)
   --- End of inner exception stack trace ---
   at System.Net.Http.HttpConnectionPool.ConnectToTcpHostAsync(String host, Int32 port, HttpRequestMessage initialRequest, Boolean async, CancellationToken cancellationToken)
   at System.Net.Http.HttpConnectionPool.ConnectAsync(HttpRequestMessage request, Boolean async, CancellationToken cancellationToken)
   at System.Net.Http.HttpConnectionPool.CreateHttp11ConnectionAsync(HttpRequestMessage request, Boolean async, CancellationToken cancellationToken)
   at System.Net.Http.HttpConnectionPool.AddHttp11ConnectionAsync(QueueItem queueItem)
   at System.Threading.Tasks.TaskCompletionSourceWithCancellation`1.WaitWithCancellationAsync(CancellationToken cancellationToken)
   at System.Net.Http.HttpConnectionPool.SendWithVersionDetectionAndRetryAsync(HttpRequestMessage request, Boolean async, Boolean doRequestAuth, CancellationToken cancellationToken)
   at System.Net.Http.DiagnosticsHandler.SendAsyncCore(HttpRequestMessage request, Boolean async, CancellationToken cancellationToken)
   at System.Net.Http.RedirectHandler.SendAsync(HttpRequestMessage request, Boolean async, CancellationToken cancellationToken)
   at Microsoft.Extensions.Http.Logging.LoggingHttpMessageHandler.<SendCoreAsync>g__Core|5_0(HttpRequestMessage request, Boolean useAsync, CancellationToken cancellationToken)
   at Microsoft.Extensions.Http.Logging.LoggingScopeHttpMessageHandler.<SendCoreAsync>g__Core|5_0(HttpRequestMessage request, Boolean useAsync, CancellationToken cancellationToken)
   at System.Net.Http.HttpClient.<SendAsync>g__Core|83_0(HttpRequestMessage request, HttpCompletionOption completionOption, CancellationTokenSource cts, Boolean disposeCts, CancellationTokenSource pendingRequestsCts, CancellationToken originalCancellationToken)
   at AlgoWorker.Services.UpstoxRestClient.GetAuthorizedWebSocketUrlAsync(CancellationToken ct) in C:\CaptainsALGO\Dashboard\AlgoWorker\Services\UpstoxRestClient.cs:line 404
   at AlgoWorker.Services.UpstoxWebSocketClient.ConnectAndSubscribeAsync(IReadOnlyCollection`1 instrumentKeys, CancellationToken ct) in C:\CaptainsALGO\Dashboard\AlgoWorker\Services\UpstoxWebSocketClient.cs:line 88
   at AlgoWorker.Services.UpstoxWebSocketClient.RunAsync(IReadOnlyCollection`1 instrumentKeys, CancellationToken ct) in C:\CaptainsALGO\Dashboard\AlgoWorker\Services\UpstoxWebSocketClient.cs:line 52
2026-10-01 09:39:22.299 +05:30 [WRN] AlgoWorker.Worker: WebSocket disconnected: No such host is known. (api.upstox.com:443)
2026-10-01 09:40:22.584 +05:30 [WRN] AlgoWorker.Services.UpstoxWebSocketClient: WebSocket connection lost/failed. Reconnecting in 60s...
System.Net.Http.HttpRequestException: No such host is known. (api.upstox.com:443)
 ---> System.Net.Sockets.SocketException (11001): No such host is known.
   at System.Net.Sockets.Socket.AwaitableSocketAsyncEventArgs.ThrowException(SocketError error, CancellationToken cancellationToken)
   at System.Net.Sockets.Socket.AwaitableSocketAsyncEventArgs.System.Threading.Tasks.Sources.IValueTaskSource.GetResult(Int16 token)
   at System.Net.Sockets.Socket.<ConnectAsync>g__WaitForConnectWithCancellation|285_0(AwaitableSocketAsyncEventArgs saea, ValueTask connectTask, CancellationToken cancellationToken)
   at System.Net.Http.HttpConnectionPool.ConnectToTcpHostAsync(String host, Int32 port, HttpRequestMessage initialRequest, Boolean async, CancellationToken cancellationToken)
   --- End of inner exception stack trace ---
   at System.Net.Http.HttpConnectionPool.ConnectToTcpHostAsync(String host, Int32 port, HttpRequestMessage initialRequest, Boolean async, CancellationToken cancellationToken)
   at System.Net.Http.HttpConnectionPool.ConnectAsync(HttpRequestMessage request, Boolean async, CancellationToken cancellationToken)
   at System.Net.Http.HttpConnectionPool.CreateHttp11ConnectionAsync(HttpRequestMessage request, Boolean async, CancellationToken cancellationToken)
   at System.Net.Http.HttpConnectionPool.AddHttp11ConnectionAsync(QueueItem queueItem)
   at System.Threading.Tasks.TaskCompletionSourceWithCancellation`1.WaitWithCancellationAsync(CancellationToken cancellationToken)
   at System.Net.Http.HttpConnectionPool.SendWithVersionDetectionAndRetryAsync(HttpRequestMessage request, Boolean async, Boolean doRequestAuth, CancellationToken cancellationToken)
   at System.Net.Http.DiagnosticsHandler.SendAsyncCore(HttpRequestMessage request, Boolean async, CancellationToken cancellationToken)
   at System.Net.Http.RedirectHandler.SendAsync(HttpRequestMessage request, Boolean async, CancellationToken cancellationToken)
   at Microsoft.Extensions.Http.Logging.LoggingHttpMessageHandler.<SendCoreAsync>g__Core|5_0(HttpRequestMessage request, Boolean useAsync, CancellationToken cancellationToken)
   at Microsoft.Extensions.Http.Logging.LoggingScopeHttpMessageHandler.<SendCoreAsync>g__Core|5_0(HttpRequestMessage request, Boolean useAsync, CancellationToken cancellationToken)
   at System.Net.Http.HttpClient.<SendAsync>g__Core|83_0(HttpRequestMessage request, HttpCompletionOption completionOption, CancellationTokenSource cts, Boolean disposeCts, CancellationTokenSource pendingRequestsCts, CancellationToken originalCancellationToken)
   at AlgoWorker.Services.UpstoxRestClient.GetAuthorizedWebSocketUrlAsync(CancellationToken ct) in C:\CaptainsALGO\Dashboard\AlgoWorker\Services\UpstoxRestClient.cs:line 404
   at AlgoWorker.Services.UpstoxWebSocketClient.ConnectAndSubscribeAsync(IReadOnlyCollection`1 instrumentKeys, CancellationToken ct) in C:\CaptainsALGO\Dashboard\AlgoWorker\Services\UpstoxWebSocketClient.cs:line 88
   at AlgoWorker.Services.UpstoxWebSocketClient.RunAsync(IReadOnlyCollection`1 instrumentKeys, CancellationToken ct) in C:\CaptainsALGO\Dashboard\AlgoWorker\Services\UpstoxWebSocketClient.cs:line 52
2026-10-01 09:40:22.592 +05:30 [WRN] AlgoWorker.Worker: WebSocket disconnected: No such host is known. (api.upstox.com:443)
2026-10-01 09:41:22.806 +05:30 [WRN] AlgoWorker.Services.UpstoxWebSocketClient: WebSocket connection lost/failed. Reconnecting in 60s...
System.Net.Http.HttpRequestException: No such host is known. (api.upstox.com:443)
 ---> System.Net.Sockets.SocketException (11001): No such host is known.
   at System.Net.Sockets.Socket.AwaitableSocketAsyncEventArgs.ThrowException(SocketError error, CancellationToken cancellationToken)
   at System.Net.Sockets.Socket.AwaitableSocketAsyncEventArgs.System.Threading.Tasks.Sources.IValueTaskSource.GetResult(Int16 token)
   at System.Net.Sockets.Socket.<ConnectAsync>g__WaitForConnectWithCancellation|285_0(AwaitableSocketAsyncEventArgs saea, ValueTask connectTask, CancellationToken cancellationToken)
   at System.Net.Http.HttpConnectionPool.ConnectToTcpHostAsync(String host, Int32 port, HttpRequestMessage initialRequest, Boolean async, CancellationToken cancellationToken)
   --- End of inner exception stack trace ---
   at System.Net.Http.HttpConnectionPool.ConnectToTcpHostAsync(String host, Int32 port, HttpRequestMessage initialRequest, Boolean async, CancellationToken cancellationToken)
   at System.Net.Http.HttpConnectionPool.ConnectAsync(HttpRequestMessage request, Boolean async, CancellationToken cancellationToken)
   at System.Net.Http.HttpConnectionPool.CreateHttp11ConnectionAsync(HttpRequestMessage request, Boolean async, CancellationToken cancellationToken)
   at System.Net.Http.HttpConnectionPool.AddHttp11ConnectionAsync(QueueItem queueItem)
   at System.Threading.Tasks.TaskCompletionSourceWithCancellation`1.WaitWithCancellationAsync(CancellationToken cancellationToken)
   at System.Net.Http.HttpConnectionPool.SendWithVersionDetectionAndRetryAsync(HttpRequestMessage request, Boolean async, Boolean doRequestAuth, CancellationToken cancellationToken)
   at System.Net.Http.DiagnosticsHandler.SendAsyncCore(HttpRequestMessage request, Boolean async, CancellationToken cancellationToken)
   at System.Net.Http.RedirectHandler.SendAsync(HttpRequestMessage request, Boolean async, CancellationToken cancellationToken)
   at Microsoft.Extensions.Http.Logging.LoggingHttpMessageHandler.<SendCoreAsync>g__Core|5_0(HttpRequestMessage request, Boolean useAsync, CancellationToken cancellationToken)
   at Microsoft.Extensions.Http.Logging.LoggingScopeHttpMessageHandler.<SendCoreAsync>g__Core|5_0(HttpRequestMessage request, Boolean useAsync, CancellationToken cancellationToken)
   at System.Net.Http.HttpClient.<SendAsync>g__Core|83_0(HttpRequestMessage request, HttpCompletionOption completionOption, CancellationTokenSource cts, Boolean disposeCts, CancellationTokenSource pendingRequestsCts, CancellationToken originalCancellationToken)
   at AlgoWorker.Services.UpstoxRestClient.GetAuthorizedWebSocketUrlAsync(CancellationToken ct) in C:\CaptainsALGO\Dashboard\AlgoWorker\Services\UpstoxRestClient.cs:line 404
   at AlgoWorker.Services.UpstoxWebSocketClient.ConnectAndSubscribeAsync(IReadOnlyCollection`1 instrumentKeys, CancellationToken ct) in C:\CaptainsALGO\Dashboard\AlgoWorker\Services\UpstoxWebSocketClient.cs:line 88
   at AlgoWorker.Services.UpstoxWebSocketClient.RunAsync(IReadOnlyCollection`1 instrumentKeys, CancellationToken ct) in C:\CaptainsALGO\Dashboard\AlgoWorker\Services\UpstoxWebSocketClient.cs:line 52
2026-10-01 09:41:22.815 +05:30 [WRN] AlgoWorker.Worker: WebSocket disconnected: No such host is known. (api.upstox.com:443)
2026-10-01 09:42:23.071 +05:30 [WRN] AlgoWorker.Services.UpstoxWebSocketClient: WebSocket connection lost/failed. Reconnecting in 60s...
System.Net.Http.HttpRequestException: No such host is known. (api.upstox.com:443)
 ---> System.Net.Sockets.SocketException (11001): No such host is known.
   at System.Net.Sockets.Socket.AwaitableSocketAsyncEventArgs.ThrowException(SocketError error, CancellationToken cancellationToken)
   at System.Net.Sockets.Socket.AwaitableSocketAsyncEventArgs.System.Threading.Tasks.Sources.IValueTaskSource.GetResult(Int16 token)
   at System.Net.Sockets.Socket.<ConnectAsync>g__WaitForConnectWithCancellation|285_0(AwaitableSocketAsyncEventArgs saea, ValueTask connectTask, CancellationToken cancellationToken)
   at System.Net.Http.HttpConnectionPool.ConnectToTcpHostAsync(String host, Int32 port, HttpRequestMessage initialRequest, Boolean async, CancellationToken cancellationToken)
   --- End of inner exception stack trace ---
   at System.Net.Http.HttpConnectionPool.ConnectToTcpHostAsync(String host, Int32 port, HttpRequestMessage initialRequest, Boolean async, CancellationToken cancellationToken)
   at System.Net.Http.HttpConnectionPool.ConnectAsync(HttpRequestMessage request, Boolean async, CancellationToken cancellationToken)
   at System.Net.Http.HttpConnectionPool.CreateHttp11ConnectionAsync(HttpRequestMessage request, Boolean async, CancellationToken cancellationToken)
   at System.Net.Http.HttpConnectionPool.AddHttp11ConnectionAsync(QueueItem queueItem)
   at System.Threading.Tasks.TaskCompletionSourceWithCancellation`1.WaitWithCancellationAsync(CancellationToken cancellationToken)
   at System.Net.Http.HttpConnectionPool.SendWithVersionDetectionAndRetryAsync(HttpRequestMessage request, Boolean async, Boolean doRequestAuth, CancellationToken cancellationToken)
   at System.Net.Http.DiagnosticsHandler.SendAsyncCore(HttpRequestMessage request, Boolean async, CancellationToken cancellationToken)
   at System.Net.Http.RedirectHandler.SendAsync(HttpRequestMessage request, Boolean async, CancellationToken cancellationToken)
   at Microsoft.Extensions.Http.Logging.LoggingHttpMessageHandler.<SendCoreAsync>g__Core|5_0(HttpRequestMessage request, Boolean useAsync, CancellationToken cancellationToken)
   at Microsoft.Extensions.Http.Logging.LoggingScopeHttpMessageHandler.<SendCoreAsync>g__Core|5_0(HttpRequestMessage request, Boolean useAsync, CancellationToken cancellationToken)
   at System.Net.Http.HttpClient.<SendAsync>g__Core|83_0(HttpRequestMessage request, HttpCompletionOption completionOption, CancellationTokenSource cts, Boolean disposeCts, CancellationTokenSource pendingRequestsCts, CancellationToken originalCancellationToken)
   at AlgoWorker.Services.UpstoxRestClient.GetAuthorizedWebSocketUrlAsync(CancellationToken ct) in C:\CaptainsALGO\Dashboard\AlgoWorker\Services\UpstoxRestClient.cs:line 404
   at AlgoWorker.Services.UpstoxWebSocketClient.ConnectAndSubscribeAsync(IReadOnlyCollection`1 instrumentKeys, CancellationToken ct) in C:\CaptainsALGO\Dashboard\AlgoWorker\Services\UpstoxWebSocketClient.cs:line 88
   at AlgoWorker.Services.UpstoxWebSocketClient.RunAsync(IReadOnlyCollection`1 instrumentKeys, CancellationToken ct) in C:\CaptainsALGO\Dashboard\AlgoWorker\Services\UpstoxWebSocketClient.cs:line 52
2026-10-01 09:42:23.080 +05:30 [WRN] AlgoWorker.Worker: WebSocket disconnected: No such host is known. (api.upstox.com:443)
2026-10-01 09:43:23.352 +05:30 [WRN] AlgoWorker.Services.UpstoxWebSocketClient: WebSocket connection lost/failed. Reconnecting in 60s...
System.Net.Http.HttpRequestException: No such host is known. (api.upstox.com:443)
 ---> System.Net.Sockets.SocketException (11001): No such host is known.
   at System.Net.Sockets.Socket.AwaitableSocketAsyncEventArgs.ThrowException(SocketError error, CancellationToken cancellationToken)
   at System.Net.Sockets.Socket.AwaitableSocketAsyncEventArgs.System.Threading.Tasks.Sources.IValueTaskSource.GetResult(Int16 token)
   at System.Net.Sockets.Socket.<ConnectAsync>g__WaitForConnectWithCancellation|285_0(AwaitableSocketAsyncEventArgs saea, ValueTask connectTask, CancellationToken cancellationToken)
   at System.Net.Http.HttpConnectionPool.ConnectToTcpHostAsync(String host, Int32 port, HttpRequestMessage initialRequest, Boolean async, CancellationToken cancellationToken)
   --- End of inner exception stack trace ---
   at System.Net.Http.HttpConnectionPool.ConnectToTcpHostAsync(String host, Int32 port, HttpRequestMessage initialRequest, Boolean async, CancellationToken cancellationToken)
   at System.Net.Http.HttpConnectionPool.ConnectAsync(HttpRequestMessage request, Boolean async, CancellationToken cancellationToken)
   at System.Net.Http.HttpConnectionPool.CreateHttp11ConnectionAsync(HttpRequestMessage request, Boolean async, CancellationToken cancellationToken)
   at System.Net.Http.HttpConnectionPool.AddHttp11ConnectionAsync(QueueItem queueItem)
   at System.Threading.Tasks.TaskCompletionSourceWithCancellation`1.WaitWithCancellationAsync(CancellationToken cancellationToken)
   at System.Net.Http.HttpConnectionPool.SendWithVersionDetectionAndRetryAsync(HttpRequestMessage request, Boolean async, Boolean doRequestAuth, CancellationToken cancellationToken)
   at System.Net.Http.DiagnosticsHandler.SendAsyncCore(HttpRequestMessage request, Boolean async, CancellationToken cancellationToken)
   at System.Net.Http.RedirectHandler.SendAsync(HttpRequestMessage request, Boolean async, CancellationToken cancellationToken)
   at Microsoft.Extensions.Http.Logging.LoggingHttpMessageHandler.<SendCoreAsync>g__Core|5_0(HttpRequestMessage request, Boolean useAsync, CancellationToken cancellationToken)
   at Microsoft.Extensions.Http.Logging.LoggingScopeHttpMessageHandler.<SendCoreAsync>g__Core|5_0(HttpRequestMessage request, Boolean useAsync, CancellationToken cancellationToken)
   at System.Net.Http.HttpClient.<SendAsync>g__Core|83_0(HttpRequestMessage request, HttpCompletionOption completionOption, CancellationTokenSource cts, Boolean disposeCts, CancellationTokenSource pendingRequestsCts, CancellationToken originalCancellationToken)
   at AlgoWorker.Services.UpstoxRestClient.GetAuthorizedWebSocketUrlAsync(CancellationToken ct) in C:\CaptainsALGO\Dashboard\AlgoWorker\Services\UpstoxRestClient.cs:line 404
   at AlgoWorker.Services.UpstoxWebSocketClient.ConnectAndSubscribeAsync(IReadOnlyCollection`1 instrumentKeys, CancellationToken ct) in C:\CaptainsALGO\Dashboard\AlgoWorker\Services\UpstoxWebSocketClient.cs:line 88
   at AlgoWorker.Services.UpstoxWebSocketClient.RunAsync(IReadOnlyCollection`1 instrumentKeys, CancellationToken ct) in C:\CaptainsALGO\Dashboard\AlgoWorker\Services\UpstoxWebSocketClient.cs:line 52
2026-10-01 09:43:23.359 +05:30 [WRN] AlgoWorker.Worker: WebSocket disconnected: No such host is known. (api.upstox.com:443)
2026-10-01 09:44:23.603 +05:30 [WRN] AlgoWorker.Services.UpstoxWebSocketClient: WebSocket connection lost/failed. Reconnecting in 60s...
System.Net.Http.HttpRequestException: No such host is known. (api.upstox.com:443)
 ---> System.Net.Sockets.SocketException (11001): No such host is known.
   at System.Net.Sockets.Socket.AwaitableSocketAsyncEventArgs.ThrowException(SocketError error, CancellationToken cancellationToken)
   at System.Net.Sockets.Socket.AwaitableSocketAsyncEventArgs.System.Threading.Tasks.Sources.IValueTaskSource.GetResult(Int16 token)
   at System.Net.Sockets.Socket.<ConnectAsync>g__WaitForConnectWithCancellation|285_0(AwaitableSocketAsyncEventArgs saea, ValueTask connectTask, CancellationToken cancellationToken)
   at System.Net.Http.HttpConnectionPool.ConnectToTcpHostAsync(String host, Int32 port, HttpRequestMessage initialRequest, Boolean async, CancellationToken cancellationToken)
   --- End of inner exception stack trace ---
   at System.Net.Http.HttpConnectionPool.ConnectToTcpHostAsync(String host, Int32 port, HttpRequestMessage initialRequest, Boolean async, CancellationToken cancellationToken)
   at System.Net.Http.HttpConnectionPool.ConnectAsync(HttpRequestMessage request, Boolean async, CancellationToken cancellationToken)
   at System.Net.Http.HttpConnectionPool.CreateHttp11ConnectionAsync(HttpRequestMessage request, Boolean async, CancellationToken cancellationToken)
   at System.Net.Http.HttpConnectionPool.AddHttp11ConnectionAsync(QueueItem queueItem)
   at System.Threading.Tasks.TaskCompletionSourceWithCancellation`1.WaitWithCancellationAsync(CancellationToken cancellationToken)
   at System.Net.Http.HttpConnectionPool.SendWithVersionDetectionAndRetryAsync(HttpRequestMessage request, Boolean async, Boolean doRequestAuth, CancellationToken cancellationToken)
   at System.Net.Http.DiagnosticsHandler.SendAsyncCore(HttpRequestMessage request, Boolean async, CancellationToken cancellationToken)
   at System.Net.Http.RedirectHandler.SendAsync(HttpRequestMessage request, Boolean async, CancellationToken cancellationToken)
   at Microsoft.Extensions.Http.Logging.LoggingHttpMessageHandler.<SendCoreAsync>g__Core|5_0(HttpRequestMessage request, Boolean useAsync, CancellationToken cancellationToken)
   at Microsoft.Extensions.Http.Logging.LoggingScopeHttpMessageHandler.<SendCoreAsync>g__Core|5_0(HttpRequestMessage request, Boolean useAsync, CancellationToken cancellationToken)
   at System.Net.Http.HttpClient.<SendAsync>g__Core|83_0(HttpRequestMessage request, HttpCompletionOption completionOption, CancellationTokenSource cts, Boolean disposeCts, CancellationTokenSource pendingRequestsCts, CancellationToken originalCancellationToken)
   at AlgoWorker.Services.UpstoxRestClient.GetAuthorizedWebSocketUrlAsync(CancellationToken ct) in C:\CaptainsALGO\Dashboard\AlgoWorker\Services\UpstoxRestClient.cs:line 404
   at AlgoWorker.Services.UpstoxWebSocketClient.ConnectAndSubscribeAsync(IReadOnlyCollection`1 instrumentKeys, CancellationToken ct) in C:\CaptainsALGO\Dashboard\AlgoWorker\Services\UpstoxWebSocketClient.cs:line 88
   at AlgoWorker.Services.UpstoxWebSocketClient.RunAsync(IReadOnlyCollection`1 instrumentKeys, CancellationToken ct) in C:\CaptainsALGO\Dashboard\AlgoWorker\Services\UpstoxWebSocketClient.cs:line 52
2026-10-01 09:44:23.612 +05:30 [WRN] AlgoWorker.Worker: WebSocket disconnected: No such host is known. (api.upstox.com:443)
2026-10-01 09:45:23.947 +05:30 [WRN] AlgoWorker.Services.UpstoxWebSocketClient: WebSocket connection lost/failed. Reconnecting in 60s...
System.Net.Http.HttpRequestException: No such host is known. (api.upstox.com:443)
 ---> System.Net.Sockets.SocketException (11001): No such host is known.
   at System.Net.Sockets.Socket.AwaitableSocketAsyncEventArgs.ThrowException(SocketError error, CancellationToken cancellationToken)
   at System.Net.Sockets.Socket.AwaitableSocketAsyncEventArgs.System.Threading.Tasks.Sources.IValueTaskSource.GetResult(Int16 token)
   at System.Net.Sockets.Socket.<ConnectAsync>g__WaitForConnectWithCancellation|285_0(AwaitableSocketAsyncEventArgs saea, ValueTask connectTask, CancellationToken cancellationToken)
   at System.Net.Http.HttpConnectionPool.ConnectToTcpHostAsync(String host, Int32 port, HttpRequestMessage initialRequest, Boolean async, CancellationToken cancellationToken)
   --- End of inner exception stack trace ---
   at System.Net.Http.HttpConnectionPool.ConnectToTcpHostAsync(String host, Int32 port, HttpRequestMessage initialRequest, Boolean async, CancellationToken cancellationToken)
   at System.Net.Http.HttpConnectionPool.ConnectAsync(HttpRequestMessage request, Boolean async, CancellationToken cancellationToken)
   at System.Net.Http.HttpConnectionPool.CreateHttp11ConnectionAsync(HttpRequestMessage request, Boolean async, CancellationToken cancellationToken)
   at System.Net.Http.HttpConnectionPool.AddHttp11ConnectionAsync(QueueItem queueItem)
   at System.Threading.Tasks.TaskCompletionSourceWithCancellation`1.WaitWithCancellationAsync(CancellationToken cancellationToken)
   at System.Net.Http.HttpConnectionPool.SendWithVersionDetectionAndRetryAsync(HttpRequestMessage request, Boolean async, Boolean doRequestAuth, CancellationToken cancellationToken)
   at System.Net.Http.DiagnosticsHandler.SendAsyncCore(HttpRequestMessage request, Boolean async, CancellationToken cancellationToken)
   at System.Net.Http.RedirectHandler.SendAsync(HttpRequestMessage request, Boolean async, CancellationToken cancellationToken)
   at Microsoft.Extensions.Http.Logging.LoggingHttpMessageHandler.<SendCoreAsync>g__Core|5_0(HttpRequestMessage request, Boolean useAsync, CancellationToken cancellationToken)
   at Microsoft.Extensions.Http.Logging.LoggingScopeHttpMessageHandler.<SendCoreAsync>g__Core|5_0(HttpRequestMessage request, Boolean useAsync, CancellationToken cancellationToken)
   at System.Net.Http.HttpClient.<SendAsync>g__Core|83_0(HttpRequestMessage request, HttpCompletionOption completionOption, CancellationTokenSource cts, Boolean disposeCts, CancellationTokenSource pendingRequestsCts, CancellationToken originalCancellationToken)
   at AlgoWorker.Services.UpstoxRestClient.GetAuthorizedWebSocketUrlAsync(CancellationToken ct) in C:\CaptainsALGO\Dashboard\AlgoWorker\Services\UpstoxRestClient.cs:line 404
   at AlgoWorker.Services.UpstoxWebSocketClient.ConnectAndSubscribeAsync(IReadOnlyCollection`1 instrumentKeys, CancellationToken ct) in C:\CaptainsALGO\Dashboard\AlgoWorker\Services\UpstoxWebSocketClient.cs:line 88
   at AlgoWorker.Services.UpstoxWebSocketClient.RunAsync(IReadOnlyCollection`1 instrumentKeys, CancellationToken ct) in C:\CaptainsALGO\Dashboard\AlgoWorker\Services\UpstoxWebSocketClient.cs:line 52
2026-10-01 09:45:23.962 +05:30 [WRN] AlgoWorker.Worker: WebSocket disconnected: No such host is known. (api.upstox.com:443)
2026-10-01 09:46:24.235 +05:30 [WRN] AlgoWorker.Services.UpstoxWebSocketClient: WebSocket connection lost/failed. Reconnecting in 60s...
System.Net.Http.HttpRequestException: No such host is known. (api.upstox.com:443)
 ---> System.Net.Sockets.SocketException (11001): No such host is known.
   at System.Net.Sockets.Socket.AwaitableSocketAsyncEventArgs.ThrowException(SocketError error, CancellationToken cancellationToken)
   at System.Net.Sockets.Socket.AwaitableSocketAsyncEventArgs.System.Threading.Tasks.Sources.IValueTaskSource.GetResult(Int16 token)
   at System.Net.Sockets.Socket.<ConnectAsync>g__WaitForConnectWithCancellation|285_0(AwaitableSocketAsyncEventArgs saea, ValueTask connectTask, CancellationToken cancellationToken)
   at System.Net.Http.HttpConnectionPool.ConnectToTcpHostAsync(String host, Int32 port, HttpRequestMessage initialRequest, Boolean async, CancellationToken cancellationToken)
   --- End of inner exception stack trace ---
   at System.Net.Http.HttpConnectionPool.ConnectToTcpHostAsync(String host, Int32 port, HttpRequestMessage initialRequest, Boolean async, CancellationToken cancellationToken)
   at System.Net.Http.HttpConnectionPool.ConnectAsync(HttpRequestMessage request, Boolean async, CancellationToken cancellationToken)
   at System.Net.Http.HttpConnectionPool.CreateHttp11ConnectionAsync(HttpRequestMessage request, Boolean async, CancellationToken cancellationToken)
   at System.Net.Http.HttpConnectionPool.AddHttp11ConnectionAsync(QueueItem queueItem)
   at System.Threading.Tasks.TaskCompletionSourceWithCancellation`1.WaitWithCancellationAsync(CancellationToken cancellationToken)
   at System.Net.Http.HttpConnectionPool.SendWithVersionDetectionAndRetryAsync(HttpRequestMessage request, Boolean async, Boolean doRequestAuth, CancellationToken cancellationToken)
   at System.Net.Http.DiagnosticsHandler.SendAsyncCore(HttpRequestMessage request, Boolean async, CancellationToken cancellationToken)
   at System.Net.Http.RedirectHandler.SendAsync(HttpRequestMessage request, Boolean async, CancellationToken cancellationToken)
   at Microsoft.Extensions.Http.Logging.LoggingHttpMessageHandler.<SendCoreAsync>g__Core|5_0(HttpRequestMessage request, Boolean useAsync, CancellationToken cancellationToken)
   at Microsoft.Extensions.Http.Logging.LoggingScopeHttpMessageHandler.<SendCoreAsync>g__Core|5_0(HttpRequestMessage request, Boolean useAsync, CancellationToken cancellationToken)
   at System.Net.Http.HttpClient.<SendAsync>g__Core|83_0(HttpRequestMessage request, HttpCompletionOption completionOption, CancellationTokenSource cts, Boolean disposeCts, CancellationTokenSource pendingRequestsCts, CancellationToken originalCancellationToken)
   at AlgoWorker.Services.UpstoxRestClient.GetAuthorizedWebSocketUrlAsync(CancellationToken ct) in C:\CaptainsALGO\Dashboard\AlgoWorker\Services\UpstoxRestClient.cs:line 404
   at AlgoWorker.Services.UpstoxWebSocketClient.ConnectAndSubscribeAsync(IReadOnlyCollection`1 instrumentKeys, CancellationToken ct) in C:\CaptainsALGO\Dashboard\AlgoWorker\Services\UpstoxWebSocketClient.cs:line 88
   at AlgoWorker.Services.UpstoxWebSocketClient.RunAsync(IReadOnlyCollection`1 instrumentKeys, CancellationToken ct) in C:\CaptainsALGO\Dashboard\AlgoWorker\Services\UpstoxWebSocketClient.cs:line 52
2026-10-01 09:46:24.244 +05:30 [WRN] AlgoWorker.Worker: WebSocket disconnected: No such host is known. (api.upstox.com:443)
2026-10-01 09:47:24.474 +05:30 [WRN] AlgoWorker.Services.UpstoxWebSocketClient: WebSocket connection lost/failed. Reconnecting in 60s...
System.Net.Http.HttpRequestException: No such host is known. (api.upstox.com:443)
 ---> System.Net.Sockets.SocketException (11001): No such host is known.
   at System.Net.Sockets.Socket.AwaitableSocketAsyncEventArgs.ThrowException(SocketError error, CancellationToken cancellationToken)
   at System.Net.Sockets.Socket.AwaitableSocketAsyncEventArgs.System.Threading.Tasks.Sources.IValueTaskSource.GetResult(Int16 token)
   at System.Net.Sockets.Socket.<ConnectAsync>g__WaitForConnectWithCancellation|285_0(AwaitableSocketAsyncEventArgs saea, ValueTask connectTask, CancellationToken cancellationToken)
   at System.Net.Http.HttpConnectionPool.ConnectToTcpHostAsync(String host, Int32 port, HttpRequestMessage initialRequest, Boolean async, CancellationToken cancellationToken)
   --- End of inner exception stack trace ---
   at System.Net.Http.HttpConnectionPool.ConnectToTcpHostAsync(String host, Int32 port, HttpRequestMessage initialRequest, Boolean async, CancellationToken cancellationToken)
   at System.Net.Http.HttpConnectionPool.ConnectAsync(HttpRequestMessage request, Boolean async, CancellationToken cancellationToken)
   at System.Net.Http.HttpConnectionPool.CreateHttp11ConnectionAsync(HttpRequestMessage request, Boolean async, CancellationToken cancellationToken)
   at System.Net.Http.HttpConnectionPool.AddHttp11ConnectionAsync(QueueItem queueItem)
   at System.Threading.Tasks.TaskCompletionSourceWithCancellation`1.WaitWithCancellationAsync(CancellationToken cancellationToken)
   at System.Net.Http.HttpConnectionPool.SendWithVersionDetectionAndRetryAsync(HttpRequestMessage request, Boolean async, Boolean doRequestAuth, CancellationToken cancellationToken)
   at System.Net.Http.DiagnosticsHandler.SendAsyncCore(HttpRequestMessage request, Boolean async, CancellationToken cancellationToken)
   at System.Net.Http.RedirectHandler.SendAsync(HttpRequestMessage request, Boolean async, CancellationToken cancellationToken)
   at Microsoft.Extensions.Http.Logging.LoggingHttpMessageHandler.<SendCoreAsync>g__Core|5_0(HttpRequestMessage request, Boolean useAsync, CancellationToken cancellationToken)
   at Microsoft.Extensions.Http.Logging.LoggingScopeHttpMessageHandler.<SendCoreAsync>g__Core|5_0(HttpRequestMessage request, Boolean useAsync, CancellationToken cancellationToken)
   at System.Net.Http.HttpClient.<SendAsync>g__Core|83_0(HttpRequestMessage request, HttpCompletionOption completionOption, CancellationTokenSource cts, Boolean disposeCts, CancellationTokenSource pendingRequestsCts, CancellationToken originalCancellationToken)
   at AlgoWorker.Services.UpstoxRestClient.GetAuthorizedWebSocketUrlAsync(CancellationToken ct) in C:\CaptainsALGO\Dashboard\AlgoWorker\Services\UpstoxRestClient.cs:line 404
   at AlgoWorker.Services.UpstoxWebSocketClient.ConnectAndSubscribeAsync(IReadOnlyCollection`1 instrumentKeys, CancellationToken ct) in C:\CaptainsALGO\Dashboard\AlgoWorker\Services\UpstoxWebSocketClient.cs:line 88
   at AlgoWorker.Services.UpstoxWebSocketClient.RunAsync(IReadOnlyCollection`1 instrumentKeys, CancellationToken ct) in C:\CaptainsALGO\Dashboard\AlgoWorker\Services\UpstoxWebSocketClient.cs:line 52
2026-10-01 09:47:24.482 +05:30 [WRN] AlgoWorker.Worker: WebSocket disconnected: No such host is known. (api.upstox.com:443)
2026-10-01 09:48:24.760 +05:30 [WRN] AlgoWorker.Services.UpstoxWebSocketClient: WebSocket connection lost/failed. Reconnecting in 60s...
System.Net.Http.HttpRequestException: No such host is known. (api.upstox.com:443)
 ---> System.Net.Sockets.SocketException (11001): No such host is known.
   at System.Net.Sockets.Socket.AwaitableSocketAsyncEventArgs.ThrowException(SocketError error, CancellationToken cancellationToken)
   at System.Net.Sockets.Socket.AwaitableSocketAsyncEventArgs.System.Threading.Tasks.Sources.IValueTaskSource.GetResult(Int16 token)
   at System.Net.Sockets.Socket.<ConnectAsync>g__WaitForConnectWithCancellation|285_0(AwaitableSocketAsyncEventArgs saea, ValueTask connectTask, CancellationToken cancellationToken)
   at System.Net.Http.HttpConnectionPool.ConnectToTcpHostAsync(String host, Int32 port, HttpRequestMessage initialRequest, Boolean async, CancellationToken cancellationToken)
   --- End of inner exception stack trace ---
   at System.Net.Http.HttpConnectionPool.ConnectToTcpHostAsync(String host, Int32 port, HttpRequestMessage initialRequest, Boolean async, CancellationToken cancellationToken)
   at System.Net.Http.HttpConnectionPool.ConnectAsync(HttpRequestMessage request, Boolean async, CancellationToken cancellationToken)
   at System.Net.Http.HttpConnectionPool.CreateHttp11ConnectionAsync(HttpRequestMessage request, Boolean async, CancellationToken cancellationToken)
   at System.Net.Http.HttpConnectionPool.AddHttp11ConnectionAsync(QueueItem queueItem)
   at System.Threading.Tasks.TaskCompletionSourceWithCancellation`1.WaitWithCancellationAsync(CancellationToken cancellationToken)
   at System.Net.Http.HttpConnectionPool.SendWithVersionDetectionAndRetryAsync(HttpRequestMessage request, Boolean async, Boolean doRequestAuth, CancellationToken cancellationToken)
   at System.Net.Http.DiagnosticsHandler.SendAsyncCore(HttpRequestMessage request, Boolean async, CancellationToken cancellationToken)
   at System.Net.Http.RedirectHandler.SendAsync(HttpRequestMessage request, Boolean async, CancellationToken cancellationToken)
   at Microsoft.Extensions.Http.Logging.LoggingHttpMessageHandler.<SendCoreAsync>g__Core|5_0(HttpRequestMessage request, Boolean useAsync, CancellationToken cancellationToken)
   at Microsoft.Extensions.Http.Logging.LoggingScopeHttpMessageHandler.<SendCoreAsync>g__Core|5_0(HttpRequestMessage request, Boolean useAsync, CancellationToken cancellationToken)
   at System.Net.Http.HttpClient.<SendAsync>g__Core|83_0(HttpRequestMessage request, HttpCompletionOption completionOption, CancellationTokenSource cts, Boolean disposeCts, CancellationTokenSource pendingRequestsCts, CancellationToken originalCancellationToken)
   at AlgoWorker.Services.UpstoxRestClient.GetAuthorizedWebSocketUrlAsync(CancellationToken ct) in C:\CaptainsALGO\Dashboard\AlgoWorker\Services\UpstoxRestClient.cs:line 404
   at AlgoWorker.Services.UpstoxWebSocketClient.ConnectAndSubscribeAsync(IReadOnlyCollection`1 instrumentKeys, CancellationToken ct) in C:\CaptainsALGO\Dashboard\AlgoWorker\Services\UpstoxWebSocketClient.cs:line 88
   at AlgoWorker.Services.UpstoxWebSocketClient.RunAsync(IReadOnlyCollection`1 instrumentKeys, CancellationToken ct) in C:\CaptainsALGO\Dashboard\AlgoWorker\Services\UpstoxWebSocketClient.cs:line 52
2026-10-01 09:48:24.767 +05:30 [WRN] AlgoWorker.Worker: WebSocket disconnected: No such host is known. (api.upstox.com:443)
2026-10-01 09:49:24.999 +05:30 [WRN] AlgoWorker.Services.UpstoxWebSocketClient: WebSocket connection lost/failed. Reconnecting in 60s...
System.Net.Http.HttpRequestException: No such host is known. (api.upstox.com:443)
 ---> System.Net.Sockets.SocketException (11001): No such host is known.
   at System.Net.Sockets.Socket.AwaitableSocketAsyncEventArgs.ThrowException(SocketError error, CancellationToken cancellationToken)
   at System.Net.Sockets.Socket.AwaitableSocketAsyncEventArgs.System.Threading.Tasks.Sources.IValueTaskSource.GetResult(Int16 token)
   at System.Net.Sockets.Socket.<ConnectAsync>g__WaitForConnectWithCancellation|285_0(AwaitableSocketAsyncEventArgs saea, ValueTask connectTask, CancellationToken cancellationToken)
   at System.Net.Http.HttpConnectionPool.ConnectToTcpHostAsync(String host, Int32 port, HttpRequestMessage initialRequest, Boolean async, CancellationToken cancellationToken)
   --- End of inner exception stack trace ---
   at System.Net.Http.HttpConnectionPool.ConnectToTcpHostAsync(String host, Int32 port, HttpRequestMessage initialRequest, Boolean async, CancellationToken cancellationToken)
   at System.Net.Http.HttpConnectionPool.ConnectAsync(HttpRequestMessage request, Boolean async, CancellationToken cancellationToken)
   at System.Net.Http.HttpConnectionPool.CreateHttp11ConnectionAsync(HttpRequestMessage request, Boolean async, CancellationToken cancellationToken)
   at System.Net.Http.HttpConnectionPool.AddHttp11ConnectionAsync(QueueItem queueItem)
   at System.Threading.Tasks.TaskCompletionSourceWithCancellation`1.WaitWithCancellationAsync(CancellationToken cancellationToken)
   at System.Net.Http.HttpConnectionPool.SendWithVersionDetectionAndRetryAsync(HttpRequestMessage request, Boolean async, Boolean doRequestAuth, CancellationToken cancellationToken)
   at System.Net.Http.DiagnosticsHandler.SendAsyncCore(HttpRequestMessage request, Boolean async, CancellationToken cancellationToken)
   at System.Net.Http.RedirectHandler.SendAsync(HttpRequestMessage request, Boolean async, CancellationToken cancellationToken)
   at Microsoft.Extensions.Http.Logging.LoggingHttpMessageHandler.<SendCoreAsync>g__Core|5_0(HttpRequestMessage request, Boolean useAsync, CancellationToken cancellationToken)
   at Microsoft.Extensions.Http.Logging.LoggingScopeHttpMessageHandler.<SendCoreAsync>g__Core|5_0(HttpRequestMessage request, Boolean useAsync, CancellationToken cancellationToken)
   at System.Net.Http.HttpClient.<SendAsync>g__Core|83_0(HttpRequestMessage request, HttpCompletionOption completionOption, CancellationTokenSource cts, Boolean disposeCts, CancellationTokenSource pendingRequestsCts, CancellationToken originalCancellationToken)
   at AlgoWorker.Services.UpstoxRestClient.GetAuthorizedWebSocketUrlAsync(CancellationToken ct) in C:\CaptainsALGO\Dashboard\AlgoWorker\Services\UpstoxRestClient.cs:line 404
   at AlgoWorker.Services.UpstoxWebSocketClient.ConnectAndSubscribeAsync(IReadOnlyCollection`1 instrumentKeys, CancellationToken ct) in C:\CaptainsALGO\Dashboard\AlgoWorker\Services\UpstoxWebSocketClient.cs:line 88
   at AlgoWorker.Services.UpstoxWebSocketClient.RunAsync(IReadOnlyCollection`1 instrumentKeys, CancellationToken ct) in C:\CaptainsALGO\Dashboard\AlgoWorker\Services\UpstoxWebSocketClient.cs:line 52
2026-10-01 09:49:25.007 +05:30 [WRN] AlgoWorker.Worker: WebSocket disconnected: No such host is known. (api.upstox.com:443)
2026-10-01 09:50:25.226 +05:30 [WRN] AlgoWorker.Services.UpstoxWebSocketClient: WebSocket connection lost/failed. Reconnecting in 60s...
System.Net.Http.HttpRequestException: No such host is known. (api.upstox.com:443)
 ---> System.Net.Sockets.SocketException (11001): No such host is known.
   at System.Net.Sockets.Socket.AwaitableSocketAsyncEventArgs.ThrowException(SocketError error, CancellationToken cancellationToken)
   at System.Net.Sockets.Socket.AwaitableSocketAsyncEventArgs.System.Threading.Tasks.Sources.IValueTaskSource.GetResult(Int16 token)
   at System.Net.Sockets.Socket.<ConnectAsync>g__WaitForConnectWithCancellation|285_0(AwaitableSocketAsyncEventArgs saea, ValueTask connectTask, CancellationToken cancellationToken)
   at System.Net.Http.HttpConnectionPool.ConnectToTcpHostAsync(String host, Int32 port, HttpRequestMessage initialRequest, Boolean async, CancellationToken cancellationToken)
   --- End of inner exception stack trace ---
   at System.Net.Http.HttpConnectionPool.ConnectToTcpHostAsync(String host, Int32 port, HttpRequestMessage initialRequest, Boolean async, CancellationToken cancellationToken)
   at System.Net.Http.HttpConnectionPool.ConnectAsync(HttpRequestMessage request, Boolean async, CancellationToken cancellationToken)
   at System.Net.Http.HttpConnectionPool.CreateHttp11ConnectionAsync(HttpRequestMessage request, Boolean async, CancellationToken cancellationToken)
   at System.Net.Http.HttpConnectionPool.AddHttp11ConnectionAsync(QueueItem queueItem)
   at System.Threading.Tasks.TaskCompletionSourceWithCancellation`1.WaitWithCancellationAsync(CancellationToken cancellationToken)
   at System.Net.Http.HttpConnectionPool.SendWithVersionDetectionAndRetryAsync(HttpRequestMessage request, Boolean async, Boolean doRequestAuth, CancellationToken cancellationToken)
   at System.Net.Http.DiagnosticsHandler.SendAsyncCore(HttpRequestMessage request, Boolean async, CancellationToken cancellationToken)
   at System.Net.Http.RedirectHandler.SendAsync(HttpRequestMessage request, Boolean async, CancellationToken cancellationToken)
   at Microsoft.Extensions.Http.Logging.LoggingHttpMessageHandler.<SendCoreAsync>g__Core|5_0(HttpRequestMessage request, Boolean useAsync, CancellationToken cancellationToken)
   at Microsoft.Extensions.Http.Logging.LoggingScopeHttpMessageHandler.<SendCoreAsync>g__Core|5_0(HttpRequestMessage request, Boolean useAsync, CancellationToken cancellationToken)
   at System.Net.Http.HttpClient.<SendAsync>g__Core|83_0(HttpRequestMessage request, HttpCompletionOption completionOption, CancellationTokenSource cts, Boolean disposeCts, CancellationTokenSource pendingRequestsCts, CancellationToken originalCancellationToken)
   at AlgoWorker.Services.UpstoxRestClient.GetAuthorizedWebSocketUrlAsync(CancellationToken ct) in C:\CaptainsALGO\Dashboard\AlgoWorker\Services\UpstoxRestClient.cs:line 404
   at AlgoWorker.Services.UpstoxWebSocketClient.ConnectAndSubscribeAsync(IReadOnlyCollection`1 instrumentKeys, CancellationToken ct) in C:\CaptainsALGO\Dashboard\AlgoWorker\Services\UpstoxWebSocketClient.cs:line 88
   at AlgoWorker.Services.UpstoxWebSocketClient.RunAsync(IReadOnlyCollection`1 instrumentKeys, CancellationToken ct) in C:\CaptainsALGO\Dashboard\AlgoWorker\Services\UpstoxWebSocketClient.cs:line 52
2026-10-01 09:50:25.234 +05:30 [WRN] AlgoWorker.Worker: WebSocket disconnected: No such host is known. (api.upstox.com:443)
2026-10-01 09:51:25.477 +05:30 [WRN] AlgoWorker.Services.UpstoxWebSocketClient: WebSocket connection lost/failed. Reconnecting in 60s...
System.Net.Http.HttpRequestException: No such host is known. (api.upstox.com:443)
 ---> System.Net.Sockets.SocketException (11001): No such host is known.
   at System.Net.Sockets.Socket.AwaitableSocketAsyncEventArgs.ThrowException(SocketError error, CancellationToken cancellationToken)
   at System.Net.Sockets.Socket.AwaitableSocketAsyncEventArgs.System.Threading.Tasks.Sources.IValueTaskSource.GetResult(Int16 token)
   at System.Net.Sockets.Socket.<ConnectAsync>g__WaitForConnectWithCancellation|285_0(AwaitableSocketAsyncEventArgs saea, ValueTask connectTask, CancellationToken cancellationToken)
   at System.Net.Http.HttpConnectionPool.ConnectToTcpHostAsync(String host, Int32 port, HttpRequestMessage initialRequest, Boolean async, CancellationToken cancellationToken)
   --- End of inner exception stack trace ---
   at System.Net.Http.HttpConnectionPool.ConnectToTcpHostAsync(String host, Int32 port, HttpRequestMessage initialRequest, Boolean async, CancellationToken cancellationToken)
   at System.Net.Http.HttpConnectionPool.ConnectAsync(HttpRequestMessage request, Boolean async, CancellationToken cancellationToken)
   at System.Net.Http.HttpConnectionPool.CreateHttp11ConnectionAsync(HttpRequestMessage request, Boolean async, CancellationToken cancellationToken)
   at System.Net.Http.HttpConnectionPool.AddHttp11ConnectionAsync(QueueItem queueItem)
   at System.Threading.Tasks.TaskCompletionSourceWithCancellation`1.WaitWithCancellationAsync(CancellationToken cancellationToken)
   at System.Net.Http.HttpConnectionPool.SendWithVersionDetectionAndRetryAsync(HttpRequestMessage request, Boolean async, Boolean doRequestAuth, CancellationToken cancellationToken)
   at System.Net.Http.DiagnosticsHandler.SendAsyncCore(HttpRequestMessage request, Boolean async, CancellationToken cancellationToken)
   at System.Net.Http.RedirectHandler.SendAsync(HttpRequestMessage request, Boolean async, CancellationToken cancellationToken)
   at Microsoft.Extensions.Http.Logging.LoggingHttpMessageHandler.<SendCoreAsync>g__Core|5_0(HttpRequestMessage request, Boolean useAsync, CancellationToken cancellationToken)
   at Microsoft.Extensions.Http.Logging.LoggingScopeHttpMessageHandler.<SendCoreAsync>g__Core|5_0(HttpRequestMessage request, Boolean useAsync, CancellationToken cancellationToken)
   at System.Net.Http.HttpClient.<SendAsync>g__Core|83_0(HttpRequestMessage request, HttpCompletionOption completionOption, CancellationTokenSource cts, Boolean disposeCts, CancellationTokenSource pendingRequestsCts, CancellationToken originalCancellationToken)
   at AlgoWorker.Services.UpstoxRestClient.GetAuthorizedWebSocketUrlAsync(CancellationToken ct) in C:\CaptainsALGO\Dashboard\AlgoWorker\Services\UpstoxRestClient.cs:line 404
   at AlgoWorker.Services.UpstoxWebSocketClient.ConnectAndSubscribeAsync(IReadOnlyCollection`1 instrumentKeys, CancellationToken ct) in C:\CaptainsALGO\Dashboard\AlgoWorker\Services\UpstoxWebSocketClient.cs:line 88
   at AlgoWorker.Services.UpstoxWebSocketClient.RunAsync(IReadOnlyCollection`1 instrumentKeys, CancellationToken ct) in C:\CaptainsALGO\Dashboard\AlgoWorker\Services\UpstoxWebSocketClient.cs:line 52
2026-10-01 09:51:25.487 +05:30 [WRN] AlgoWorker.Worker: WebSocket disconnected: No such host is known. (api.upstox.com:443)
2026-10-01 09:52:25.755 +05:30 [WRN] AlgoWorker.Services.UpstoxWebSocketClient: WebSocket connection lost/failed. Reconnecting in 60s...
System.Net.Http.HttpRequestException: No such host is known. (api.upstox.com:443)
 ---> System.Net.Sockets.SocketException (11001): No such host is known.
   at System.Net.Sockets.Socket.AwaitableSocketAsyncEventArgs.ThrowException(SocketError error, CancellationToken cancellationToken)
   at System.Net.Sockets.Socket.AwaitableSocketAsyncEventArgs.System.Threading.Tasks.Sources.IValueTaskSource.GetResult(Int16 token)
   at System.Net.Sockets.Socket.<ConnectAsync>g__WaitForConnectWithCancellation|285_0(AwaitableSocketAsyncEventArgs saea, ValueTask connectTask, CancellationToken cancellationToken)
   at System.Net.Http.HttpConnectionPool.ConnectToTcpHostAsync(String host, Int32 port, HttpRequestMessage initialRequest, Boolean async, CancellationToken cancellationToken)
   --- End of inner exception stack trace ---
   at System.Net.Http.HttpConnectionPool.ConnectToTcpHostAsync(String host, Int32 port, HttpRequestMessage initialRequest, Boolean async, CancellationToken cancellationToken)
   at System.Net.Http.HttpConnectionPool.ConnectAsync(HttpRequestMessage request, Boolean async, CancellationToken cancellationToken)
   at System.Net.Http.HttpConnectionPool.CreateHttp11ConnectionAsync(HttpRequestMessage request, Boolean async, CancellationToken cancellationToken)
   at System.Net.Http.HttpConnectionPool.AddHttp11ConnectionAsync(QueueItem queueItem)
   at System.Threading.Tasks.TaskCompletionSourceWithCancellation`1.WaitWithCancellationAsync(CancellationToken cancellationToken)
   at System.Net.Http.HttpConnectionPool.SendWithVersionDetectionAndRetryAsync(HttpRequestMessage request, Boolean async, Boolean doRequestAuth, CancellationToken cancellationToken)
   at System.Net.Http.DiagnosticsHandler.SendAsyncCore(HttpRequestMessage request, Boolean async, CancellationToken cancellationToken)
   at System.Net.Http.RedirectHandler.SendAsync(HttpRequestMessage request, Boolean async, CancellationToken cancellationToken)
   at Microsoft.Extensions.Http.Logging.LoggingHttpMessageHandler.<SendCoreAsync>g__Core|5_0(HttpRequestMessage request, Boolean useAsync, CancellationToken cancellationToken)
   at Microsoft.Extensions.Http.Logging.LoggingScopeHttpMessageHandler.<SendCoreAsync>g__Core|5_0(HttpRequestMessage request, Boolean useAsync, CancellationToken cancellationToken)
   at System.Net.Http.HttpClient.<SendAsync>g__Core|83_0(HttpRequestMessage request, HttpCompletionOption completionOption, CancellationTokenSource cts, Boolean disposeCts, CancellationTokenSource pendingRequestsCts, CancellationToken originalCancellationToken)
   at AlgoWorker.Services.UpstoxRestClient.GetAuthorizedWebSocketUrlAsync(CancellationToken ct) in C:\CaptainsALGO\Dashboard\AlgoWorker\Services\UpstoxRestClient.cs:line 404
   at AlgoWorker.Services.UpstoxWebSocketClient.ConnectAndSubscribeAsync(IReadOnlyCollection`1 instrumentKeys, CancellationToken ct) in C:\CaptainsALGO\Dashboard\AlgoWorker\Services\UpstoxWebSocketClient.cs:line 88
   at AlgoWorker.Services.UpstoxWebSocketClient.RunAsync(IReadOnlyCollection`1 instrumentKeys, CancellationToken ct) in C:\CaptainsALGO\Dashboard\AlgoWorker\Services\UpstoxWebSocketClient.cs:line 52
2026-10-01 09:52:25.763 +05:30 [WRN] AlgoWorker.Worker: WebSocket disconnected: No such host is known. (api.upstox.com:443)
2026-10-01 09:53:25.993 +05:30 [WRN] AlgoWorker.Services.UpstoxWebSocketClient: WebSocket connection lost/failed. Reconnecting in 60s...
System.Net.Http.HttpRequestException: No such host is known. (api.upstox.com:443)
 ---> System.Net.Sockets.SocketException (11001): No such host is known.
   at System.Net.Sockets.Socket.AwaitableSocketAsyncEventArgs.ThrowException(SocketError error, CancellationToken cancellationToken)
   at System.Net.Sockets.Socket.AwaitableSocketAsyncEventArgs.System.Threading.Tasks.Sources.IValueTaskSource.GetResult(Int16 token)
   at System.Net.Sockets.Socket.<ConnectAsync>g__WaitForConnectWithCancellation|285_0(AwaitableSocketAsyncEventArgs saea, ValueTask connectTask, CancellationToken cancellationToken)
   at System.Net.Http.HttpConnectionPool.ConnectToTcpHostAsync(String host, Int32 port, HttpRequestMessage initialRequest, Boolean async, CancellationToken cancellationToken)
   --- End of inner exception stack trace ---
   at System.Net.Http.HttpConnectionPool.ConnectToTcpHostAsync(String host, Int32 port, HttpRequestMessage initialRequest, Boolean async, CancellationToken cancellationToken)
   at System.Net.Http.HttpConnectionPool.ConnectAsync(HttpRequestMessage request, Boolean async, CancellationToken cancellationToken)
   at System.Net.Http.HttpConnectionPool.CreateHttp11ConnectionAsync(HttpRequestMessage request, Boolean async, CancellationToken cancellationToken)
   at System.Net.Http.HttpConnectionPool.AddHttp11ConnectionAsync(QueueItem queueItem)
   at System.Threading.Tasks.TaskCompletionSourceWithCancellation`1.WaitWithCancellationAsync(CancellationToken cancellationToken)
   at System.Net.Http.HttpConnectionPool.SendWithVersionDetectionAndRetryAsync(HttpRequestMessage request, Boolean async, Boolean doRequestAuth, CancellationToken cancellationToken)
   at System.Net.Http.DiagnosticsHandler.SendAsyncCore(HttpRequestMessage request, Boolean async, CancellationToken cancellationToken)
   at System.Net.Http.RedirectHandler.SendAsync(HttpRequestMessage request, Boolean async, CancellationToken cancellationToken)
   at Microsoft.Extensions.Http.Logging.LoggingHttpMessageHandler.<SendCoreAsync>g__Core|5_0(HttpRequestMessage request, Boolean useAsync, CancellationToken cancellationToken)
   at Microsoft.Extensions.Http.Logging.LoggingScopeHttpMessageHandler.<SendCoreAsync>g__Core|5_0(HttpRequestMessage request, Boolean useAsync, CancellationToken cancellationToken)
   at System.Net.Http.HttpClient.<SendAsync>g__Core|83_0(HttpRequestMessage request, HttpCompletionOption completionOption, CancellationTokenSource cts, Boolean disposeCts, CancellationTokenSource pendingRequestsCts, CancellationToken originalCancellationToken)
   at AlgoWorker.Services.UpstoxRestClient.GetAuthorizedWebSocketUrlAsync(CancellationToken ct) in C:\CaptainsALGO\Dashboard\AlgoWorker\Services\UpstoxRestClient.cs:line 404
   at AlgoWorker.Services.UpstoxWebSocketClient.ConnectAndSubscribeAsync(IReadOnlyCollection`1 instrumentKeys, CancellationToken ct) in C:\CaptainsALGO\Dashboard\AlgoWorker\Services\UpstoxWebSocketClient.cs:line 88
   at AlgoWorker.Services.UpstoxWebSocketClient.RunAsync(IReadOnlyCollection`1 instrumentKeys, CancellationToken ct) in C:\CaptainsALGO\Dashboard\AlgoWorker\Services\UpstoxWebSocketClient.cs:line 52
2026-10-01 09:53:26.002 +05:30 [WRN] AlgoWorker.Worker: WebSocket disconnected: No such host is known. (api.upstox.com:443)
2026-10-01 09:54:26.542 +05:30 [INF] AlgoWorker.Services.UpstoxWebSocketClient: Upstox WebSocket connected.
2026-10-01 09:54:26.543 +05:30 [INF] AlgoWorker.Worker: WebSocket connected event fired.
2026-10-01 09:54:26.544 +05:30 [INF] AlgoWorker.Services.UpstoxWebSocketClient: sub -> 1 instrument(s): NSE_INDEX|Nifty 50
2026-10-01 10:00:00.134 +05:30 [DBG] AlgoWorker.Services.MacdSignalEngine: MACD crossover at "2026-10-01T04:27:00.0000000+00:00" skipped -- zero-line bias not confirmed (MACD -30.01, Signal -31.19, likely choppy/hugging zero).
2026-10-01 10:05:00.116 +05:30 [INF] AlgoWorker.Services.BreakoutSignalEngine: Opening-range BREAKOUT UP confirmed at "2026-10-01T04:30:00.0000000+00:00": close 22600.05 vs level 22589.05
2026-10-01 10:05:00.118 +05:30 [INF] AlgoWorker.Services.OptionInstrumentResolver: Resolving CURRENT-WEEK ATM "Call" option for breakout: strike 22600, expiry "2026-10-06".
2026-10-01 10:05:00.664 +05:30 [INF] AlgoWorker.Services.UpstoxWebSocketClient: sub -> 1 instrument(s): NSE_FO|40701
2026-10-01 10:05:01.715 +05:30 [INF] AlgoWorker.Services.BreakoutPositionTracker: Virtual breakout "Up" position opened: NIFTY 22600 CE 06 OCT 26 @ 143.05
2026-10-01 10:08:55.118 +05:30 [INF] AlgoWorker.Services.UpstoxWebSocketClient: unsub -> 1 instrument(s): NSE_FO|40701
2026-10-01 10:08:55.128 +05:30 [INF] AlgoWorker.Services.BreakoutPositionTracker: Virtual breakout position closed. Reason: Stop-loss hit -- 10 pts below entry ₹143.05. P&L: -653.25 (-7.0%)
2026-10-01 10:23:48.262 +05:30 [WRN] AlgoWorker.Services.UpstoxWebSocketClient: WebSocket connection lost/failed. Reconnecting in 5s...
System.Net.WebSockets.WebSocketException (0x80004005): The remote party closed the WebSocket connection without completing the close handshake.
   at System.Net.WebSockets.ManagedWebSocket.ThrowEOFUnexpected()
   at System.Net.WebSockets.ManagedWebSocket.EnsureBufferContainsAsync(Int32 minimumRequiredBytes, CancellationToken cancellationToken)
   at System.Runtime.CompilerServices.PoolingAsyncValueTaskMethodBuilder`1.StateMachineBox`1.System.Threading.Tasks.Sources.IValueTaskSource.GetResult(Int16 token)
   at System.Net.WebSockets.ManagedWebSocket.ReceiveAsyncPrivate[TResult](Memory`1 payloadBuffer, CancellationToken cancellationToken)
   at System.Runtime.CompilerServices.PoolingAsyncValueTaskMethodBuilder`1.StateMachineBox`1.System.Threading.Tasks.Sources.IValueTaskSource<TResult>.GetResult(Int16 token)
   at System.Threading.Tasks.ValueTask`1.ValueTaskSourceAsTask.<>c.<.cctor>b__4_0(Object state)
--- End of stack trace from previous location ---
   at AlgoWorker.Services.UpstoxWebSocketClient.ReceiveLoopAsync(CancellationToken ct) in C:\CaptainsALGO\Dashboard\AlgoWorker\Services\UpstoxWebSocketClient.cs:line 139
   at AlgoWorker.Services.UpstoxWebSocketClient.RunAsync(IReadOnlyCollection`1 instrumentKeys, CancellationToken ct) in C:\CaptainsALGO\Dashboard\AlgoWorker\Services\UpstoxWebSocketClient.cs:line 54
2026-10-01 10:23:48.267 +05:30 [WRN] AlgoWorker.Worker: WebSocket disconnected: The remote party closed the WebSocket connection without completing the close handshake.
2026-10-01 10:24:05.160 +05:30 [WRN] AlgoWorker.Services.UpstoxWebSocketClient: WebSocket connection lost/failed. Reconnecting in 10s...
System.Net.Http.HttpRequestException: No such host is known. (api.upstox.com:443)
 ---> System.Net.Sockets.SocketException (11001): No such host is known.
   at System.Net.Sockets.Socket.AwaitableSocketAsyncEventArgs.ThrowException(SocketError error, CancellationToken cancellationToken)
   at System.Net.Sockets.Socket.AwaitableSocketAsyncEventArgs.System.Threading.Tasks.Sources.IValueTaskSource.GetResult(Int16 token)
   at System.Net.Sockets.Socket.<ConnectAsync>g__WaitForConnectWithCancellation|285_0(AwaitableSocketAsyncEventArgs saea, ValueTask connectTask, CancellationToken cancellationToken)
   at System.Net.Http.HttpConnectionPool.ConnectToTcpHostAsync(String host, Int32 port, HttpRequestMessage initialRequest, Boolean async, CancellationToken cancellationToken)
   --- End of inner exception stack trace ---
   at System.Net.Http.HttpConnectionPool.ConnectToTcpHostAsync(String host, Int32 port, HttpRequestMessage initialRequest, Boolean async, CancellationToken cancellationToken)
   at System.Net.Http.HttpConnectionPool.ConnectAsync(HttpRequestMessage request, Boolean async, CancellationToken cancellationToken)
   at System.Net.Http.HttpConnectionPool.CreateHttp11ConnectionAsync(HttpRequestMessage request, Boolean async, CancellationToken cancellationToken)
   at System.Net.Http.HttpConnectionPool.AddHttp11ConnectionAsync(QueueItem queueItem)
   at System.Threading.Tasks.TaskCompletionSourceWithCancellation`1.WaitWithCancellationAsync(CancellationToken cancellationToken)
   at System.Net.Http.HttpConnectionPool.SendWithVersionDetectionAndRetryAsync(HttpRequestMessage request, Boolean async, Boolean doRequestAuth, CancellationToken cancellationToken)
   at System.Net.Http.DiagnosticsHandler.SendAsyncCore(HttpRequestMessage request, Boolean async, CancellationToken cancellationToken)
   at System.Net.Http.RedirectHandler.SendAsync(HttpRequestMessage request, Boolean async, CancellationToken cancellationToken)
   at Microsoft.Extensions.Http.Logging.LoggingHttpMessageHandler.<SendCoreAsync>g__Core|5_0(HttpRequestMessage request, Boolean useAsync, CancellationToken cancellationToken)
   at Microsoft.Extensions.Http.Logging.LoggingScopeHttpMessageHandler.<SendCoreAsync>g__Core|5_0(HttpRequestMessage request, Boolean useAsync, CancellationToken cancellationToken)
   at System.Net.Http.HttpClient.<SendAsync>g__Core|83_0(HttpRequestMessage request, HttpCompletionOption completionOption, CancellationTokenSource cts, Boolean disposeCts, CancellationTokenSource pendingRequestsCts, CancellationToken originalCancellationToken)
   at AlgoWorker.Services.UpstoxRestClient.GetAuthorizedWebSocketUrlAsync(CancellationToken ct) in C:\CaptainsALGO\Dashboard\AlgoWorker\Services\UpstoxRestClient.cs:line 404
   at AlgoWorker.Services.UpstoxWebSocketClient.ConnectAndSubscribeAsync(IReadOnlyCollection`1 instrumentKeys, CancellationToken ct) in C:\CaptainsALGO\Dashboard\AlgoWorker\Services\UpstoxWebSocketClient.cs:line 88
   at AlgoWorker.Services.UpstoxWebSocketClient.RunAsync(IReadOnlyCollection`1 instrumentKeys, CancellationToken ct) in C:\CaptainsALGO\Dashboard\AlgoWorker\Services\UpstoxWebSocketClient.cs:line 52
2026-10-01 10:24:05.173 +05:30 [WRN] AlgoWorker.Worker: WebSocket disconnected: No such host is known. (api.upstox.com:443)
2026-10-01 10:24:15.511 +05:30 [WRN] AlgoWorker.Services.UpstoxWebSocketClient: WebSocket connection lost/failed. Reconnecting in 20s...
System.Net.Http.HttpRequestException: No such host is known. (api.upstox.com:443)
 ---> System.Net.Sockets.SocketException (11001): No such host is known.
   at System.Net.Sockets.Socket.AwaitableSocketAsyncEventArgs.ThrowException(SocketError error, CancellationToken cancellationToken)
   at System.Net.Sockets.Socket.AwaitableSocketAsyncEventArgs.System.Threading.Tasks.Sources.IValueTaskSource.GetResult(Int16 token)
   at System.Net.Sockets.Socket.<ConnectAsync>g__WaitForConnectWithCancellation|285_0(AwaitableSocketAsyncEventArgs saea, ValueTask connectTask, CancellationToken cancellationToken)
   at System.Net.Http.HttpConnectionPool.ConnectToTcpHostAsync(String host, Int32 port, HttpRequestMessage initialRequest, Boolean async, CancellationToken cancellationToken)
   --- End of inner exception stack trace ---
   at System.Net.Http.HttpConnectionPool.ConnectToTcpHostAsync(String host, Int32 port, HttpRequestMessage initialRequest, Boolean async, CancellationToken cancellationToken)
   at System.Net.Http.HttpConnectionPool.ConnectAsync(HttpRequestMessage request, Boolean async, CancellationToken cancellationToken)
   at System.Net.Http.HttpConnectionPool.CreateHttp11ConnectionAsync(HttpRequestMessage request, Boolean async, CancellationToken cancellationToken)
   at System.Net.Http.HttpConnectionPool.AddHttp11ConnectionAsync(QueueItem queueItem)
   at System.Threading.Tasks.TaskCompletionSourceWithCancellation`1.WaitWithCancellationAsync(CancellationToken cancellationToken)
   at System.Net.Http.HttpConnectionPool.SendWithVersionDetectionAndRetryAsync(HttpRequestMessage request, Boolean async, Boolean doRequestAuth, CancellationToken cancellationToken)
   at System.Net.Http.DiagnosticsHandler.SendAsyncCore(HttpRequestMessage request, Boolean async, CancellationToken cancellationToken)
   at System.Net.Http.RedirectHandler.SendAsync(HttpRequestMessage request, Boolean async, CancellationToken cancellationToken)
   at Microsoft.Extensions.Http.Logging.LoggingHttpMessageHandler.<SendCoreAsync>g__Core|5_0(HttpRequestMessage request, Boolean useAsync, CancellationToken cancellationToken)
   at Microsoft.Extensions.Http.Logging.LoggingScopeHttpMessageHandler.<SendCoreAsync>g__Core|5_0(HttpRequestMessage request, Boolean useAsync, CancellationToken cancellationToken)
   at System.Net.Http.HttpClient.<SendAsync>g__Core|83_0(HttpRequestMessage request, HttpCompletionOption completionOption, CancellationTokenSource cts, Boolean disposeCts, CancellationTokenSource pendingRequestsCts, CancellationToken originalCancellationToken)
   at AlgoWorker.Services.UpstoxRestClient.GetAuthorizedWebSocketUrlAsync(CancellationToken ct) in C:\CaptainsALGO\Dashboard\AlgoWorker\Services\UpstoxRestClient.cs:line 404
   at AlgoWorker.Services.UpstoxWebSocketClient.ConnectAndSubscribeAsync(IReadOnlyCollection`1 instrumentKeys, CancellationToken ct) in C:\CaptainsALGO\Dashboard\AlgoWorker\Services\UpstoxWebSocketClient.cs:line 88
   at AlgoWorker.Services.UpstoxWebSocketClient.RunAsync(IReadOnlyCollection`1 instrumentKeys, CancellationToken ct) in C:\CaptainsALGO\Dashboard\AlgoWorker\Services\UpstoxWebSocketClient.cs:line 52
2026-10-01 10:24:15.523 +05:30 [WRN] AlgoWorker.Worker: WebSocket disconnected: No such host is known. (api.upstox.com:443)
2026-10-01 10:24:36.012 +05:30 [INF] AlgoWorker.Services.UpstoxWebSocketClient: Upstox WebSocket connected.
2026-10-01 10:24:36.013 +05:30 [INF] AlgoWorker.Worker: WebSocket connected event fired.
2026-10-01 10:24:36.015 +05:30 [INF] AlgoWorker.Services.UpstoxWebSocketClient: sub -> 1 instrument(s): NSE_INDEX|Nifty 50
2026-10-01 11:41:24.495 +05:30 [INF] AlgoWorker.Worker: Nifty EMA Alert Bot starting up...
2026-10-01 11:41:28.813 +05:30 [DBG] AlgoWorker.Services.MarketHoursService: Upstox exchange status: "NormalOpen" (open=true)
2026-10-01 11:41:28.835 +05:30 [WRN] AlgoWorker.Services.HistoricalSeederService: Configured SeedLookbackTradingDays (20) implies a 40-day window, which exceeds Upstox's 1-month limit for 15-min candles. Clamping to 27 days.
2026-10-01 11:41:28.842 +05:30 [INF] AlgoWorker.Services.HistoricalSeederService: Seeding historical candles from "2026-09-03" to "2026-09-30"...
2026-10-01 11:41:28.980 +05:30 [INF] AlgoWorker.Services.UpstoxRestClient: Fetched 475 historical 15-min candles for NSE_INDEX|Nifty 50 ("2026-09-03" to "2026-09-30")
2026-10-01 11:41:29.028 +05:30 [INF] AlgoWorker.Services.UpstoxRestClient: Fetched 10 intraday (today's) 15-min candles for NSE_INDEX|Nifty 50
2026-10-01 11:41:29.125 +05:30 [INF] AlgoWorker.Services.SignalEngine: New "GoldenCross" crossover detected at "2026-09-03T09:30:00.0000000+05:30", tracking for 4 candles before confirming.
2026-10-01 11:41:29.166 +05:30 [DBG] AlgoWorker.Services.SignalEngine: (seeding) "GoldenCross" confirmed at "2026-09-03T10:30:00.0000000+05:30" -- not alerting, historical replay only.
2026-10-01 11:41:29.174 +05:30 [INF] AlgoWorker.Services.SignalEngine: New "DeathCross" crossover detected at "2026-09-03T11:00:00.0000000+05:30", tracking for 4 candles before confirming.
2026-10-01 11:41:29.179 +05:30 [DBG] AlgoWorker.Services.SignalEngine: (seeding) "DeathCross" confirmed at "2026-09-03T12:00:00.0000000+05:30" -- not alerting, historical replay only.
2026-10-01 11:41:29.204 +05:30 [INF] AlgoWorker.Services.SignalEngine: New "GoldenCross" crossover detected at "2026-09-17T12:15:00.0000000+05:30", tracking for 4 candles before confirming.
2026-10-01 11:41:29.220 +05:30 [DBG] AlgoWorker.Services.SignalEngine: (seeding) "GoldenCross" confirmed at "2026-09-17T13:15:00.0000000+05:30" -- not alerting, historical replay only.
2026-10-01 11:41:29.240 +05:30 [INF] AlgoWorker.Services.SignalEngine: New "DeathCross" crossover detected at "2026-09-22T13:15:00.0000000+05:30", tracking for 4 candles before confirming.
2026-10-01 11:41:29.245 +05:30 [DBG] AlgoWorker.Services.SignalEngine: (seeding) "DeathCross" confirmed at "2026-09-22T14:15:00.0000000+05:30" -- not alerting, historical replay only.
2026-10-01 11:41:29.260 +05:30 [INF] AlgoWorker.Services.SignalEngine: New "GoldenCross" crossover detected at "2026-09-23T10:45:00.0000000+05:30", tracking for 4 candles before confirming.
2026-10-01 11:41:29.274 +05:30 [DBG] AlgoWorker.Services.SignalEngine: (seeding) "GoldenCross" confirmed at "2026-09-23T11:45:00.0000000+05:30" -- not alerting, historical replay only.
2026-10-01 11:41:29.313 +05:30 [INF] AlgoWorker.Services.SignalEngine: New "DeathCross" crossover detected at "2026-09-24T09:30:00.0000000+05:30", tracking for 4 candles before confirming.
2026-10-01 11:41:29.319 +05:30 [DBG] AlgoWorker.Services.SignalEngine: (seeding) "DeathCross" confirmed at "2026-09-24T10:30:00.0000000+05:30" -- not alerting, historical replay only.
2026-10-01 11:41:29.333 +05:30 [INF] AlgoWorker.Services.HistoricalSeederService: Seeding complete -- 485 candles replayed through the indicator pipeline (475 historical + 10 today).
2026-10-01 11:41:29.386 +05:30 [INF] AlgoWorker.Services.SignalEngine: Catch-up signal: "DeathCross" originally crossed at "2026-09-24T09:30:00.0000000+05:30" (134 candles ago), still active as of "2026-10-01T11:30:00.0000000+05:30".
2026-10-01 11:41:29.928 +05:30 [INF] AlgoWorker.Services.UpstoxRestClient: Previous trading day for NSE_INDEX|Nifty 50: "2026-09-30", High=22809.35, Low=22595.2, Close=22620.45
2026-10-01 11:41:29.971 +05:30 [INF] AlgoWorker.Services.CprAnalysisService: CPR computed for "2026-10-01": Pivot=22675.00, TC=22647.725, BC=22702.275, Width%=0.241, Reading=Normal CPR -- Moderate movement expected
2026-10-01 11:41:30.558 +05:30 [INF] AlgoWorker.Services.MacdHistoricalSeederService: Seeding MACD 3-min candles: fetching "2026-09-20" to "2026-09-30", keeping the last 2 trading day(s)...
2026-10-01 11:41:30.686 +05:30 [INF] AlgoWorker.Services.UpstoxRestClient: Fetched 1000 historical 3-min candles for NSE_INDEX|Nifty 50 ("2026-09-20" to "2026-09-30")
2026-10-01 11:41:30.805 +05:30 [INF] AlgoWorker.Services.UpstoxRestClient: Fetched 49 intraday (today's) 3-min candles for NSE_INDEX|Nifty 50
2026-10-01 11:41:30.831 +05:30 [DBG] AlgoWorker.Services.MacdSignalEngine: MACD crossover at "2026-09-29T10:15:00.0000000+05:30" skipped -- zero-line bias not confirmed (MACD -27.42, Signal -27.55, likely choppy/hugging zero).
2026-10-01 11:41:30.836 +05:30 [DBG] AlgoWorker.Services.MacdSignalEngine: MACD crossover at "2026-09-29T12:15:00.0000000+05:30" skipped -- zero-line bias not confirmed (MACD 25.57, Signal 26.38, likely choppy/hugging zero).
2026-10-01 11:41:30.851 +05:30 [DBG] AlgoWorker.Services.MacdSignalEngine: MACD crossover at "2026-09-29T13:51:00.0000000+05:30" skipped -- zero-line bias not confirmed (MACD -8.34, Signal -9.06, likely choppy/hugging zero).
2026-10-01 11:41:30.869 +05:30 [DBG] AlgoWorker.Services.MacdSignalEngine: MACD crossover at "2026-09-29T15:00:00.0000000+05:30" skipped -- zero-line bias not confirmed (MACD 1.72, Signal 2.01, likely choppy/hugging zero).
2026-10-01 11:41:30.888 +05:30 [DBG] AlgoWorker.Services.MacdSignalEngine: (seeding) MACD "Bullish" confirmed at "2026-09-29T15:06:00.0000000+05:30" -- not alerting, historical replay only.
2026-10-01 11:41:30.933 +05:30 [DBG] AlgoWorker.Services.MacdSignalEngine: MACD crossover at "2026-09-30T09:36:00.0000000+05:30" skipped -- zero-line bias not confirmed (MACD 8.42, Signal 8.90, likely choppy/hugging zero).
2026-10-01 11:41:30.966 +05:30 [DBG] AlgoWorker.Services.MacdSignalEngine: (seeding) MACD "Bullish" confirmed at "2026-09-30T09:54:00.0000000+05:30" -- not alerting, historical replay only.
2026-10-01 11:41:30.995 +05:30 [DBG] AlgoWorker.Services.MacdSignalEngine: MACD crossover at "2026-09-30T10:33:00.0000000+05:30" skipped -- zero-line bias not confirmed (MACD 11.24, Signal 14.45, likely choppy/hugging zero).
2026-10-01 11:41:31.006 +05:30 [DBG] AlgoWorker.Services.MacdSignalEngine: MACD crossover at "2026-09-30T11:33:00.0000000+05:30" skipped -- zero-line bias not confirmed (MACD -5.51, Signal -6.55, likely choppy/hugging zero).
2026-10-01 11:41:31.010 +05:30 [DBG] AlgoWorker.Services.MacdSignalEngine: MACD crossover at "2026-09-30T13:09:00.0000000+05:30" skipped -- zero-line bias not confirmed (MACD 17.01, Signal 17.56, likely choppy/hugging zero).
2026-10-01 11:41:31.014 +05:30 [DBG] AlgoWorker.Services.MacdSignalEngine: MACD crossover at "2026-09-30T14:57:00.0000000+05:30" skipped -- zero-line bias not confirmed (MACD -28.50, Signal -29.54, likely choppy/hugging zero).
2026-10-01 11:41:31.022 +05:30 [DBG] AlgoWorker.Services.MacdSignalEngine: (seeding) MACD "Bearish" confirmed at "2026-10-01T09:15:00.0000000+05:30" -- not alerting, historical replay only.
2026-10-01 11:41:31.026 +05:30 [DBG] AlgoWorker.Services.MacdSignalEngine: MACD crossover at "2026-10-01T09:42:00.0000000+05:30" skipped -- zero-line bias not confirmed (MACD -30.67, Signal -31.61, likely choppy/hugging zero).
2026-10-01 11:41:31.030 +05:30 [DBG] AlgoWorker.Services.MacdSignalEngine: (seeding) MACD "Bearish" confirmed at "2026-10-01T11:00:00.0000000+05:30" -- not alerting, historical replay only.
2026-10-01 11:41:31.035 +05:30 [DBG] AlgoWorker.Services.MacdSignalEngine: MACD crossover at "2026-10-01T11:18:00.0000000+05:30" skipped -- zero-line bias not confirmed (MACD -7.35, Signal -7.43, likely choppy/hugging zero).
2026-10-01 11:41:31.042 +05:30 [DBG] AlgoWorker.Services.MacdSignalEngine: (seeding) MACD "Bearish" confirmed at "2026-10-01T11:21:00.0000000+05:30" -- not alerting, historical replay only.
2026-10-01 11:41:31.045 +05:30 [DBG] AlgoWorker.Services.MacdSignalEngine: MACD crossover at "2026-10-01T11:36:00.0000000+05:30" skipped -- zero-line bias not confirmed (MACD -7.27, Signal -8.02, likely choppy/hugging zero).
2026-10-01 11:41:31.053 +05:30 [INF] AlgoWorker.Services.MacdHistoricalSeederService: MACD seeding complete -- 299 3-min candles replayed (2 trading day(s) + 49 today).
2026-10-01 11:41:31.060 +05:30 [INF] AlgoWorker.Worker: Market is open -- starting live WebSocket feed.
2026-10-01 11:41:33.115 +05:30 [INF] AlgoWorker.Services.UpstoxWebSocketClient: Upstox WebSocket connected.
2026-10-01 11:41:33.118 +05:30 [INF] AlgoWorker.Worker: WebSocket connected event fired.
2026-10-01 11:41:33.153 +05:30 [INF] AlgoWorker.Services.UpstoxWebSocketClient: sub -> 1 instrument(s): NSE_INDEX|Nifty 50
2026-10-01 11:41:33.278 +05:30 [INF] AlgoWorker.Services.Decoding.ProtobufMarketDataDecoder: First WebSocket frame decoded successfully. Type="MarketInfo"
2026-10-01 11:45:00.043 +05:30 [INF] AlgoWorker.Services.BreakoutSignalEngine: Opening range captured for "2026-10-01" from first 5-min candle ("2026-10-01T06:10:00.0000000+00:00"): High=22573.7, Low=22558.45
2026-10-01 11:50:00.041 +05:30 [INF] AlgoWorker.Services.BreakoutSignalEngine: Opening-range BREAKOUT DOWN confirmed at "2026-10-01T06:15:00.0000000+00:00": close 22553.25 vs level 22558.45
2026-10-01 11:50:00.053 +05:30 [INF] AlgoWorker.Services.OptionInstrumentResolver: Resolving CURRENT-WEEK ATM "Put" option for breakout: strike 22550, expiry "2026-10-06".
2026-10-01 11:50:01.161 +05:30 [INF] AlgoWorker.Services.UpstoxWebSocketClient: sub -> 1 instrument(s): NSE_FO|40700
2026-10-01 11:50:02.316 +05:30 [INF] AlgoWorker.Services.BreakoutPositionTracker: Virtual breakout "Down" position opened: NIFTY 22550 PE 06 OCT 26 @ 111.1
2026-10-01 12:09:00.031 +05:30 [INF] AlgoWorker.Services.MacdSignalEngine: MACD "Bearish" crossover confirmed at "2026-10-01T06:36:00.0000000+00:00": MACD -3.48, Signal -2.89
2026-10-01 12:09:00.055 +05:30 [INF] AlgoWorker.Services.OptionInstrumentResolver: Resolving CURRENT-WEEK ATM "Put" option for breakout: strike 22550, expiry "2026-10-06".
2026-10-01 12:09:01.554 +05:30 [INF] AlgoWorker.Services.UpstoxWebSocketClient: sub -> 1 instrument(s): NSE_FO|40700
2026-10-01 12:09:02.595 +05:30 [INF] AlgoWorker.Services.MacdPositionTracker: Virtual MACD "Bearish" position opened: NIFTY 22550 PE 06 OCT 26 @ 120.55
2026-10-01 12:13:10.703 +05:30 [INF] AlgoWorker.Services.UpstoxWebSocketClient: unsub -> 1 instrument(s): NSE_FO|40700
2026-10-01 12:13:10.756 +05:30 [INF] AlgoWorker.Services.BreakoutPositionTracker: Virtual breakout position closed. Reason: Manually closed from Dashboard. P&L: 1,124.50 (15.6%)
2026-10-01 12:13:12.222 +05:30 [INF] AlgoWorker.Services.UpstoxWebSocketClient: unsub -> 1 instrument(s): NSE_FO|40700
2026-10-01 12:13:12.244 +05:30 [INF] AlgoWorker.Services.MacdPositionTracker: Virtual MACD position closed. Reason: Manually closed from Dashboard. P&L: 422.50 (5.4%)
2026-10-01 13:16:55.471 +05:30 [WRN] AlgoWorker.Services.UpstoxWebSocketClient: WebSocket connection lost/failed. Reconnecting in 5s...
System.Net.WebSockets.WebSocketException (0x80004005): The remote party closed the WebSocket connection without completing the close handshake.
   at System.Net.WebSockets.ManagedWebSocket.ThrowEOFUnexpected()
   at System.Net.WebSockets.ManagedWebSocket.EnsureBufferContainsAsync(Int32 minimumRequiredBytes, CancellationToken cancellationToken)
   at System.Runtime.CompilerServices.PoolingAsyncValueTaskMethodBuilder`1.StateMachineBox`1.System.Threading.Tasks.Sources.IValueTaskSource.GetResult(Int16 token)
   at System.Net.WebSockets.ManagedWebSocket.ReceiveAsyncPrivate[TResult](Memory`1 payloadBuffer, CancellationToken cancellationToken)
   at System.Runtime.CompilerServices.PoolingAsyncValueTaskMethodBuilder`1.StateMachineBox`1.System.Threading.Tasks.Sources.IValueTaskSource<TResult>.GetResult(Int16 token)
   at System.Threading.Tasks.ValueTask`1.ValueTaskSourceAsTask.<>c.<.cctor>b__4_0(Object state)
--- End of stack trace from previous location ---
   at AlgoWorker.Services.UpstoxWebSocketClient.ReceiveLoopAsync(CancellationToken ct) in C:\CaptainsALGO\Dashboard\AlgoWorker\Services\UpstoxWebSocketClient.cs:line 139
   at AlgoWorker.Services.UpstoxWebSocketClient.RunAsync(IReadOnlyCollection`1 instrumentKeys, CancellationToken ct) in C:\CaptainsALGO\Dashboard\AlgoWorker\Services\UpstoxWebSocketClient.cs:line 54
2026-10-01 13:16:55.504 +05:30 [WRN] AlgoWorker.Worker: WebSocket disconnected: The remote party closed the WebSocket connection without completing the close handshake.
2026-10-01 13:17:13.095 +05:30 [WRN] AlgoWorker.Services.UpstoxWebSocketClient: WebSocket connection lost/failed. Reconnecting in 10s...
System.Net.Http.HttpRequestException: No such host is known. (api.upstox.com:443)
 ---> System.Net.Sockets.SocketException (11001): No such host is known.
   at System.Net.Sockets.Socket.AwaitableSocketAsyncEventArgs.ThrowException(SocketError error, CancellationToken cancellationToken)
   at System.Net.Sockets.Socket.AwaitableSocketAsyncEventArgs.System.Threading.Tasks.Sources.IValueTaskSource.GetResult(Int16 token)
   at System.Net.Sockets.Socket.<ConnectAsync>g__WaitForConnectWithCancellation|285_0(AwaitableSocketAsyncEventArgs saea, ValueTask connectTask, CancellationToken cancellationToken)
   at System.Net.Http.HttpConnectionPool.ConnectToTcpHostAsync(String host, Int32 port, HttpRequestMessage initialRequest, Boolean async, CancellationToken cancellationToken)
   --- End of inner exception stack trace ---
   at System.Net.Http.HttpConnectionPool.ConnectToTcpHostAsync(String host, Int32 port, HttpRequestMessage initialRequest, Boolean async, CancellationToken cancellationToken)
   at System.Net.Http.HttpConnectionPool.ConnectAsync(HttpRequestMessage request, Boolean async, CancellationToken cancellationToken)
   at System.Net.Http.HttpConnectionPool.CreateHttp11ConnectionAsync(HttpRequestMessage request, Boolean async, CancellationToken cancellationToken)
   at System.Net.Http.HttpConnectionPool.AddHttp11ConnectionAsync(QueueItem queueItem)
   at System.Threading.Tasks.TaskCompletionSourceWithCancellation`1.WaitWithCancellationAsync(CancellationToken cancellationToken)
   at System.Net.Http.HttpConnectionPool.SendWithVersionDetectionAndRetryAsync(HttpRequestMessage request, Boolean async, Boolean doRequestAuth, CancellationToken cancellationToken)
   at System.Net.Http.DiagnosticsHandler.SendAsyncCore(HttpRequestMessage request, Boolean async, CancellationToken cancellationToken)
   at System.Net.Http.RedirectHandler.SendAsync(HttpRequestMessage request, Boolean async, CancellationToken cancellationToken)
   at Microsoft.Extensions.Http.Logging.LoggingHttpMessageHandler.<SendCoreAsync>g__Core|5_0(HttpRequestMessage request, Boolean useAsync, CancellationToken cancellationToken)
   at Microsoft.Extensions.Http.Logging.LoggingScopeHttpMessageHandler.<SendCoreAsync>g__Core|5_0(HttpRequestMessage request, Boolean useAsync, CancellationToken cancellationToken)
   at System.Net.Http.HttpClient.<SendAsync>g__Core|83_0(HttpRequestMessage request, HttpCompletionOption completionOption, CancellationTokenSource cts, Boolean disposeCts, CancellationTokenSource pendingRequestsCts, CancellationToken originalCancellationToken)
   at AlgoWorker.Services.UpstoxRestClient.GetAuthorizedWebSocketUrlAsync(CancellationToken ct) in C:\CaptainsALGO\Dashboard\AlgoWorker\Services\UpstoxRestClient.cs:line 404
   at AlgoWorker.Services.UpstoxWebSocketClient.ConnectAndSubscribeAsync(IReadOnlyCollection`1 instrumentKeys, CancellationToken ct) in C:\CaptainsALGO\Dashboard\AlgoWorker\Services\UpstoxWebSocketClient.cs:line 88
   at AlgoWorker.Services.UpstoxWebSocketClient.RunAsync(IReadOnlyCollection`1 instrumentKeys, CancellationToken ct) in C:\CaptainsALGO\Dashboard\AlgoWorker\Services\UpstoxWebSocketClient.cs:line 52
2026-10-01 13:17:13.142 +05:30 [WRN] AlgoWorker.Worker: WebSocket disconnected: No such host is known. (api.upstox.com:443)
2026-10-01 13:17:23.674 +05:30 [WRN] AlgoWorker.Services.UpstoxWebSocketClient: WebSocket connection lost/failed. Reconnecting in 20s...
System.Net.Http.HttpRequestException: No such host is known. (api.upstox.com:443)
 ---> System.Net.Sockets.SocketException (11001): No such host is known.
   at System.Net.Sockets.Socket.AwaitableSocketAsyncEventArgs.ThrowException(SocketError error, CancellationToken cancellationToken)
   at System.Net.Sockets.Socket.AwaitableSocketAsyncEventArgs.System.Threading.Tasks.Sources.IValueTaskSource.GetResult(Int16 token)
   at System.Net.Sockets.Socket.<ConnectAsync>g__WaitForConnectWithCancellation|285_0(AwaitableSocketAsyncEventArgs saea, ValueTask connectTask, CancellationToken cancellationToken)
   at System.Net.Http.HttpConnectionPool.ConnectToTcpHostAsync(String host, Int32 port, HttpRequestMessage initialRequest, Boolean async, CancellationToken cancellationToken)
   --- End of inner exception stack trace ---
   at System.Net.Http.HttpConnectionPool.ConnectToTcpHostAsync(String host, Int32 port, HttpRequestMessage initialRequest, Boolean async, CancellationToken cancellationToken)
   at System.Net.Http.HttpConnectionPool.ConnectAsync(HttpRequestMessage request, Boolean async, CancellationToken cancellationToken)
   at System.Net.Http.HttpConnectionPool.CreateHttp11ConnectionAsync(HttpRequestMessage request, Boolean async, CancellationToken cancellationToken)
   at System.Net.Http.HttpConnectionPool.AddHttp11ConnectionAsync(QueueItem queueItem)
   at System.Threading.Tasks.TaskCompletionSourceWithCancellation`1.WaitWithCancellationAsync(CancellationToken cancellationToken)
   at System.Net.Http.HttpConnectionPool.SendWithVersionDetectionAndRetryAsync(HttpRequestMessage request, Boolean async, Boolean doRequestAuth, CancellationToken cancellationToken)
   at System.Net.Http.DiagnosticsHandler.SendAsyncCore(HttpRequestMessage request, Boolean async, CancellationToken cancellationToken)
   at System.Net.Http.RedirectHandler.SendAsync(HttpRequestMessage request, Boolean async, CancellationToken cancellationToken)
   at Microsoft.Extensions.Http.Logging.LoggingHttpMessageHandler.<SendCoreAsync>g__Core|5_0(HttpRequestMessage request, Boolean useAsync, CancellationToken cancellationToken)
   at Microsoft.Extensions.Http.Logging.LoggingScopeHttpMessageHandler.<SendCoreAsync>g__Core|5_0(HttpRequestMessage request, Boolean useAsync, CancellationToken cancellationToken)
   at System.Net.Http.HttpClient.<SendAsync>g__Core|83_0(HttpRequestMessage request, HttpCompletionOption completionOption, CancellationTokenSource cts, Boolean disposeCts, CancellationTokenSource pendingRequestsCts, CancellationToken originalCancellationToken)
   at AlgoWorker.Services.UpstoxRestClient.GetAuthorizedWebSocketUrlAsync(CancellationToken ct) in C:\CaptainsALGO\Dashboard\AlgoWorker\Services\UpstoxRestClient.cs:line 404
   at AlgoWorker.Services.UpstoxWebSocketClient.ConnectAndSubscribeAsync(IReadOnlyCollection`1 instrumentKeys, CancellationToken ct) in C:\CaptainsALGO\Dashboard\AlgoWorker\Services\UpstoxWebSocketClient.cs:line 88
   at AlgoWorker.Services.UpstoxWebSocketClient.RunAsync(IReadOnlyCollection`1 instrumentKeys, CancellationToken ct) in C:\CaptainsALGO\Dashboard\AlgoWorker\Services\UpstoxWebSocketClient.cs:line 52
2026-10-01 13:17:23.685 +05:30 [WRN] AlgoWorker.Worker: WebSocket disconnected: No such host is known. (api.upstox.com:443)
2026-10-01 13:17:44.393 +05:30 [INF] AlgoWorker.Services.UpstoxWebSocketClient: Upstox WebSocket connected.
2026-10-01 13:17:44.395 +05:30 [INF] AlgoWorker.Worker: WebSocket connected event fired.
2026-10-01 13:17:44.397 +05:30 [INF] AlgoWorker.Services.UpstoxWebSocketClient: sub -> 1 instrument(s): NSE_INDEX|Nifty 50
2026-10-01 13:19:33.796 +05:30 [WRN] AlgoWorker.Services.UpstoxWebSocketClient: WebSocket connection lost/failed. Reconnecting in 5s...
System.Net.WebSockets.WebSocketException (0x80004005): The remote party closed the WebSocket connection without completing the close handshake.
   at System.Net.WebSockets.ManagedWebSocket.ThrowEOFUnexpected()
   at System.Net.WebSockets.ManagedWebSocket.EnsureBufferContainsAsync(Int32 minimumRequiredBytes, CancellationToken cancellationToken)
   at System.Runtime.CompilerServices.PoolingAsyncValueTaskMethodBuilder`1.StateMachineBox`1.System.Threading.Tasks.Sources.IValueTaskSource.GetResult(Int16 token)
   at System.Net.WebSockets.ManagedWebSocket.ReceiveAsyncPrivate[TResult](Memory`1 payloadBuffer, CancellationToken cancellationToken)
   at System.Runtime.CompilerServices.PoolingAsyncValueTaskMethodBuilder`1.StateMachineBox`1.System.Threading.Tasks.Sources.IValueTaskSource<TResult>.GetResult(Int16 token)
   at System.Threading.Tasks.ValueTask`1.ValueTaskSourceAsTask.<>c.<.cctor>b__4_0(Object state)
--- End of stack trace from previous location ---
   at AlgoWorker.Services.UpstoxWebSocketClient.ReceiveLoopAsync(CancellationToken ct) in C:\CaptainsALGO\Dashboard\AlgoWorker\Services\UpstoxWebSocketClient.cs:line 139
   at AlgoWorker.Services.UpstoxWebSocketClient.RunAsync(IReadOnlyCollection`1 instrumentKeys, CancellationToken ct) in C:\CaptainsALGO\Dashboard\AlgoWorker\Services\UpstoxWebSocketClient.cs:line 54
2026-10-01 13:19:33.801 +05:30 [WRN] AlgoWorker.Worker: WebSocket disconnected: The remote party closed the WebSocket connection without completing the close handshake.
2026-10-01 13:19:39.248 +05:30 [WRN] AlgoWorker.Services.UpstoxWebSocketClient: WebSocket connection lost/failed. Reconnecting in 10s...
System.Net.Http.HttpRequestException: No such host is known. (api.upstox.com:443)
 ---> System.Net.Sockets.SocketException (11001): No such host is known.
   at System.Net.Sockets.Socket.AwaitableSocketAsyncEventArgs.ThrowException(SocketError error, CancellationToken cancellationToken)
   at System.Net.Sockets.Socket.AwaitableSocketAsyncEventArgs.System.Threading.Tasks.Sources.IValueTaskSource.GetResult(Int16 token)
   at System.Net.Sockets.Socket.<ConnectAsync>g__WaitForConnectWithCancellation|285_0(AwaitableSocketAsyncEventArgs saea, ValueTask connectTask, CancellationToken cancellationToken)
   at System.Net.Http.HttpConnectionPool.ConnectToTcpHostAsync(String host, Int32 port, HttpRequestMessage initialRequest, Boolean async, CancellationToken cancellationToken)
   --- End of inner exception stack trace ---
   at System.Net.Http.HttpConnectionPool.ConnectToTcpHostAsync(String host, Int32 port, HttpRequestMessage initialRequest, Boolean async, CancellationToken cancellationToken)
   at System.Net.Http.HttpConnectionPool.ConnectAsync(HttpRequestMessage request, Boolean async, CancellationToken cancellationToken)
   at System.Net.Http.HttpConnectionPool.CreateHttp11ConnectionAsync(HttpRequestMessage request, Boolean async, CancellationToken cancellationToken)
   at System.Net.Http.HttpConnectionPool.AddHttp11ConnectionAsync(QueueItem queueItem)
   at System.Threading.Tasks.TaskCompletionSourceWithCancellation`1.WaitWithCancellationAsync(CancellationToken cancellationToken)
   at System.Net.Http.HttpConnectionPool.SendWithVersionDetectionAndRetryAsync(HttpRequestMessage request, Boolean async, Boolean doRequestAuth, CancellationToken cancellationToken)
   at System.Net.Http.DiagnosticsHandler.SendAsyncCore(HttpRequestMessage request, Boolean async, CancellationToken cancellationToken)
   at System.Net.Http.RedirectHandler.SendAsync(HttpRequestMessage request, Boolean async, CancellationToken cancellationToken)
   at Microsoft.Extensions.Http.Logging.LoggingHttpMessageHandler.<SendCoreAsync>g__Core|5_0(HttpRequestMessage request, Boolean useAsync, CancellationToken cancellationToken)
   at Microsoft.Extensions.Http.Logging.LoggingScopeHttpMessageHandler.<SendCoreAsync>g__Core|5_0(HttpRequestMessage request, Boolean useAsync, CancellationToken cancellationToken)
   at System.Net.Http.HttpClient.<SendAsync>g__Core|83_0(HttpRequestMessage request, HttpCompletionOption completionOption, CancellationTokenSource cts, Boolean disposeCts, CancellationTokenSource pendingRequestsCts, CancellationToken originalCancellationToken)
   at AlgoWorker.Services.UpstoxRestClient.GetAuthorizedWebSocketUrlAsync(CancellationToken ct) in C:\CaptainsALGO\Dashboard\AlgoWorker\Services\UpstoxRestClient.cs:line 404
   at AlgoWorker.Services.UpstoxWebSocketClient.ConnectAndSubscribeAsync(IReadOnlyCollection`1 instrumentKeys, CancellationToken ct) in C:\CaptainsALGO\Dashboard\AlgoWorker\Services\UpstoxWebSocketClient.cs:line 88
   at AlgoWorker.Services.UpstoxWebSocketClient.RunAsync(IReadOnlyCollection`1 instrumentKeys, CancellationToken ct) in C:\CaptainsALGO\Dashboard\AlgoWorker\Services\UpstoxWebSocketClient.cs:line 52
2026-10-01 13:19:39.258 +05:30 [WRN] AlgoWorker.Worker: WebSocket disconnected: No such host is known. (api.upstox.com:443)
2026-10-01 13:19:49.788 +05:30 [WRN] AlgoWorker.Services.UpstoxWebSocketClient: WebSocket connection lost/failed. Reconnecting in 20s...
System.Net.Http.HttpRequestException: No such host is known. (api.upstox.com:443)
 ---> System.Net.Sockets.SocketException (11001): No such host is known.
   at System.Net.Sockets.Socket.AwaitableSocketAsyncEventArgs.ThrowException(SocketError error, CancellationToken cancellationToken)
   at System.Net.Sockets.Socket.AwaitableSocketAsyncEventArgs.System.Threading.Tasks.Sources.IValueTaskSource.GetResult(Int16 token)
   at System.Net.Sockets.Socket.<ConnectAsync>g__WaitForConnectWithCancellation|285_0(AwaitableSocketAsyncEventArgs saea, ValueTask connectTask, CancellationToken cancellationToken)
   at System.Net.Http.HttpConnectionPool.ConnectToTcpHostAsync(String host, Int32 port, HttpRequestMessage initialRequest, Boolean async, CancellationToken cancellationToken)
   --- End of inner exception stack trace ---
   at System.Net.Http.HttpConnectionPool.ConnectToTcpHostAsync(String host, Int32 port, HttpRequestMessage initialRequest, Boolean async, CancellationToken cancellationToken)
   at System.Net.Http.HttpConnectionPool.ConnectAsync(HttpRequestMessage request, Boolean async, CancellationToken cancellationToken)
   at System.Net.Http.HttpConnectionPool.CreateHttp11ConnectionAsync(HttpRequestMessage request, Boolean async, CancellationToken cancellationToken)
   at System.Net.Http.HttpConnectionPool.AddHttp11ConnectionAsync(QueueItem queueItem)
   at System.Threading.Tasks.TaskCompletionSourceWithCancellation`1.WaitWithCancellationAsync(CancellationToken cancellationToken)
   at System.Net.Http.HttpConnectionPool.SendWithVersionDetectionAndRetryAsync(HttpRequestMessage request, Boolean async, Boolean doRequestAuth, CancellationToken cancellationToken)
   at System.Net.Http.DiagnosticsHandler.SendAsyncCore(HttpRequestMessage request, Boolean async, CancellationToken cancellationToken)
   at System.Net.Http.RedirectHandler.SendAsync(HttpRequestMessage request, Boolean async, CancellationToken cancellationToken)
   at Microsoft.Extensions.Http.Logging.LoggingHttpMessageHandler.<SendCoreAsync>g__Core|5_0(HttpRequestMessage request, Boolean useAsync, CancellationToken cancellationToken)
   at Microsoft.Extensions.Http.Logging.LoggingScopeHttpMessageHandler.<SendCoreAsync>g__Core|5_0(HttpRequestMessage request, Boolean useAsync, CancellationToken cancellationToken)
   at System.Net.Http.HttpClient.<SendAsync>g__Core|83_0(HttpRequestMessage request, HttpCompletionOption completionOption, CancellationTokenSource cts, Boolean disposeCts, CancellationTokenSource pendingRequestsCts, CancellationToken originalCancellationToken)
   at AlgoWorker.Services.UpstoxRestClient.GetAuthorizedWebSocketUrlAsync(CancellationToken ct) in C:\CaptainsALGO\Dashboard\AlgoWorker\Services\UpstoxRestClient.cs:line 404
   at AlgoWorker.Services.UpstoxWebSocketClient.ConnectAndSubscribeAsync(IReadOnlyCollection`1 instrumentKeys, CancellationToken ct) in C:\CaptainsALGO\Dashboard\AlgoWorker\Services\UpstoxWebSocketClient.cs:line 88
   at AlgoWorker.Services.UpstoxWebSocketClient.RunAsync(IReadOnlyCollection`1 instrumentKeys, CancellationToken ct) in C:\CaptainsALGO\Dashboard\AlgoWorker\Services\UpstoxWebSocketClient.cs:line 52
2026-10-01 13:19:49.800 +05:30 [WRN] AlgoWorker.Worker: WebSocket disconnected: No such host is known. (api.upstox.com:443)
2026-10-01 13:20:10.342 +05:30 [WRN] AlgoWorker.Services.UpstoxWebSocketClient: WebSocket connection lost/failed. Reconnecting in 40s...
System.Net.Http.HttpRequestException: No such host is known. (api.upstox.com:443)
 ---> System.Net.Sockets.SocketException (11001): No such host is known.
   at System.Net.Sockets.Socket.AwaitableSocketAsyncEventArgs.ThrowException(SocketError error, CancellationToken cancellationToken)
   at System.Net.Sockets.Socket.AwaitableSocketAsyncEventArgs.System.Threading.Tasks.Sources.IValueTaskSource.GetResult(Int16 token)
   at System.Net.Sockets.Socket.<ConnectAsync>g__WaitForConnectWithCancellation|285_0(AwaitableSocketAsyncEventArgs saea, ValueTask connectTask, CancellationToken cancellationToken)
   at System.Net.Http.HttpConnectionPool.ConnectToTcpHostAsync(String host, Int32 port, HttpRequestMessage initialRequest, Boolean async, CancellationToken cancellationToken)
   --- End of inner exception stack trace ---
   at System.Net.Http.HttpConnectionPool.ConnectToTcpHostAsync(String host, Int32 port, HttpRequestMessage initialRequest, Boolean async, CancellationToken cancellationToken)
   at System.Net.Http.HttpConnectionPool.ConnectAsync(HttpRequestMessage request, Boolean async, CancellationToken cancellationToken)
   at System.Net.Http.HttpConnectionPool.CreateHttp11ConnectionAsync(HttpRequestMessage request, Boolean async, CancellationToken cancellationToken)
   at System.Net.Http.HttpConnectionPool.AddHttp11ConnectionAsync(QueueItem queueItem)
   at System.Threading.Tasks.TaskCompletionSourceWithCancellation`1.WaitWithCancellationAsync(CancellationToken cancellationToken)
   at System.Net.Http.HttpConnectionPool.SendWithVersionDetectionAndRetryAsync(HttpRequestMessage request, Boolean async, Boolean doRequestAuth, CancellationToken cancellationToken)
   at System.Net.Http.DiagnosticsHandler.SendAsyncCore(HttpRequestMessage request, Boolean async, CancellationToken cancellationToken)
   at System.Net.Http.RedirectHandler.SendAsync(HttpRequestMessage request, Boolean async, CancellationToken cancellationToken)
   at Microsoft.Extensions.Http.Logging.LoggingHttpMessageHandler.<SendCoreAsync>g__Core|5_0(HttpRequestMessage request, Boolean useAsync, CancellationToken cancellationToken)
   at Microsoft.Extensions.Http.Logging.LoggingScopeHttpMessageHandler.<SendCoreAsync>g__Core|5_0(HttpRequestMessage request, Boolean useAsync, CancellationToken cancellationToken)
   at System.Net.Http.HttpClient.<SendAsync>g__Core|83_0(HttpRequestMessage request, HttpCompletionOption completionOption, CancellationTokenSource cts, Boolean disposeCts, CancellationTokenSource pendingRequestsCts, CancellationToken originalCancellationToken)
   at AlgoWorker.Services.UpstoxRestClient.GetAuthorizedWebSocketUrlAsync(CancellationToken ct) in C:\CaptainsALGO\Dashboard\AlgoWorker\Services\UpstoxRestClient.cs:line 404
   at AlgoWorker.Services.UpstoxWebSocketClient.ConnectAndSubscribeAsync(IReadOnlyCollection`1 instrumentKeys, CancellationToken ct) in C:\CaptainsALGO\Dashboard\AlgoWorker\Services\UpstoxWebSocketClient.cs:line 88
   at AlgoWorker.Services.UpstoxWebSocketClient.RunAsync(IReadOnlyCollection`1 instrumentKeys, CancellationToken ct) in C:\CaptainsALGO\Dashboard\AlgoWorker\Services\UpstoxWebSocketClient.cs:line 52
2026-10-01 13:20:10.352 +05:30 [WRN] AlgoWorker.Worker: WebSocket disconnected: No such host is known. (api.upstox.com:443)
2026-10-01 13:20:51.910 +05:30 [INF] AlgoWorker.Services.UpstoxWebSocketClient: Upstox WebSocket connected.
2026-10-01 13:20:51.914 +05:30 [INF] AlgoWorker.Worker: WebSocket connected event fired.
2026-10-01 13:20:51.920 +05:30 [INF] AlgoWorker.Services.UpstoxWebSocketClient: sub -> 1 instrument(s): NSE_INDEX|Nifty 50
2026-10-01 13:33:00.037 +05:30 [DBG] AlgoWorker.Services.MacdSignalEngine: MACD crossover at "2026-10-01T08:00:00.0000000+00:00" skipped -- zero-line bias not confirmed (MACD -42.34, Signal -43.10, likely choppy/hugging zero).
2026-10-01 13:47:13.726 +05:30 [WRN] AlgoWorker.Services.UpstoxWebSocketClient: WebSocket connection lost/failed. Reconnecting in 5s...
System.Net.WebSockets.WebSocketException (0x80004005): The remote party closed the WebSocket connection without completing the close handshake.
   at System.Net.WebSockets.ManagedWebSocket.ThrowEOFUnexpected()
   at System.Net.WebSockets.ManagedWebSocket.EnsureBufferContainsAsync(Int32 minimumRequiredBytes, CancellationToken cancellationToken)
   at System.Runtime.CompilerServices.PoolingAsyncValueTaskMethodBuilder`1.StateMachineBox`1.System.Threading.Tasks.Sources.IValueTaskSource.GetResult(Int16 token)
   at System.Net.WebSockets.ManagedWebSocket.ReceiveAsyncPrivate[TResult](Memory`1 payloadBuffer, CancellationToken cancellationToken)
   at System.Runtime.CompilerServices.PoolingAsyncValueTaskMethodBuilder`1.StateMachineBox`1.System.Threading.Tasks.Sources.IValueTaskSource<TResult>.GetResult(Int16 token)
   at System.Threading.Tasks.ValueTask`1.ValueTaskSourceAsTask.<>c.<.cctor>b__4_0(Object state)
--- End of stack trace from previous location ---
   at AlgoWorker.Services.UpstoxWebSocketClient.ReceiveLoopAsync(CancellationToken ct) in C:\CaptainsALGO\Dashboard\AlgoWorker\Services\UpstoxWebSocketClient.cs:line 139
   at AlgoWorker.Services.UpstoxWebSocketClient.RunAsync(IReadOnlyCollection`1 instrumentKeys, CancellationToken ct) in C:\CaptainsALGO\Dashboard\AlgoWorker\Services\UpstoxWebSocketClient.cs:line 54
2026-10-01 13:47:13.733 +05:30 [WRN] AlgoWorker.Worker: WebSocket disconnected: The remote party closed the WebSocket connection without completing the close handshake.
2026-10-01 13:47:19.209 +05:30 [WRN] AlgoWorker.Services.UpstoxWebSocketClient: WebSocket connection lost/failed. Reconnecting in 10s...
System.Net.Http.HttpRequestException: No such host is known. (api.upstox.com:443)
 ---> System.Net.Sockets.SocketException (11001): No such host is known.
   at System.Net.Sockets.Socket.AwaitableSocketAsyncEventArgs.ThrowException(SocketError error, CancellationToken cancellationToken)
   at System.Net.Sockets.Socket.AwaitableSocketAsyncEventArgs.System.Threading.Tasks.Sources.IValueTaskSource.GetResult(Int16 token)
   at System.Net.Sockets.Socket.<ConnectAsync>g__WaitForConnectWithCancellation|285_0(AwaitableSocketAsyncEventArgs saea, ValueTask connectTask, CancellationToken cancellationToken)
   at System.Net.Http.HttpConnectionPool.ConnectToTcpHostAsync(String host, Int32 port, HttpRequestMessage initialRequest, Boolean async, CancellationToken cancellationToken)
   --- End of inner exception stack trace ---
   at System.Net.Http.HttpConnectionPool.ConnectToTcpHostAsync(String host, Int32 port, HttpRequestMessage initialRequest, Boolean async, CancellationToken cancellationToken)
   at System.Net.Http.HttpConnectionPool.ConnectAsync(HttpRequestMessage request, Boolean async, CancellationToken cancellationToken)
   at System.Net.Http.HttpConnectionPool.CreateHttp11ConnectionAsync(HttpRequestMessage request, Boolean async, CancellationToken cancellationToken)
   at System.Net.Http.HttpConnectionPool.AddHttp11ConnectionAsync(QueueItem queueItem)
   at System.Threading.Tasks.TaskCompletionSourceWithCancellation`1.WaitWithCancellationAsync(CancellationToken cancellationToken)
   at System.Net.Http.HttpConnectionPool.SendWithVersionDetectionAndRetryAsync(HttpRequestMessage request, Boolean async, Boolean doRequestAuth, CancellationToken cancellationToken)
   at System.Net.Http.DiagnosticsHandler.SendAsyncCore(HttpRequestMessage request, Boolean async, CancellationToken cancellationToken)
   at System.Net.Http.RedirectHandler.SendAsync(HttpRequestMessage request, Boolean async, CancellationToken cancellationToken)
   at Microsoft.Extensions.Http.Logging.LoggingHttpMessageHandler.<SendCoreAsync>g__Core|5_0(HttpRequestMessage request, Boolean useAsync, CancellationToken cancellationToken)
   at Microsoft.Extensions.Http.Logging.LoggingScopeHttpMessageHandler.<SendCoreAsync>g__Core|5_0(HttpRequestMessage request, Boolean useAsync, CancellationToken cancellationToken)
   at System.Net.Http.HttpClient.<SendAsync>g__Core|83_0(HttpRequestMessage request, HttpCompletionOption completionOption, CancellationTokenSource cts, Boolean disposeCts, CancellationTokenSource pendingRequestsCts, CancellationToken originalCancellationToken)
   at AlgoWorker.Services.UpstoxRestClient.GetAuthorizedWebSocketUrlAsync(CancellationToken ct) in C:\CaptainsALGO\Dashboard\AlgoWorker\Services\UpstoxRestClient.cs:line 404
   at AlgoWorker.Services.UpstoxWebSocketClient.ConnectAndSubscribeAsync(IReadOnlyCollection`1 instrumentKeys, CancellationToken ct) in C:\CaptainsALGO\Dashboard\AlgoWorker\Services\UpstoxWebSocketClient.cs:line 88
   at AlgoWorker.Services.UpstoxWebSocketClient.RunAsync(IReadOnlyCollection`1 instrumentKeys, CancellationToken ct) in C:\CaptainsALGO\Dashboard\AlgoWorker\Services\UpstoxWebSocketClient.cs:line 52
2026-10-01 13:47:19.221 +05:30 [WRN] AlgoWorker.Worker: WebSocket disconnected: No such host is known. (api.upstox.com:443)
2026-10-01 13:47:29.706 +05:30 [WRN] AlgoWorker.Services.UpstoxWebSocketClient: WebSocket connection lost/failed. Reconnecting in 20s...
System.Net.Http.HttpRequestException: No such host is known. (api.upstox.com:443)
 ---> System.Net.Sockets.SocketException (11001): No such host is known.
   at System.Net.Sockets.Socket.AwaitableSocketAsyncEventArgs.ThrowException(SocketError error, CancellationToken cancellationToken)
   at System.Net.Sockets.Socket.AwaitableSocketAsyncEventArgs.System.Threading.Tasks.Sources.IValueTaskSource.GetResult(Int16 token)
   at System.Net.Sockets.Socket.<ConnectAsync>g__WaitForConnectWithCancellation|285_0(AwaitableSocketAsyncEventArgs saea, ValueTask connectTask, CancellationToken cancellationToken)
   at System.Net.Http.HttpConnectionPool.ConnectToTcpHostAsync(String host, Int32 port, HttpRequestMessage initialRequest, Boolean async, CancellationToken cancellationToken)
   --- End of inner exception stack trace ---
   at System.Net.Http.HttpConnectionPool.ConnectToTcpHostAsync(String host, Int32 port, HttpRequestMessage initialRequest, Boolean async, CancellationToken cancellationToken)
   at System.Net.Http.HttpConnectionPool.ConnectAsync(HttpRequestMessage request, Boolean async, CancellationToken cancellationToken)
   at System.Net.Http.HttpConnectionPool.CreateHttp11ConnectionAsync(HttpRequestMessage request, Boolean async, CancellationToken cancellationToken)
   at System.Net.Http.HttpConnectionPool.AddHttp11ConnectionAsync(QueueItem queueItem)
   at System.Threading.Tasks.TaskCompletionSourceWithCancellation`1.WaitWithCancellationAsync(CancellationToken cancellationToken)
   at System.Net.Http.HttpConnectionPool.SendWithVersionDetectionAndRetryAsync(HttpRequestMessage request, Boolean async, Boolean doRequestAuth, CancellationToken cancellationToken)
   at System.Net.Http.DiagnosticsHandler.SendAsyncCore(HttpRequestMessage request, Boolean async, CancellationToken cancellationToken)
   at System.Net.Http.RedirectHandler.SendAsync(HttpRequestMessage request, Boolean async, CancellationToken cancellationToken)
   at Microsoft.Extensions.Http.Logging.LoggingHttpMessageHandler.<SendCoreAsync>g__Core|5_0(HttpRequestMessage request, Boolean useAsync, CancellationToken cancellationToken)
   at Microsoft.Extensions.Http.Logging.LoggingScopeHttpMessageHandler.<SendCoreAsync>g__Core|5_0(HttpRequestMessage request, Boolean useAsync, CancellationToken cancellationToken)
   at System.Net.Http.HttpClient.<SendAsync>g__Core|83_0(HttpRequestMessage request, HttpCompletionOption completionOption, CancellationTokenSource cts, Boolean disposeCts, CancellationTokenSource pendingRequestsCts, CancellationToken originalCancellationToken)
   at AlgoWorker.Services.UpstoxRestClient.GetAuthorizedWebSocketUrlAsync(CancellationToken ct) in C:\CaptainsALGO\Dashboard\AlgoWorker\Services\UpstoxRestClient.cs:line 404
   at AlgoWorker.Services.UpstoxWebSocketClient.ConnectAndSubscribeAsync(IReadOnlyCollection`1 instrumentKeys, CancellationToken ct) in C:\CaptainsALGO\Dashboard\AlgoWorker\Services\UpstoxWebSocketClient.cs:line 88
   at AlgoWorker.Services.UpstoxWebSocketClient.RunAsync(IReadOnlyCollection`1 instrumentKeys, CancellationToken ct) in C:\CaptainsALGO\Dashboard\AlgoWorker\Services\UpstoxWebSocketClient.cs:line 52
2026-10-01 13:47:29.717 +05:30 [WRN] AlgoWorker.Worker: WebSocket disconnected: No such host is known. (api.upstox.com:443)
2026-10-01 13:47:50.324 +05:30 [WRN] AlgoWorker.Services.UpstoxWebSocketClient: WebSocket connection lost/failed. Reconnecting in 40s...
System.Net.Http.HttpRequestException: No such host is known. (api.upstox.com:443)
 ---> System.Net.Sockets.SocketException (11001): No such host is known.
   at System.Net.Sockets.Socket.AwaitableSocketAsyncEventArgs.ThrowException(SocketError error, CancellationToken cancellationToken)
   at System.Net.Sockets.Socket.AwaitableSocketAsyncEventArgs.System.Threading.Tasks.Sources.IValueTaskSource.GetResult(Int16 token)
   at System.Net.Sockets.Socket.<ConnectAsync>g__WaitForConnectWithCancellation|285_0(AwaitableSocketAsyncEventArgs saea, ValueTask connectTask, CancellationToken cancellationToken)
   at System.Net.Http.HttpConnectionPool.ConnectToTcpHostAsync(String host, Int32 port, HttpRequestMessage initialRequest, Boolean async, CancellationToken cancellationToken)
   --- End of inner exception stack trace ---
   at System.Net.Http.HttpConnectionPool.ConnectToTcpHostAsync(String host, Int32 port, HttpRequestMessage initialRequest, Boolean async, CancellationToken cancellationToken)
   at System.Net.Http.HttpConnectionPool.ConnectAsync(HttpRequestMessage request, Boolean async, CancellationToken cancellationToken)
   at System.Net.Http.HttpConnectionPool.CreateHttp11ConnectionAsync(HttpRequestMessage request, Boolean async, CancellationToken cancellationToken)
   at System.Net.Http.HttpConnectionPool.AddHttp11ConnectionAsync(QueueItem queueItem)
   at System.Threading.Tasks.TaskCompletionSourceWithCancellation`1.WaitWithCancellationAsync(CancellationToken cancellationToken)
   at System.Net.Http.HttpConnectionPool.SendWithVersionDetectionAndRetryAsync(HttpRequestMessage request, Boolean async, Boolean doRequestAuth, CancellationToken cancellationToken)
   at System.Net.Http.DiagnosticsHandler.SendAsyncCore(HttpRequestMessage request, Boolean async, CancellationToken cancellationToken)
   at System.Net.Http.RedirectHandler.SendAsync(HttpRequestMessage request, Boolean async, CancellationToken cancellationToken)
   at Microsoft.Extensions.Http.Logging.LoggingHttpMessageHandler.<SendCoreAsync>g__Core|5_0(HttpRequestMessage request, Boolean useAsync, CancellationToken cancellationToken)
   at Microsoft.Extensions.Http.Logging.LoggingScopeHttpMessageHandler.<SendCoreAsync>g__Core|5_0(HttpRequestMessage request, Boolean useAsync, CancellationToken cancellationToken)
   at System.Net.Http.HttpClient.<SendAsync>g__Core|83_0(HttpRequestMessage request, HttpCompletionOption completionOption, CancellationTokenSource cts, Boolean disposeCts, CancellationTokenSource pendingRequestsCts, CancellationToken originalCancellationToken)
   at AlgoWorker.Services.UpstoxRestClient.GetAuthorizedWebSocketUrlAsync(CancellationToken ct) in C:\CaptainsALGO\Dashboard\AlgoWorker\Services\UpstoxRestClient.cs:line 404
   at AlgoWorker.Services.UpstoxWebSocketClient.ConnectAndSubscribeAsync(IReadOnlyCollection`1 instrumentKeys, CancellationToken ct) in C:\CaptainsALGO\Dashboard\AlgoWorker\Services\UpstoxWebSocketClient.cs:line 88
   at AlgoWorker.Services.UpstoxWebSocketClient.RunAsync(IReadOnlyCollection`1 instrumentKeys, CancellationToken ct) in C:\CaptainsALGO\Dashboard\AlgoWorker\Services\UpstoxWebSocketClient.cs:line 52
2026-10-01 13:47:50.395 +05:30 [WRN] AlgoWorker.Worker: WebSocket disconnected: No such host is known. (api.upstox.com:443)
2026-10-01 13:48:30.946 +05:30 [WRN] AlgoWorker.Services.UpstoxWebSocketClient: WebSocket connection lost/failed. Reconnecting in 60s...
System.Net.Http.HttpRequestException: No such host is known. (api.upstox.com:443)
 ---> System.Net.Sockets.SocketException (11001): No such host is known.
   at System.Net.Sockets.Socket.AwaitableSocketAsyncEventArgs.ThrowException(SocketError error, CancellationToken cancellationToken)
   at System.Net.Sockets.Socket.AwaitableSocketAsyncEventArgs.System.Threading.Tasks.Sources.IValueTaskSource.GetResult(Int16 token)
   at System.Net.Sockets.Socket.<ConnectAsync>g__WaitForConnectWithCancellation|285_0(AwaitableSocketAsyncEventArgs saea, ValueTask connectTask, CancellationToken cancellationToken)
   at System.Net.Http.HttpConnectionPool.ConnectToTcpHostAsync(String host, Int32 port, HttpRequestMessage initialRequest, Boolean async, CancellationToken cancellationToken)
   --- End of inner exception stack trace ---
   at System.Net.Http.HttpConnectionPool.ConnectToTcpHostAsync(String host, Int32 port, HttpRequestMessage initialRequest, Boolean async, CancellationToken cancellationToken)
   at System.Net.Http.HttpConnectionPool.ConnectAsync(HttpRequestMessage request, Boolean async, CancellationToken cancellationToken)
   at System.Net.Http.HttpConnectionPool.CreateHttp11ConnectionAsync(HttpRequestMessage request, Boolean async, CancellationToken cancellationToken)
   at System.Net.Http.HttpConnectionPool.AddHttp11ConnectionAsync(QueueItem queueItem)
   at System.Threading.Tasks.TaskCompletionSourceWithCancellation`1.WaitWithCancellationAsync(CancellationToken cancellationToken)
   at System.Net.Http.HttpConnectionPool.SendWithVersionDetectionAndRetryAsync(HttpRequestMessage request, Boolean async, Boolean doRequestAuth, CancellationToken cancellationToken)
   at System.Net.Http.DiagnosticsHandler.SendAsyncCore(HttpRequestMessage request, Boolean async, CancellationToken cancellationToken)
   at System.Net.Http.RedirectHandler.SendAsync(HttpRequestMessage request, Boolean async, CancellationToken cancellationToken)
   at Microsoft.Extensions.Http.Logging.LoggingHttpMessageHandler.<SendCoreAsync>g__Core|5_0(HttpRequestMessage request, Boolean useAsync, CancellationToken cancellationToken)
   at Microsoft.Extensions.Http.Logging.LoggingScopeHttpMessageHandler.<SendCoreAsync>g__Core|5_0(HttpRequestMessage request, Boolean useAsync, CancellationToken cancellationToken)
   at System.Net.Http.HttpClient.<SendAsync>g__Core|83_0(HttpRequestMessage request, HttpCompletionOption completionOption, CancellationTokenSource cts, Boolean disposeCts, CancellationTokenSource pendingRequestsCts, CancellationToken originalCancellationToken)
   at AlgoWorker.Services.UpstoxRestClient.GetAuthorizedWebSocketUrlAsync(CancellationToken ct) in C:\CaptainsALGO\Dashboard\AlgoWorker\Services\UpstoxRestClient.cs:line 404
   at AlgoWorker.Services.UpstoxWebSocketClient.ConnectAndSubscribeAsync(IReadOnlyCollection`1 instrumentKeys, CancellationToken ct) in C:\CaptainsALGO\Dashboard\AlgoWorker\Services\UpstoxWebSocketClient.cs:line 88
   at AlgoWorker.Services.UpstoxWebSocketClient.RunAsync(IReadOnlyCollection`1 instrumentKeys, CancellationToken ct) in C:\CaptainsALGO\Dashboard\AlgoWorker\Services\UpstoxWebSocketClient.cs:line 52
2026-10-01 13:48:30.960 +05:30 [WRN] AlgoWorker.Worker: WebSocket disconnected: No such host is known. (api.upstox.com:443)
2026-10-01 13:49:31.457 +05:30 [WRN] AlgoWorker.Services.UpstoxWebSocketClient: WebSocket connection lost/failed. Reconnecting in 60s...
System.Net.Http.HttpRequestException: No such host is known. (api.upstox.com:443)
 ---> System.Net.Sockets.SocketException (11001): No such host is known.
   at System.Net.Sockets.Socket.AwaitableSocketAsyncEventArgs.ThrowException(SocketError error, CancellationToken cancellationToken)
   at System.Net.Sockets.Socket.AwaitableSocketAsyncEventArgs.System.Threading.Tasks.Sources.IValueTaskSource.GetResult(Int16 token)
   at System.Net.Sockets.Socket.<ConnectAsync>g__WaitForConnectWithCancellation|285_0(AwaitableSocketAsyncEventArgs saea, ValueTask connectTask, CancellationToken cancellationToken)
   at System.Net.Http.HttpConnectionPool.ConnectToTcpHostAsync(String host, Int32 port, HttpRequestMessage initialRequest, Boolean async, CancellationToken cancellationToken)
   --- End of inner exception stack trace ---
   at System.Net.Http.HttpConnectionPool.ConnectToTcpHostAsync(String host, Int32 port, HttpRequestMessage initialRequest, Boolean async, CancellationToken cancellationToken)
   at System.Net.Http.HttpConnectionPool.ConnectAsync(HttpRequestMessage request, Boolean async, CancellationToken cancellationToken)
   at System.Net.Http.HttpConnectionPool.CreateHttp11ConnectionAsync(HttpRequestMessage request, Boolean async, CancellationToken cancellationToken)
   at System.Net.Http.HttpConnectionPool.AddHttp11ConnectionAsync(QueueItem queueItem)
   at System.Threading.Tasks.TaskCompletionSourceWithCancellation`1.WaitWithCancellationAsync(CancellationToken cancellationToken)
   at System.Net.Http.HttpConnectionPool.SendWithVersionDetectionAndRetryAsync(HttpRequestMessage request, Boolean async, Boolean doRequestAuth, CancellationToken cancellationToken)
   at System.Net.Http.DiagnosticsHandler.SendAsyncCore(HttpRequestMessage request, Boolean async, CancellationToken cancellationToken)
   at System.Net.Http.RedirectHandler.SendAsync(HttpRequestMessage request, Boolean async, CancellationToken cancellationToken)
   at Microsoft.Extensions.Http.Logging.LoggingHttpMessageHandler.<SendCoreAsync>g__Core|5_0(HttpRequestMessage request, Boolean useAsync, CancellationToken cancellationToken)
   at Microsoft.Extensions.Http.Logging.LoggingScopeHttpMessageHandler.<SendCoreAsync>g__Core|5_0(HttpRequestMessage request, Boolean useAsync, CancellationToken cancellationToken)
   at System.Net.Http.HttpClient.<SendAsync>g__Core|83_0(HttpRequestMessage request, HttpCompletionOption completionOption, CancellationTokenSource cts, Boolean disposeCts, CancellationTokenSource pendingRequestsCts, CancellationToken originalCancellationToken)
   at AlgoWorker.Services.UpstoxRestClient.GetAuthorizedWebSocketUrlAsync(CancellationToken ct) in C:\CaptainsALGO\Dashboard\AlgoWorker\Services\UpstoxRestClient.cs:line 404
   at AlgoWorker.Services.UpstoxWebSocketClient.ConnectAndSubscribeAsync(IReadOnlyCollection`1 instrumentKeys, CancellationToken ct) in C:\CaptainsALGO\Dashboard\AlgoWorker\Services\UpstoxWebSocketClient.cs:line 88
   at AlgoWorker.Services.UpstoxWebSocketClient.RunAsync(IReadOnlyCollection`1 instrumentKeys, CancellationToken ct) in C:\CaptainsALGO\Dashboard\AlgoWorker\Services\UpstoxWebSocketClient.cs:line 52
2026-10-01 13:49:31.468 +05:30 [WRN] AlgoWorker.Worker: WebSocket disconnected: No such host is known. (api.upstox.com:443)
2026-10-01 13:50:32.016 +05:30 [WRN] AlgoWorker.Services.UpstoxWebSocketClient: WebSocket connection lost/failed. Reconnecting in 60s...
System.Net.Http.HttpRequestException: No such host is known. (api.upstox.com:443)
 ---> System.Net.Sockets.SocketException (11001): No such host is known.
   at System.Net.Sockets.Socket.AwaitableSocketAsyncEventArgs.ThrowException(SocketError error, CancellationToken cancellationToken)
   at System.Net.Sockets.Socket.AwaitableSocketAsyncEventArgs.System.Threading.Tasks.Sources.IValueTaskSource.GetResult(Int16 token)
   at System.Net.Sockets.Socket.<ConnectAsync>g__WaitForConnectWithCancellation|285_0(AwaitableSocketAsyncEventArgs saea, ValueTask connectTask, CancellationToken cancellationToken)
   at System.Net.Http.HttpConnectionPool.ConnectToTcpHostAsync(String host, Int32 port, HttpRequestMessage initialRequest, Boolean async, CancellationToken cancellationToken)
   --- End of inner exception stack trace ---
   at System.Net.Http.HttpConnectionPool.ConnectToTcpHostAsync(String host, Int32 port, HttpRequestMessage initialRequest, Boolean async, CancellationToken cancellationToken)
   at System.Net.Http.HttpConnectionPool.ConnectAsync(HttpRequestMessage request, Boolean async, CancellationToken cancellationToken)
   at System.Net.Http.HttpConnectionPool.CreateHttp11ConnectionAsync(HttpRequestMessage request, Boolean async, CancellationToken cancellationToken)
   at System.Net.Http.HttpConnectionPool.AddHttp11ConnectionAsync(QueueItem queueItem)
   at System.Threading.Tasks.TaskCompletionSourceWithCancellation`1.WaitWithCancellationAsync(CancellationToken cancellationToken)
   at System.Net.Http.HttpConnectionPool.SendWithVersionDetectionAndRetryAsync(HttpRequestMessage request, Boolean async, Boolean doRequestAuth, CancellationToken cancellationToken)
   at System.Net.Http.DiagnosticsHandler.SendAsyncCore(HttpRequestMessage request, Boolean async, CancellationToken cancellationToken)
   at System.Net.Http.RedirectHandler.SendAsync(HttpRequestMessage request, Boolean async, CancellationToken cancellationToken)
   at Microsoft.Extensions.Http.Logging.LoggingHttpMessageHandler.<SendCoreAsync>g__Core|5_0(HttpRequestMessage request, Boolean useAsync, CancellationToken cancellationToken)
   at Microsoft.Extensions.Http.Logging.LoggingScopeHttpMessageHandler.<SendCoreAsync>g__Core|5_0(HttpRequestMessage request, Boolean useAsync, CancellationToken cancellationToken)
   at System.Net.Http.HttpClient.<SendAsync>g__Core|83_0(HttpRequestMessage request, HttpCompletionOption completionOption, CancellationTokenSource cts, Boolean disposeCts, CancellationTokenSource pendingRequestsCts, CancellationToken originalCancellationToken)
   at AlgoWorker.Services.UpstoxRestClient.GetAuthorizedWebSocketUrlAsync(CancellationToken ct) in C:\CaptainsALGO\Dashboard\AlgoWorker\Services\UpstoxRestClient.cs:line 404
   at AlgoWorker.Services.UpstoxWebSocketClient.ConnectAndSubscribeAsync(IReadOnlyCollection`1 instrumentKeys, CancellationToken ct) in C:\CaptainsALGO\Dashboard\AlgoWorker\Services\UpstoxWebSocketClient.cs:line 88
   at AlgoWorker.Services.UpstoxWebSocketClient.RunAsync(IReadOnlyCollection`1 instrumentKeys, CancellationToken ct) in C:\CaptainsALGO\Dashboard\AlgoWorker\Services\UpstoxWebSocketClient.cs:line 52
2026-10-01 13:50:32.026 +05:30 [WRN] AlgoWorker.Worker: WebSocket disconnected: No such host is known. (api.upstox.com:443)
2026-10-01 13:51:32.632 +05:30 [WRN] AlgoWorker.Services.UpstoxWebSocketClient: WebSocket connection lost/failed. Reconnecting in 60s...
System.Net.Http.HttpRequestException: No such host is known. (api.upstox.com:443)
 ---> System.Net.Sockets.SocketException (11001): No such host is known.
   at System.Net.Sockets.Socket.AwaitableSocketAsyncEventArgs.ThrowException(SocketError error, CancellationToken cancellationToken)
   at System.Net.Sockets.Socket.AwaitableSocketAsyncEventArgs.System.Threading.Tasks.Sources.IValueTaskSource.GetResult(Int16 token)
   at System.Net.Sockets.Socket.<ConnectAsync>g__WaitForConnectWithCancellation|285_0(AwaitableSocketAsyncEventArgs saea, ValueTask connectTask, CancellationToken cancellationToken)
   at System.Net.Http.HttpConnectionPool.ConnectToTcpHostAsync(String host, Int32 port, HttpRequestMessage initialRequest, Boolean async, CancellationToken cancellationToken)
   --- End of inner exception stack trace ---
   at System.Net.Http.HttpConnectionPool.ConnectToTcpHostAsync(String host, Int32 port, HttpRequestMessage initialRequest, Boolean async, CancellationToken cancellationToken)
   at System.Net.Http.HttpConnectionPool.ConnectAsync(HttpRequestMessage request, Boolean async, CancellationToken cancellationToken)
   at System.Net.Http.HttpConnectionPool.CreateHttp11ConnectionAsync(HttpRequestMessage request, Boolean async, CancellationToken cancellationToken)
   at System.Net.Http.HttpConnectionPool.AddHttp11ConnectionAsync(QueueItem queueItem)
   at System.Threading.Tasks.TaskCompletionSourceWithCancellation`1.WaitWithCancellationAsync(CancellationToken cancellationToken)
   at System.Net.Http.HttpConnectionPool.SendWithVersionDetectionAndRetryAsync(HttpRequestMessage request, Boolean async, Boolean doRequestAuth, CancellationToken cancellationToken)
   at System.Net.Http.DiagnosticsHandler.SendAsyncCore(HttpRequestMessage request, Boolean async, CancellationToken cancellationToken)
   at System.Net.Http.RedirectHandler.SendAsync(HttpRequestMessage request, Boolean async, CancellationToken cancellationToken)
   at Microsoft.Extensions.Http.Logging.LoggingHttpMessageHandler.<SendCoreAsync>g__Core|5_0(HttpRequestMessage request, Boolean useAsync, CancellationToken cancellationToken)
   at Microsoft.Extensions.Http.Logging.LoggingScopeHttpMessageHandler.<SendCoreAsync>g__Core|5_0(HttpRequestMessage request, Boolean useAsync, CancellationToken cancellationToken)
   at System.Net.Http.HttpClient.<SendAsync>g__Core|83_0(HttpRequestMessage request, HttpCompletionOption completionOption, CancellationTokenSource cts, Boolean disposeCts, CancellationTokenSource pendingRequestsCts, CancellationToken originalCancellationToken)
   at AlgoWorker.Services.UpstoxRestClient.GetAuthorizedWebSocketUrlAsync(CancellationToken ct) in C:\CaptainsALGO\Dashboard\AlgoWorker\Services\UpstoxRestClient.cs:line 404
   at AlgoWorker.Services.UpstoxWebSocketClient.ConnectAndSubscribeAsync(IReadOnlyCollection`1 instrumentKeys, CancellationToken ct) in C:\CaptainsALGO\Dashboard\AlgoWorker\Services\UpstoxWebSocketClient.cs:line 88
   at AlgoWorker.Services.UpstoxWebSocketClient.RunAsync(IReadOnlyCollection`1 instrumentKeys, CancellationToken ct) in C:\CaptainsALGO\Dashboard\AlgoWorker\Services\UpstoxWebSocketClient.cs:line 52
2026-10-01 13:51:32.641 +05:30 [WRN] AlgoWorker.Worker: WebSocket disconnected: No such host is known. (api.upstox.com:443)
2026-10-01 13:52:33.200 +05:30 [WRN] AlgoWorker.Services.UpstoxWebSocketClient: WebSocket connection lost/failed. Reconnecting in 60s...
System.Net.Http.HttpRequestException: No such host is known. (api.upstox.com:443)
 ---> System.Net.Sockets.SocketException (11001): No such host is known.
   at System.Net.Sockets.Socket.AwaitableSocketAsyncEventArgs.ThrowException(SocketError error, CancellationToken cancellationToken)
   at System.Net.Sockets.Socket.AwaitableSocketAsyncEventArgs.System.Threading.Tasks.Sources.IValueTaskSource.GetResult(Int16 token)
   at System.Net.Sockets.Socket.<ConnectAsync>g__WaitForConnectWithCancellation|285_0(AwaitableSocketAsyncEventArgs saea, ValueTask connectTask, CancellationToken cancellationToken)
   at System.Net.Http.HttpConnectionPool.ConnectToTcpHostAsync(String host, Int32 port, HttpRequestMessage initialRequest, Boolean async, CancellationToken cancellationToken)
   --- End of inner exception stack trace ---
   at System.Net.Http.HttpConnectionPool.ConnectToTcpHostAsync(String host, Int32 port, HttpRequestMessage initialRequest, Boolean async, CancellationToken cancellationToken)
   at System.Net.Http.HttpConnectionPool.ConnectAsync(HttpRequestMessage request, Boolean async, CancellationToken cancellationToken)
   at System.Net.Http.HttpConnectionPool.CreateHttp11ConnectionAsync(HttpRequestMessage request, Boolean async, CancellationToken cancellationToken)
   at System.Net.Http.HttpConnectionPool.AddHttp11ConnectionAsync(QueueItem queueItem)
   at System.Threading.Tasks.TaskCompletionSourceWithCancellation`1.WaitWithCancellationAsync(CancellationToken cancellationToken)
   at System.Net.Http.HttpConnectionPool.SendWithVersionDetectionAndRetryAsync(HttpRequestMessage request, Boolean async, Boolean doRequestAuth, CancellationToken cancellationToken)
   at System.Net.Http.DiagnosticsHandler.SendAsyncCore(HttpRequestMessage request, Boolean async, CancellationToken cancellationToken)
   at System.Net.Http.RedirectHandler.SendAsync(HttpRequestMessage request, Boolean async, CancellationToken cancellationToken)
   at Microsoft.Extensions.Http.Logging.LoggingHttpMessageHandler.<SendCoreAsync>g__Core|5_0(HttpRequestMessage request, Boolean useAsync, CancellationToken cancellationToken)
   at Microsoft.Extensions.Http.Logging.LoggingScopeHttpMessageHandler.<SendCoreAsync>g__Core|5_0(HttpRequestMessage request, Boolean useAsync, CancellationToken cancellationToken)
   at System.Net.Http.HttpClient.<SendAsync>g__Core|83_0(HttpRequestMessage request, HttpCompletionOption completionOption, CancellationTokenSource cts, Boolean disposeCts, CancellationTokenSource pendingRequestsCts, CancellationToken originalCancellationToken)
   at AlgoWorker.Services.UpstoxRestClient.GetAuthorizedWebSocketUrlAsync(CancellationToken ct) in C:\CaptainsALGO\Dashboard\AlgoWorker\Services\UpstoxRestClient.cs:line 404
   at AlgoWorker.Services.UpstoxWebSocketClient.ConnectAndSubscribeAsync(IReadOnlyCollection`1 instrumentKeys, CancellationToken ct) in C:\CaptainsALGO\Dashboard\AlgoWorker\Services\UpstoxWebSocketClient.cs:line 88
   at AlgoWorker.Services.UpstoxWebSocketClient.RunAsync(IReadOnlyCollection`1 instrumentKeys, CancellationToken ct) in C:\CaptainsALGO\Dashboard\AlgoWorker\Services\UpstoxWebSocketClient.cs:line 52
2026-10-01 13:52:33.210 +05:30 [WRN] AlgoWorker.Worker: WebSocket disconnected: No such host is known. (api.upstox.com:443)
2026-10-01 13:53:33.633 +05:30 [WRN] AlgoWorker.Services.UpstoxWebSocketClient: WebSocket connection lost/failed. Reconnecting in 60s...
System.Net.Http.HttpRequestException: No such host is known. (api.upstox.com:443)
 ---> System.Net.Sockets.SocketException (11001): No such host is known.
   at System.Net.Sockets.Socket.AwaitableSocketAsyncEventArgs.ThrowException(SocketError error, CancellationToken cancellationToken)
   at System.Net.Sockets.Socket.AwaitableSocketAsyncEventArgs.System.Threading.Tasks.Sources.IValueTaskSource.GetResult(Int16 token)
   at System.Net.Sockets.Socket.<ConnectAsync>g__WaitForConnectWithCancellation|285_0(AwaitableSocketAsyncEventArgs saea, ValueTask connectTask, CancellationToken cancellationToken)
   at System.Net.Http.HttpConnectionPool.ConnectToTcpHostAsync(String host, Int32 port, HttpRequestMessage initialRequest, Boolean async, CancellationToken cancellationToken)
   --- End of inner exception stack trace ---
   at System.Net.Http.HttpConnectionPool.ConnectToTcpHostAsync(String host, Int32 port, HttpRequestMessage initialRequest, Boolean async, CancellationToken cancellationToken)
   at System.Net.Http.HttpConnectionPool.ConnectAsync(HttpRequestMessage request, Boolean async, CancellationToken cancellationToken)
   at System.Net.Http.HttpConnectionPool.CreateHttp11ConnectionAsync(HttpRequestMessage request, Boolean async, CancellationToken cancellationToken)
   at System.Net.Http.HttpConnectionPool.AddHttp11ConnectionAsync(QueueItem queueItem)
   at System.Threading.Tasks.TaskCompletionSourceWithCancellation`1.WaitWithCancellationAsync(CancellationToken cancellationToken)
   at System.Net.Http.HttpConnectionPool.SendWithVersionDetectionAndRetryAsync(HttpRequestMessage request, Boolean async, Boolean doRequestAuth, CancellationToken cancellationToken)
   at System.Net.Http.DiagnosticsHandler.SendAsyncCore(HttpRequestMessage request, Boolean async, CancellationToken cancellationToken)
   at System.Net.Http.RedirectHandler.SendAsync(HttpRequestMessage request, Boolean async, CancellationToken cancellationToken)
   at Microsoft.Extensions.Http.Logging.LoggingHttpMessageHandler.<SendCoreAsync>g__Core|5_0(HttpRequestMessage request, Boolean useAsync, CancellationToken cancellationToken)
   at Microsoft.Extensions.Http.Logging.LoggingScopeHttpMessageHandler.<SendCoreAsync>g__Core|5_0(HttpRequestMessage request, Boolean useAsync, CancellationToken cancellationToken)
   at System.Net.Http.HttpClient.<SendAsync>g__Core|83_0(HttpRequestMessage request, HttpCompletionOption completionOption, CancellationTokenSource cts, Boolean disposeCts, CancellationTokenSource pendingRequestsCts, CancellationToken originalCancellationToken)
   at AlgoWorker.Services.UpstoxRestClient.GetAuthorizedWebSocketUrlAsync(CancellationToken ct) in C:\CaptainsALGO\Dashboard\AlgoWorker\Services\UpstoxRestClient.cs:line 404
   at AlgoWorker.Services.UpstoxWebSocketClient.ConnectAndSubscribeAsync(IReadOnlyCollection`1 instrumentKeys, CancellationToken ct) in C:\CaptainsALGO\Dashboard\AlgoWorker\Services\UpstoxWebSocketClient.cs:line 88
   at AlgoWorker.Services.UpstoxWebSocketClient.RunAsync(IReadOnlyCollection`1 instrumentKeys, CancellationToken ct) in C:\CaptainsALGO\Dashboard\AlgoWorker\Services\UpstoxWebSocketClient.cs:line 52
2026-10-01 13:53:33.646 +05:30 [WRN] AlgoWorker.Worker: WebSocket disconnected: No such host is known. (api.upstox.com:443)
2026-10-01 13:54:34.202 +05:30 [WRN] AlgoWorker.Services.UpstoxWebSocketClient: WebSocket connection lost/failed. Reconnecting in 60s...
System.Net.Http.HttpRequestException: No such host is known. (api.upstox.com:443)
 ---> System.Net.Sockets.SocketException (11001): No such host is known.
   at System.Net.Sockets.Socket.AwaitableSocketAsyncEventArgs.ThrowException(SocketError error, CancellationToken cancellationToken)
   at System.Net.Sockets.Socket.AwaitableSocketAsyncEventArgs.System.Threading.Tasks.Sources.IValueTaskSource.GetResult(Int16 token)
   at System.Net.Sockets.Socket.<ConnectAsync>g__WaitForConnectWithCancellation|285_0(AwaitableSocketAsyncEventArgs saea, ValueTask connectTask, CancellationToken cancellationToken)
   at System.Net.Http.HttpConnectionPool.ConnectToTcpHostAsync(String host, Int32 port, HttpRequestMessage initialRequest, Boolean async, CancellationToken cancellationToken)
   --- End of inner exception stack trace ---
   at System.Net.Http.HttpConnectionPool.ConnectToTcpHostAsync(String host, Int32 port, HttpRequestMessage initialRequest, Boolean async, CancellationToken cancellationToken)
   at System.Net.Http.HttpConnectionPool.ConnectAsync(HttpRequestMessage request, Boolean async, CancellationToken cancellationToken)
   at System.Net.Http.HttpConnectionPool.CreateHttp11ConnectionAsync(HttpRequestMessage request, Boolean async, CancellationToken cancellationToken)
   at System.Net.Http.HttpConnectionPool.AddHttp11ConnectionAsync(QueueItem queueItem)
   at System.Threading.Tasks.TaskCompletionSourceWithCancellation`1.WaitWithCancellationAsync(CancellationToken cancellationToken)
   at System.Net.Http.HttpConnectionPool.SendWithVersionDetectionAndRetryAsync(HttpRequestMessage request, Boolean async, Boolean doRequestAuth, CancellationToken cancellationToken)
   at System.Net.Http.DiagnosticsHandler.SendAsyncCore(HttpRequestMessage request, Boolean async, CancellationToken cancellationToken)
   at System.Net.Http.RedirectHandler.SendAsync(HttpRequestMessage request, Boolean async, CancellationToken cancellationToken)
   at Microsoft.Extensions.Http.Logging.LoggingHttpMessageHandler.<SendCoreAsync>g__Core|5_0(HttpRequestMessage request, Boolean useAsync, CancellationToken cancellationToken)
   at Microsoft.Extensions.Http.Logging.LoggingScopeHttpMessageHandler.<SendCoreAsync>g__Core|5_0(HttpRequestMessage request, Boolean useAsync, CancellationToken cancellationToken)
   at System.Net.Http.HttpClient.<SendAsync>g__Core|83_0(HttpRequestMessage request, HttpCompletionOption completionOption, CancellationTokenSource cts, Boolean disposeCts, CancellationTokenSource pendingRequestsCts, CancellationToken originalCancellationToken)
   at AlgoWorker.Services.UpstoxRestClient.GetAuthorizedWebSocketUrlAsync(CancellationToken ct) in C:\CaptainsALGO\Dashboard\AlgoWorker\Services\UpstoxRestClient.cs:line 404
   at AlgoWorker.Services.UpstoxWebSocketClient.ConnectAndSubscribeAsync(IReadOnlyCollection`1 instrumentKeys, CancellationToken ct) in C:\CaptainsALGO\Dashboard\AlgoWorker\Services\UpstoxWebSocketClient.cs:line 88
   at AlgoWorker.Services.UpstoxWebSocketClient.RunAsync(IReadOnlyCollection`1 instrumentKeys, CancellationToken ct) in C:\CaptainsALGO\Dashboard\AlgoWorker\Services\UpstoxWebSocketClient.cs:line 52
2026-10-01 13:54:34.215 +05:30 [WRN] AlgoWorker.Worker: WebSocket disconnected: No such host is known. (api.upstox.com:443)
2026-10-01 13:55:34.694 +05:30 [WRN] AlgoWorker.Services.UpstoxWebSocketClient: WebSocket connection lost/failed. Reconnecting in 60s...
System.Net.Http.HttpRequestException: No such host is known. (api.upstox.com:443)
 ---> System.Net.Sockets.SocketException (11001): No such host is known.
   at System.Net.Sockets.Socket.AwaitableSocketAsyncEventArgs.ThrowException(SocketError error, CancellationToken cancellationToken)
   at System.Net.Sockets.Socket.AwaitableSocketAsyncEventArgs.System.Threading.Tasks.Sources.IValueTaskSource.GetResult(Int16 token)
   at System.Net.Sockets.Socket.<ConnectAsync>g__WaitForConnectWithCancellation|285_0(AwaitableSocketAsyncEventArgs saea, ValueTask connectTask, CancellationToken cancellationToken)
   at System.Net.Http.HttpConnectionPool.ConnectToTcpHostAsync(String host, Int32 port, HttpRequestMessage initialRequest, Boolean async, CancellationToken cancellationToken)
   --- End of inner exception stack trace ---
   at System.Net.Http.HttpConnectionPool.ConnectToTcpHostAsync(String host, Int32 port, HttpRequestMessage initialRequest, Boolean async, CancellationToken cancellationToken)
   at System.Net.Http.HttpConnectionPool.ConnectAsync(HttpRequestMessage request, Boolean async, CancellationToken cancellationToken)
   at System.Net.Http.HttpConnectionPool.CreateHttp11ConnectionAsync(HttpRequestMessage request, Boolean async, CancellationToken cancellationToken)
   at System.Net.Http.HttpConnectionPool.AddHttp11ConnectionAsync(QueueItem queueItem)
   at System.Threading.Tasks.TaskCompletionSourceWithCancellation`1.WaitWithCancellationAsync(CancellationToken cancellationToken)
   at System.Net.Http.HttpConnectionPool.SendWithVersionDetectionAndRetryAsync(HttpRequestMessage request, Boolean async, Boolean doRequestAuth, CancellationToken cancellationToken)
   at System.Net.Http.DiagnosticsHandler.SendAsyncCore(HttpRequestMessage request, Boolean async, CancellationToken cancellationToken)
   at System.Net.Http.RedirectHandler.SendAsync(HttpRequestMessage request, Boolean async, CancellationToken cancellationToken)
   at Microsoft.Extensions.Http.Logging.LoggingHttpMessageHandler.<SendCoreAsync>g__Core|5_0(HttpRequestMessage request, Boolean useAsync, CancellationToken cancellationToken)
   at Microsoft.Extensions.Http.Logging.LoggingScopeHttpMessageHandler.<SendCoreAsync>g__Core|5_0(HttpRequestMessage request, Boolean useAsync, CancellationToken cancellationToken)
   at System.Net.Http.HttpClient.<SendAsync>g__Core|83_0(HttpRequestMessage request, HttpCompletionOption completionOption, CancellationTokenSource cts, Boolean disposeCts, CancellationTokenSource pendingRequestsCts, CancellationToken originalCancellationToken)
   at AlgoWorker.Services.UpstoxRestClient.GetAuthorizedWebSocketUrlAsync(CancellationToken ct) in C:\CaptainsALGO\Dashboard\AlgoWorker\Services\UpstoxRestClient.cs:line 404
   at AlgoWorker.Services.UpstoxWebSocketClient.ConnectAndSubscribeAsync(IReadOnlyCollection`1 instrumentKeys, CancellationToken ct) in C:\CaptainsALGO\Dashboard\AlgoWorker\Services\UpstoxWebSocketClient.cs:line 88
   at AlgoWorker.Services.UpstoxWebSocketClient.RunAsync(IReadOnlyCollection`1 instrumentKeys, CancellationToken ct) in C:\CaptainsALGO\Dashboard\AlgoWorker\Services\UpstoxWebSocketClient.cs:line 52
2026-10-01 13:55:34.704 +05:30 [WRN] AlgoWorker.Worker: WebSocket disconnected: No such host is known. (api.upstox.com:443)
2026-10-01 13:56:35.341 +05:30 [WRN] AlgoWorker.Services.UpstoxWebSocketClient: WebSocket connection lost/failed. Reconnecting in 60s...
System.Net.Http.HttpRequestException: No such host is known. (api.upstox.com:443)
 ---> System.Net.Sockets.SocketException (11001): No such host is known.
   at System.Net.Sockets.Socket.AwaitableSocketAsyncEventArgs.ThrowException(SocketError error, CancellationToken cancellationToken)
   at System.Net.Sockets.Socket.AwaitableSocketAsyncEventArgs.System.Threading.Tasks.Sources.IValueTaskSource.GetResult(Int16 token)
   at System.Net.Sockets.Socket.<ConnectAsync>g__WaitForConnectWithCancellation|285_0(AwaitableSocketAsyncEventArgs saea, ValueTask connectTask, CancellationToken cancellationToken)
   at System.Net.Http.HttpConnectionPool.ConnectToTcpHostAsync(String host, Int32 port, HttpRequestMessage initialRequest, Boolean async, CancellationToken cancellationToken)
   --- End of inner exception stack trace ---
   at System.Net.Http.HttpConnectionPool.ConnectToTcpHostAsync(String host, Int32 port, HttpRequestMessage initialRequest, Boolean async, CancellationToken cancellationToken)
   at System.Net.Http.HttpConnectionPool.ConnectAsync(HttpRequestMessage request, Boolean async, CancellationToken cancellationToken)
   at System.Net.Http.HttpConnectionPool.CreateHttp11ConnectionAsync(HttpRequestMessage request, Boolean async, CancellationToken cancellationToken)
   at System.Net.Http.HttpConnectionPool.AddHttp11ConnectionAsync(QueueItem queueItem)
   at System.Threading.Tasks.TaskCompletionSourceWithCancellation`1.WaitWithCancellationAsync(CancellationToken cancellationToken)
   at System.Net.Http.HttpConnectionPool.SendWithVersionDetectionAndRetryAsync(HttpRequestMessage request, Boolean async, Boolean doRequestAuth, CancellationToken cancellationToken)
   at System.Net.Http.DiagnosticsHandler.SendAsyncCore(HttpRequestMessage request, Boolean async, CancellationToken cancellationToken)
   at System.Net.Http.RedirectHandler.SendAsync(HttpRequestMessage request, Boolean async, CancellationToken cancellationToken)
   at Microsoft.Extensions.Http.Logging.LoggingHttpMessageHandler.<SendCoreAsync>g__Core|5_0(HttpRequestMessage request, Boolean useAsync, CancellationToken cancellationToken)
   at Microsoft.Extensions.Http.Logging.LoggingScopeHttpMessageHandler.<SendCoreAsync>g__Core|5_0(HttpRequestMessage request, Boolean useAsync, CancellationToken cancellationToken)
   at System.Net.Http.HttpClient.<SendAsync>g__Core|83_0(HttpRequestMessage request, HttpCompletionOption completionOption, CancellationTokenSource cts, Boolean disposeCts, CancellationTokenSource pendingRequestsCts, CancellationToken originalCancellationToken)
   at AlgoWorker.Services.UpstoxRestClient.GetAuthorizedWebSocketUrlAsync(CancellationToken ct) in C:\CaptainsALGO\Dashboard\AlgoWorker\Services\UpstoxRestClient.cs:line 404
   at AlgoWorker.Services.UpstoxWebSocketClient.ConnectAndSubscribeAsync(IReadOnlyCollection`1 instrumentKeys, CancellationToken ct) in C:\CaptainsALGO\Dashboard\AlgoWorker\Services\UpstoxWebSocketClient.cs:line 88
   at AlgoWorker.Services.UpstoxWebSocketClient.RunAsync(IReadOnlyCollection`1 instrumentKeys, CancellationToken ct) in C:\CaptainsALGO\Dashboard\AlgoWorker\Services\UpstoxWebSocketClient.cs:line 52
2026-10-01 13:56:35.354 +05:30 [WRN] AlgoWorker.Worker: WebSocket disconnected: No such host is known. (api.upstox.com:443)
2026-10-01 13:57:35.870 +05:30 [WRN] AlgoWorker.Services.UpstoxWebSocketClient: WebSocket connection lost/failed. Reconnecting in 60s...
System.Net.Http.HttpRequestException: No such host is known. (api.upstox.com:443)
 ---> System.Net.Sockets.SocketException (11001): No such host is known.
   at System.Net.Sockets.Socket.AwaitableSocketAsyncEventArgs.ThrowException(SocketError error, CancellationToken cancellationToken)
   at System.Net.Sockets.Socket.AwaitableSocketAsyncEventArgs.System.Threading.Tasks.Sources.IValueTaskSource.GetResult(Int16 token)
   at System.Net.Sockets.Socket.<ConnectAsync>g__WaitForConnectWithCancellation|285_0(AwaitableSocketAsyncEventArgs saea, ValueTask connectTask, CancellationToken cancellationToken)
   at System.Net.Http.HttpConnectionPool.ConnectToTcpHostAsync(String host, Int32 port, HttpRequestMessage initialRequest, Boolean async, CancellationToken cancellationToken)
   --- End of inner exception stack trace ---
   at System.Net.Http.HttpConnectionPool.ConnectToTcpHostAsync(String host, Int32 port, HttpRequestMessage initialRequest, Boolean async, CancellationToken cancellationToken)
   at System.Net.Http.HttpConnectionPool.ConnectAsync(HttpRequestMessage request, Boolean async, CancellationToken cancellationToken)
   at System.Net.Http.HttpConnectionPool.CreateHttp11ConnectionAsync(HttpRequestMessage request, Boolean async, CancellationToken cancellationToken)
   at System.Net.Http.HttpConnectionPool.AddHttp11ConnectionAsync(QueueItem queueItem)
   at System.Threading.Tasks.TaskCompletionSourceWithCancellation`1.WaitWithCancellationAsync(CancellationToken cancellationToken)
   at System.Net.Http.HttpConnectionPool.SendWithVersionDetectionAndRetryAsync(HttpRequestMessage request, Boolean async, Boolean doRequestAuth, CancellationToken cancellationToken)
   at System.Net.Http.DiagnosticsHandler.SendAsyncCore(HttpRequestMessage request, Boolean async, CancellationToken cancellationToken)
   at System.Net.Http.RedirectHandler.SendAsync(HttpRequestMessage request, Boolean async, CancellationToken cancellationToken)
   at Microsoft.Extensions.Http.Logging.LoggingHttpMessageHandler.<SendCoreAsync>g__Core|5_0(HttpRequestMessage request, Boolean useAsync, CancellationToken cancellationToken)
   at Microsoft.Extensions.Http.Logging.LoggingScopeHttpMessageHandler.<SendCoreAsync>g__Core|5_0(HttpRequestMessage request, Boolean useAsync, CancellationToken cancellationToken)
   at System.Net.Http.HttpClient.<SendAsync>g__Core|83_0(HttpRequestMessage request, HttpCompletionOption completionOption, CancellationTokenSource cts, Boolean disposeCts, CancellationTokenSource pendingRequestsCts, CancellationToken originalCancellationToken)
   at AlgoWorker.Services.UpstoxRestClient.GetAuthorizedWebSocketUrlAsync(CancellationToken ct) in C:\CaptainsALGO\Dashboard\AlgoWorker\Services\UpstoxRestClient.cs:line 404
   at AlgoWorker.Services.UpstoxWebSocketClient.ConnectAndSubscribeAsync(IReadOnlyCollection`1 instrumentKeys, CancellationToken ct) in C:\CaptainsALGO\Dashboard\AlgoWorker\Services\UpstoxWebSocketClient.cs:line 88
   at AlgoWorker.Services.UpstoxWebSocketClient.RunAsync(IReadOnlyCollection`1 instrumentKeys, CancellationToken ct) in C:\CaptainsALGO\Dashboard\AlgoWorker\Services\UpstoxWebSocketClient.cs:line 52
2026-10-01 13:57:35.887 +05:30 [WRN] AlgoWorker.Worker: WebSocket disconnected: No such host is known. (api.upstox.com:443)
2026-10-01 13:58:36.367 +05:30 [WRN] AlgoWorker.Services.UpstoxWebSocketClient: WebSocket connection lost/failed. Reconnecting in 60s...
System.Net.Http.HttpRequestException: No such host is known. (api.upstox.com:443)
 ---> System.Net.Sockets.SocketException (11001): No such host is known.
   at System.Net.Sockets.Socket.AwaitableSocketAsyncEventArgs.ThrowException(SocketError error, CancellationToken cancellationToken)
   at System.Net.Sockets.Socket.AwaitableSocketAsyncEventArgs.System.Threading.Tasks.Sources.IValueTaskSource.GetResult(Int16 token)
   at System.Net.Sockets.Socket.<ConnectAsync>g__WaitForConnectWithCancellation|285_0(AwaitableSocketAsyncEventArgs saea, ValueTask connectTask, CancellationToken cancellationToken)
   at System.Net.Http.HttpConnectionPool.ConnectToTcpHostAsync(String host, Int32 port, HttpRequestMessage initialRequest, Boolean async, CancellationToken cancellationToken)
   --- End of inner exception stack trace ---
   at System.Net.Http.HttpConnectionPool.ConnectToTcpHostAsync(String host, Int32 port, HttpRequestMessage initialRequest, Boolean async, CancellationToken cancellationToken)
   at System.Net.Http.HttpConnectionPool.ConnectAsync(HttpRequestMessage request, Boolean async, CancellationToken cancellationToken)
   at System.Net.Http.HttpConnectionPool.CreateHttp11ConnectionAsync(HttpRequestMessage request, Boolean async, CancellationToken cancellationToken)
   at System.Net.Http.HttpConnectionPool.AddHttp11ConnectionAsync(QueueItem queueItem)
   at System.Threading.Tasks.TaskCompletionSourceWithCancellation`1.WaitWithCancellationAsync(CancellationToken cancellationToken)
   at System.Net.Http.HttpConnectionPool.SendWithVersionDetectionAndRetryAsync(HttpRequestMessage request, Boolean async, Boolean doRequestAuth, CancellationToken cancellationToken)
   at System.Net.Http.DiagnosticsHandler.SendAsyncCore(HttpRequestMessage request, Boolean async, CancellationToken cancellationToken)
   at System.Net.Http.RedirectHandler.SendAsync(HttpRequestMessage request, Boolean async, CancellationToken cancellationToken)
   at Microsoft.Extensions.Http.Logging.LoggingHttpMessageHandler.<SendCoreAsync>g__Core|5_0(HttpRequestMessage request, Boolean useAsync, CancellationToken cancellationToken)
   at Microsoft.Extensions.Http.Logging.LoggingScopeHttpMessageHandler.<SendCoreAsync>g__Core|5_0(HttpRequestMessage request, Boolean useAsync, CancellationToken cancellationToken)
   at System.Net.Http.HttpClient.<SendAsync>g__Core|83_0(HttpRequestMessage request, HttpCompletionOption completionOption, CancellationTokenSource cts, Boolean disposeCts, CancellationTokenSource pendingRequestsCts, CancellationToken originalCancellationToken)
   at AlgoWorker.Services.UpstoxRestClient.GetAuthorizedWebSocketUrlAsync(CancellationToken ct) in C:\CaptainsALGO\Dashboard\AlgoWorker\Services\UpstoxRestClient.cs:line 404
   at AlgoWorker.Services.UpstoxWebSocketClient.ConnectAndSubscribeAsync(IReadOnlyCollection`1 instrumentKeys, CancellationToken ct) in C:\CaptainsALGO\Dashboard\AlgoWorker\Services\UpstoxWebSocketClient.cs:line 88
   at AlgoWorker.Services.UpstoxWebSocketClient.RunAsync(IReadOnlyCollection`1 instrumentKeys, CancellationToken ct) in C:\CaptainsALGO\Dashboard\AlgoWorker\Services\UpstoxWebSocketClient.cs:line 52
2026-10-01 13:58:36.379 +05:30 [WRN] AlgoWorker.Worker: WebSocket disconnected: No such host is known. (api.upstox.com:443)
2026-10-01 13:59:37.066 +05:30 [WRN] AlgoWorker.Services.UpstoxWebSocketClient: WebSocket connection lost/failed. Reconnecting in 60s...
System.Net.Http.HttpRequestException: No such host is known. (api.upstox.com:443)
 ---> System.Net.Sockets.SocketException (11001): No such host is known.
   at System.Net.Sockets.Socket.AwaitableSocketAsyncEventArgs.ThrowException(SocketError error, CancellationToken cancellationToken)
   at System.Net.Sockets.Socket.AwaitableSocketAsyncEventArgs.System.Threading.Tasks.Sources.IValueTaskSource.GetResult(Int16 token)
   at System.Net.Sockets.Socket.<ConnectAsync>g__WaitForConnectWithCancellation|285_0(AwaitableSocketAsyncEventArgs saea, ValueTask connectTask, CancellationToken cancellationToken)
   at System.Net.Http.HttpConnectionPool.ConnectToTcpHostAsync(String host, Int32 port, HttpRequestMessage initialRequest, Boolean async, CancellationToken cancellationToken)
   --- End of inner exception stack trace ---
   at System.Net.Http.HttpConnectionPool.ConnectToTcpHostAsync(String host, Int32 port, HttpRequestMessage initialRequest, Boolean async, CancellationToken cancellationToken)
   at System.Net.Http.HttpConnectionPool.ConnectAsync(HttpRequestMessage request, Boolean async, CancellationToken cancellationToken)
   at System.Net.Http.HttpConnectionPool.CreateHttp11ConnectionAsync(HttpRequestMessage request, Boolean async, CancellationToken cancellationToken)
   at System.Net.Http.HttpConnectionPool.AddHttp11ConnectionAsync(QueueItem queueItem)
   at System.Threading.Tasks.TaskCompletionSourceWithCancellation`1.WaitWithCancellationAsync(CancellationToken cancellationToken)
   at System.Net.Http.HttpConnectionPool.SendWithVersionDetectionAndRetryAsync(HttpRequestMessage request, Boolean async, Boolean doRequestAuth, CancellationToken cancellationToken)
   at System.Net.Http.DiagnosticsHandler.SendAsyncCore(HttpRequestMessage request, Boolean async, CancellationToken cancellationToken)
   at System.Net.Http.RedirectHandler.SendAsync(HttpRequestMessage request, Boolean async, CancellationToken cancellationToken)
   at Microsoft.Extensions.Http.Logging.LoggingHttpMessageHandler.<SendCoreAsync>g__Core|5_0(HttpRequestMessage request, Boolean useAsync, CancellationToken cancellationToken)
   at Microsoft.Extensions.Http.Logging.LoggingScopeHttpMessageHandler.<SendCoreAsync>g__Core|5_0(HttpRequestMessage request, Boolean useAsync, CancellationToken cancellationToken)
   at System.Net.Http.HttpClient.<SendAsync>g__Core|83_0(HttpRequestMessage request, HttpCompletionOption completionOption, CancellationTokenSource cts, Boolean disposeCts, CancellationTokenSource pendingRequestsCts, CancellationToken originalCancellationToken)
   at AlgoWorker.Services.UpstoxRestClient.GetAuthorizedWebSocketUrlAsync(CancellationToken ct) in C:\CaptainsALGO\Dashboard\AlgoWorker\Services\UpstoxRestClient.cs:line 404
   at AlgoWorker.Services.UpstoxWebSocketClient.ConnectAndSubscribeAsync(IReadOnlyCollection`1 instrumentKeys, CancellationToken ct) in C:\CaptainsALGO\Dashboard\AlgoWorker\Services\UpstoxWebSocketClient.cs:line 88
   at AlgoWorker.Services.UpstoxWebSocketClient.RunAsync(IReadOnlyCollection`1 instrumentKeys, CancellationToken ct) in C:\CaptainsALGO\Dashboard\AlgoWorker\Services\UpstoxWebSocketClient.cs:line 52
2026-10-01 13:59:37.075 +05:30 [WRN] AlgoWorker.Worker: WebSocket disconnected: No such host is known. (api.upstox.com:443)
2026-10-01 14:00:37.639 +05:30 [WRN] AlgoWorker.Services.UpstoxWebSocketClient: WebSocket connection lost/failed. Reconnecting in 60s...
System.Net.Http.HttpRequestException: No such host is known. (api.upstox.com:443)
 ---> System.Net.Sockets.SocketException (11001): No such host is known.
   at System.Net.Sockets.Socket.AwaitableSocketAsyncEventArgs.ThrowException(SocketError error, CancellationToken cancellationToken)
   at System.Net.Sockets.Socket.AwaitableSocketAsyncEventArgs.System.Threading.Tasks.Sources.IValueTaskSource.GetResult(Int16 token)
   at System.Net.Sockets.Socket.<ConnectAsync>g__WaitForConnectWithCancellation|285_0(AwaitableSocketAsyncEventArgs saea, ValueTask connectTask, CancellationToken cancellationToken)
   at System.Net.Http.HttpConnectionPool.ConnectToTcpHostAsync(String host, Int32 port, HttpRequestMessage initialRequest, Boolean async, CancellationToken cancellationToken)
   --- End of inner exception stack trace ---
   at System.Net.Http.HttpConnectionPool.ConnectToTcpHostAsync(String host, Int32 port, HttpRequestMessage initialRequest, Boolean async, CancellationToken cancellationToken)
   at System.Net.Http.HttpConnectionPool.ConnectAsync(HttpRequestMessage request, Boolean async, CancellationToken cancellationToken)
   at System.Net.Http.HttpConnectionPool.CreateHttp11ConnectionAsync(HttpRequestMessage request, Boolean async, CancellationToken cancellationToken)
   at System.Net.Http.HttpConnectionPool.AddHttp11ConnectionAsync(QueueItem queueItem)
   at System.Threading.Tasks.TaskCompletionSourceWithCancellation`1.WaitWithCancellationAsync(CancellationToken cancellationToken)
   at System.Net.Http.HttpConnectionPool.SendWithVersionDetectionAndRetryAsync(HttpRequestMessage request, Boolean async, Boolean doRequestAuth, CancellationToken cancellationToken)
   at System.Net.Http.DiagnosticsHandler.SendAsyncCore(HttpRequestMessage request, Boolean async, CancellationToken cancellationToken)
   at System.Net.Http.RedirectHandler.SendAsync(HttpRequestMessage request, Boolean async, CancellationToken cancellationToken)
   at Microsoft.Extensions.Http.Logging.LoggingHttpMessageHandler.<SendCoreAsync>g__Core|5_0(HttpRequestMessage request, Boolean useAsync, CancellationToken cancellationToken)
   at Microsoft.Extensions.Http.Logging.LoggingScopeHttpMessageHandler.<SendCoreAsync>g__Core|5_0(HttpRequestMessage request, Boolean useAsync, CancellationToken cancellationToken)
   at System.Net.Http.HttpClient.<SendAsync>g__Core|83_0(HttpRequestMessage request, HttpCompletionOption completionOption, CancellationTokenSource cts, Boolean disposeCts, CancellationTokenSource pendingRequestsCts, CancellationToken originalCancellationToken)
   at AlgoWorker.Services.UpstoxRestClient.GetAuthorizedWebSocketUrlAsync(CancellationToken ct) in C:\CaptainsALGO\Dashboard\AlgoWorker\Services\UpstoxRestClient.cs:line 404
   at AlgoWorker.Services.UpstoxWebSocketClient.ConnectAndSubscribeAsync(IReadOnlyCollection`1 instrumentKeys, CancellationToken ct) in C:\CaptainsALGO\Dashboard\AlgoWorker\Services\UpstoxWebSocketClient.cs:line 88
   at AlgoWorker.Services.UpstoxWebSocketClient.RunAsync(IReadOnlyCollection`1 instrumentKeys, CancellationToken ct) in C:\CaptainsALGO\Dashboard\AlgoWorker\Services\UpstoxWebSocketClient.cs:line 52
2026-10-01 14:00:37.651 +05:30 [WRN] AlgoWorker.Worker: WebSocket disconnected: No such host is known. (api.upstox.com:443)
2026-10-01 14:01:38.287 +05:30 [WRN] AlgoWorker.Services.UpstoxWebSocketClient: WebSocket connection lost/failed. Reconnecting in 60s...
System.Net.Http.HttpRequestException: No such host is known. (api.upstox.com:443)
 ---> System.Net.Sockets.SocketException (11001): No such host is known.
   at System.Net.Sockets.Socket.AwaitableSocketAsyncEventArgs.ThrowException(SocketError error, CancellationToken cancellationToken)
   at System.Net.Sockets.Socket.AwaitableSocketAsyncEventArgs.System.Threading.Tasks.Sources.IValueTaskSource.GetResult(Int16 token)
   at System.Net.Sockets.Socket.<ConnectAsync>g__WaitForConnectWithCancellation|285_0(AwaitableSocketAsyncEventArgs saea, ValueTask connectTask, CancellationToken cancellationToken)
   at System.Net.Http.HttpConnectionPool.ConnectToTcpHostAsync(String host, Int32 port, HttpRequestMessage initialRequest, Boolean async, CancellationToken cancellationToken)
   --- End of inner exception stack trace ---
   at System.Net.Http.HttpConnectionPool.ConnectToTcpHostAsync(String host, Int32 port, HttpRequestMessage initialRequest, Boolean async, CancellationToken cancellationToken)
   at System.Net.Http.HttpConnectionPool.ConnectAsync(HttpRequestMessage request, Boolean async, CancellationToken cancellationToken)
   at System.Net.Http.HttpConnectionPool.CreateHttp11ConnectionAsync(HttpRequestMessage request, Boolean async, CancellationToken cancellationToken)
   at System.Net.Http.HttpConnectionPool.AddHttp11ConnectionAsync(QueueItem queueItem)
   at System.Threading.Tasks.TaskCompletionSourceWithCancellation`1.WaitWithCancellationAsync(CancellationToken cancellationToken)
   at System.Net.Http.HttpConnectionPool.SendWithVersionDetectionAndRetryAsync(HttpRequestMessage request, Boolean async, Boolean doRequestAuth, CancellationToken cancellationToken)
   at System.Net.Http.DiagnosticsHandler.SendAsyncCore(HttpRequestMessage request, Boolean async, CancellationToken cancellationToken)
   at System.Net.Http.RedirectHandler.SendAsync(HttpRequestMessage request, Boolean async, CancellationToken cancellationToken)
   at Microsoft.Extensions.Http.Logging.LoggingHttpMessageHandler.<SendCoreAsync>g__Core|5_0(HttpRequestMessage request, Boolean useAsync, CancellationToken cancellationToken)
   at Microsoft.Extensions.Http.Logging.LoggingScopeHttpMessageHandler.<SendCoreAsync>g__Core|5_0(HttpRequestMessage request, Boolean useAsync, CancellationToken cancellationToken)
   at System.Net.Http.HttpClient.<SendAsync>g__Core|83_0(HttpRequestMessage request, HttpCompletionOption completionOption, CancellationTokenSource cts, Boolean disposeCts, CancellationTokenSource pendingRequestsCts, CancellationToken originalCancellationToken)
   at AlgoWorker.Services.UpstoxRestClient.GetAuthorizedWebSocketUrlAsync(CancellationToken ct) in C:\CaptainsALGO\Dashboard\AlgoWorker\Services\UpstoxRestClient.cs:line 404
   at AlgoWorker.Services.UpstoxWebSocketClient.ConnectAndSubscribeAsync(IReadOnlyCollection`1 instrumentKeys, CancellationToken ct) in C:\CaptainsALGO\Dashboard\AlgoWorker\Services\UpstoxWebSocketClient.cs:line 88
   at AlgoWorker.Services.UpstoxWebSocketClient.RunAsync(IReadOnlyCollection`1 instrumentKeys, CancellationToken ct) in C:\CaptainsALGO\Dashboard\AlgoWorker\Services\UpstoxWebSocketClient.cs:line 52
2026-10-01 14:01:38.297 +05:30 [WRN] AlgoWorker.Worker: WebSocket disconnected: No such host is known. (api.upstox.com:443)
2026-10-01 14:02:38.779 +05:30 [WRN] AlgoWorker.Services.UpstoxWebSocketClient: WebSocket connection lost/failed. Reconnecting in 60s...
System.Net.Http.HttpRequestException: No such host is known. (api.upstox.com:443)
 ---> System.Net.Sockets.SocketException (11001): No such host is known.
   at System.Net.Sockets.Socket.AwaitableSocketAsyncEventArgs.ThrowException(SocketError error, CancellationToken cancellationToken)
   at System.Net.Sockets.Socket.AwaitableSocketAsyncEventArgs.System.Threading.Tasks.Sources.IValueTaskSource.GetResult(Int16 token)
   at System.Net.Sockets.Socket.<ConnectAsync>g__WaitForConnectWithCancellation|285_0(AwaitableSocketAsyncEventArgs saea, ValueTask connectTask, CancellationToken cancellationToken)
   at System.Net.Http.HttpConnectionPool.ConnectToTcpHostAsync(String host, Int32 port, HttpRequestMessage initialRequest, Boolean async, CancellationToken cancellationToken)
   --- End of inner exception stack trace ---
   at System.Net.Http.HttpConnectionPool.ConnectToTcpHostAsync(String host, Int32 port, HttpRequestMessage initialRequest, Boolean async, CancellationToken cancellationToken)
   at System.Net.Http.HttpConnectionPool.ConnectAsync(HttpRequestMessage request, Boolean async, CancellationToken cancellationToken)
   at System.Net.Http.HttpConnectionPool.CreateHttp11ConnectionAsync(HttpRequestMessage request, Boolean async, CancellationToken cancellationToken)
   at System.Net.Http.HttpConnectionPool.AddHttp11ConnectionAsync(QueueItem queueItem)
   at System.Threading.Tasks.TaskCompletionSourceWithCancellation`1.WaitWithCancellationAsync(CancellationToken cancellationToken)
   at System.Net.Http.HttpConnectionPool.SendWithVersionDetectionAndRetryAsync(HttpRequestMessage request, Boolean async, Boolean doRequestAuth, CancellationToken cancellationToken)
   at System.Net.Http.DiagnosticsHandler.SendAsyncCore(HttpRequestMessage request, Boolean async, CancellationToken cancellationToken)
   at System.Net.Http.RedirectHandler.SendAsync(HttpRequestMessage request, Boolean async, CancellationToken cancellationToken)
   at Microsoft.Extensions.Http.Logging.LoggingHttpMessageHandler.<SendCoreAsync>g__Core|5_0(HttpRequestMessage request, Boolean useAsync, CancellationToken cancellationToken)
   at Microsoft.Extensions.Http.Logging.LoggingScopeHttpMessageHandler.<SendCoreAsync>g__Core|5_0(HttpRequestMessage request, Boolean useAsync, CancellationToken cancellationToken)
   at System.Net.Http.HttpClient.<SendAsync>g__Core|83_0(HttpRequestMessage request, HttpCompletionOption completionOption, CancellationTokenSource cts, Boolean disposeCts, CancellationTokenSource pendingRequestsCts, CancellationToken originalCancellationToken)
   at AlgoWorker.Services.UpstoxRestClient.GetAuthorizedWebSocketUrlAsync(CancellationToken ct) in C:\CaptainsALGO\Dashboard\AlgoWorker\Services\UpstoxRestClient.cs:line 404
   at AlgoWorker.Services.UpstoxWebSocketClient.ConnectAndSubscribeAsync(IReadOnlyCollection`1 instrumentKeys, CancellationToken ct) in C:\CaptainsALGO\Dashboard\AlgoWorker\Services\UpstoxWebSocketClient.cs:line 88
   at AlgoWorker.Services.UpstoxWebSocketClient.RunAsync(IReadOnlyCollection`1 instrumentKeys, CancellationToken ct) in C:\CaptainsALGO\Dashboard\AlgoWorker\Services\UpstoxWebSocketClient.cs:line 52
2026-10-01 14:02:38.788 +05:30 [WRN] AlgoWorker.Worker: WebSocket disconnected: No such host is known. (api.upstox.com:443)
2026-10-01 14:03:39.333 +05:30 [WRN] AlgoWorker.Services.UpstoxWebSocketClient: WebSocket connection lost/failed. Reconnecting in 60s...
System.Net.Http.HttpRequestException: No such host is known. (api.upstox.com:443)
 ---> System.Net.Sockets.SocketException (11001): No such host is known.
   at System.Net.Sockets.Socket.AwaitableSocketAsyncEventArgs.ThrowException(SocketError error, CancellationToken cancellationToken)
   at System.Net.Sockets.Socket.AwaitableSocketAsyncEventArgs.System.Threading.Tasks.Sources.IValueTaskSource.GetResult(Int16 token)
   at System.Net.Sockets.Socket.<ConnectAsync>g__WaitForConnectWithCancellation|285_0(AwaitableSocketAsyncEventArgs saea, ValueTask connectTask, CancellationToken cancellationToken)
   at System.Net.Http.HttpConnectionPool.ConnectToTcpHostAsync(String host, Int32 port, HttpRequestMessage initialRequest, Boolean async, CancellationToken cancellationToken)
   --- End of inner exception stack trace ---
   at System.Net.Http.HttpConnectionPool.ConnectToTcpHostAsync(String host, Int32 port, HttpRequestMessage initialRequest, Boolean async, CancellationToken cancellationToken)
   at System.Net.Http.HttpConnectionPool.ConnectAsync(HttpRequestMessage request, Boolean async, CancellationToken cancellationToken)
   at System.Net.Http.HttpConnectionPool.CreateHttp11ConnectionAsync(HttpRequestMessage request, Boolean async, CancellationToken cancellationToken)
   at System.Net.Http.HttpConnectionPool.AddHttp11ConnectionAsync(QueueItem queueItem)
   at System.Threading.Tasks.TaskCompletionSourceWithCancellation`1.WaitWithCancellationAsync(CancellationToken cancellationToken)
   at System.Net.Http.HttpConnectionPool.SendWithVersionDetectionAndRetryAsync(HttpRequestMessage request, Boolean async, Boolean doRequestAuth, CancellationToken cancellationToken)
   at System.Net.Http.DiagnosticsHandler.SendAsyncCore(HttpRequestMessage request, Boolean async, CancellationToken cancellationToken)
   at System.Net.Http.RedirectHandler.SendAsync(HttpRequestMessage request, Boolean async, CancellationToken cancellationToken)
   at Microsoft.Extensions.Http.Logging.LoggingHttpMessageHandler.<SendCoreAsync>g__Core|5_0(HttpRequestMessage request, Boolean useAsync, CancellationToken cancellationToken)
   at Microsoft.Extensions.Http.Logging.LoggingScopeHttpMessageHandler.<SendCoreAsync>g__Core|5_0(HttpRequestMessage request, Boolean useAsync, CancellationToken cancellationToken)
   at System.Net.Http.HttpClient.<SendAsync>g__Core|83_0(HttpRequestMessage request, HttpCompletionOption completionOption, CancellationTokenSource cts, Boolean disposeCts, CancellationTokenSource pendingRequestsCts, CancellationToken originalCancellationToken)
   at AlgoWorker.Services.UpstoxRestClient.GetAuthorizedWebSocketUrlAsync(CancellationToken ct) in C:\CaptainsALGO\Dashboard\AlgoWorker\Services\UpstoxRestClient.cs:line 404
   at AlgoWorker.Services.UpstoxWebSocketClient.ConnectAndSubscribeAsync(IReadOnlyCollection`1 instrumentKeys, CancellationToken ct) in C:\CaptainsALGO\Dashboard\AlgoWorker\Services\UpstoxWebSocketClient.cs:line 88
   at AlgoWorker.Services.UpstoxWebSocketClient.RunAsync(IReadOnlyCollection`1 instrumentKeys, CancellationToken ct) in C:\CaptainsALGO\Dashboard\AlgoWorker\Services\UpstoxWebSocketClient.cs:line 52
2026-10-01 14:03:39.342 +05:30 [WRN] AlgoWorker.Worker: WebSocket disconnected: No such host is known. (api.upstox.com:443)
2026-10-01 14:04:39.830 +05:30 [WRN] AlgoWorker.Services.UpstoxWebSocketClient: WebSocket connection lost/failed. Reconnecting in 60s...
System.Net.Http.HttpRequestException: No such host is known. (api.upstox.com:443)
 ---> System.Net.Sockets.SocketException (11001): No such host is known.
   at System.Net.Sockets.Socket.AwaitableSocketAsyncEventArgs.ThrowException(SocketError error, CancellationToken cancellationToken)
   at System.Net.Sockets.Socket.AwaitableSocketAsyncEventArgs.System.Threading.Tasks.Sources.IValueTaskSource.GetResult(Int16 token)
   at System.Net.Sockets.Socket.<ConnectAsync>g__WaitForConnectWithCancellation|285_0(AwaitableSocketAsyncEventArgs saea, ValueTask connectTask, CancellationToken cancellationToken)
   at System.Net.Http.HttpConnectionPool.ConnectToTcpHostAsync(String host, Int32 port, HttpRequestMessage initialRequest, Boolean async, CancellationToken cancellationToken)
   --- End of inner exception stack trace ---
   at System.Net.Http.HttpConnectionPool.ConnectToTcpHostAsync(String host, Int32 port, HttpRequestMessage initialRequest, Boolean async, CancellationToken cancellationToken)
   at System.Net.Http.HttpConnectionPool.ConnectAsync(HttpRequestMessage request, Boolean async, CancellationToken cancellationToken)
   at System.Net.Http.HttpConnectionPool.CreateHttp11ConnectionAsync(HttpRequestMessage request, Boolean async, CancellationToken cancellationToken)
   at System.Net.Http.HttpConnectionPool.AddHttp11ConnectionAsync(QueueItem queueItem)
   at System.Threading.Tasks.TaskCompletionSourceWithCancellation`1.WaitWithCancellationAsync(CancellationToken cancellationToken)
   at System.Net.Http.HttpConnectionPool.SendWithVersionDetectionAndRetryAsync(HttpRequestMessage request, Boolean async, Boolean doRequestAuth, CancellationToken cancellationToken)
   at System.Net.Http.DiagnosticsHandler.SendAsyncCore(HttpRequestMessage request, Boolean async, CancellationToken cancellationToken)
   at System.Net.Http.RedirectHandler.SendAsync(HttpRequestMessage request, Boolean async, CancellationToken cancellationToken)
   at Microsoft.Extensions.Http.Logging.LoggingHttpMessageHandler.<SendCoreAsync>g__Core|5_0(HttpRequestMessage request, Boolean useAsync, CancellationToken cancellationToken)
   at Microsoft.Extensions.Http.Logging.LoggingScopeHttpMessageHandler.<SendCoreAsync>g__Core|5_0(HttpRequestMessage request, Boolean useAsync, CancellationToken cancellationToken)
   at System.Net.Http.HttpClient.<SendAsync>g__Core|83_0(HttpRequestMessage request, HttpCompletionOption completionOption, CancellationTokenSource cts, Boolean disposeCts, CancellationTokenSource pendingRequestsCts, CancellationToken originalCancellationToken)
   at AlgoWorker.Services.UpstoxRestClient.GetAuthorizedWebSocketUrlAsync(CancellationToken ct) in C:\CaptainsALGO\Dashboard\AlgoWorker\Services\UpstoxRestClient.cs:line 404
   at AlgoWorker.Services.UpstoxWebSocketClient.ConnectAndSubscribeAsync(IReadOnlyCollection`1 instrumentKeys, CancellationToken ct) in C:\CaptainsALGO\Dashboard\AlgoWorker\Services\UpstoxWebSocketClient.cs:line 88
   at AlgoWorker.Services.UpstoxWebSocketClient.RunAsync(IReadOnlyCollection`1 instrumentKeys, CancellationToken ct) in C:\CaptainsALGO\Dashboard\AlgoWorker\Services\UpstoxWebSocketClient.cs:line 52
2026-10-01 14:04:39.838 +05:30 [WRN] AlgoWorker.Worker: WebSocket disconnected: No such host is known. (api.upstox.com:443)
2026-10-01 14:05:40.475 +05:30 [WRN] AlgoWorker.Services.UpstoxWebSocketClient: WebSocket connection lost/failed. Reconnecting in 60s...
System.Net.Http.HttpRequestException: No such host is known. (api.upstox.com:443)
 ---> System.Net.Sockets.SocketException (11001): No such host is known.
   at System.Net.Sockets.Socket.AwaitableSocketAsyncEventArgs.ThrowException(SocketError error, CancellationToken cancellationToken)
   at System.Net.Sockets.Socket.AwaitableSocketAsyncEventArgs.System.Threading.Tasks.Sources.IValueTaskSource.GetResult(Int16 token)
   at System.Net.Sockets.Socket.<ConnectAsync>g__WaitForConnectWithCancellation|285_0(AwaitableSocketAsyncEventArgs saea, ValueTask connectTask, CancellationToken cancellationToken)
   at System.Net.Http.HttpConnectionPool.ConnectToTcpHostAsync(String host, Int32 port, HttpRequestMessage initialRequest, Boolean async, CancellationToken cancellationToken)
   --- End of inner exception stack trace ---
   at System.Net.Http.HttpConnectionPool.ConnectToTcpHostAsync(String host, Int32 port, HttpRequestMessage initialRequest, Boolean async, CancellationToken cancellationToken)
   at System.Net.Http.HttpConnectionPool.ConnectAsync(HttpRequestMessage request, Boolean async, CancellationToken cancellationToken)
   at System.Net.Http.HttpConnectionPool.CreateHttp11ConnectionAsync(HttpRequestMessage request, Boolean async, CancellationToken cancellationToken)
   at System.Net.Http.HttpConnectionPool.AddHttp11ConnectionAsync(QueueItem queueItem)
   at System.Threading.Tasks.TaskCompletionSourceWithCancellation`1.WaitWithCancellationAsync(CancellationToken cancellationToken)
   at System.Net.Http.HttpConnectionPool.SendWithVersionDetectionAndRetryAsync(HttpRequestMessage request, Boolean async, Boolean doRequestAuth, CancellationToken cancellationToken)
   at System.Net.Http.DiagnosticsHandler.SendAsyncCore(HttpRequestMessage request, Boolean async, CancellationToken cancellationToken)
   at System.Net.Http.RedirectHandler.SendAsync(HttpRequestMessage request, Boolean async, CancellationToken cancellationToken)
   at Microsoft.Extensions.Http.Logging.LoggingHttpMessageHandler.<SendCoreAsync>g__Core|5_0(HttpRequestMessage request, Boolean useAsync, CancellationToken cancellationToken)
   at Microsoft.Extensions.Http.Logging.LoggingScopeHttpMessageHandler.<SendCoreAsync>g__Core|5_0(HttpRequestMessage request, Boolean useAsync, CancellationToken cancellationToken)
   at System.Net.Http.HttpClient.<SendAsync>g__Core|83_0(HttpRequestMessage request, HttpCompletionOption completionOption, CancellationTokenSource cts, Boolean disposeCts, CancellationTokenSource pendingRequestsCts, CancellationToken originalCancellationToken)
   at AlgoWorker.Services.UpstoxRestClient.GetAuthorizedWebSocketUrlAsync(CancellationToken ct) in C:\CaptainsALGO\Dashboard\AlgoWorker\Services\UpstoxRestClient.cs:line 404
   at AlgoWorker.Services.UpstoxWebSocketClient.ConnectAndSubscribeAsync(IReadOnlyCollection`1 instrumentKeys, CancellationToken ct) in C:\CaptainsALGO\Dashboard\AlgoWorker\Services\UpstoxWebSocketClient.cs:line 88
   at AlgoWorker.Services.UpstoxWebSocketClient.RunAsync(IReadOnlyCollection`1 instrumentKeys, CancellationToken ct) in C:\CaptainsALGO\Dashboard\AlgoWorker\Services\UpstoxWebSocketClient.cs:line 52
2026-10-01 14:05:40.486 +05:30 [WRN] AlgoWorker.Worker: WebSocket disconnected: No such host is known. (api.upstox.com:443)
2026-10-01 14:06:41.189 +05:30 [WRN] AlgoWorker.Services.UpstoxWebSocketClient: WebSocket connection lost/failed. Reconnecting in 60s...
System.Net.Http.HttpRequestException: No such host is known. (api.upstox.com:443)
 ---> System.Net.Sockets.SocketException (11001): No such host is known.
   at System.Net.Sockets.Socket.AwaitableSocketAsyncEventArgs.ThrowException(SocketError error, CancellationToken cancellationToken)
   at System.Net.Sockets.Socket.AwaitableSocketAsyncEventArgs.System.Threading.Tasks.Sources.IValueTaskSource.GetResult(Int16 token)
   at System.Net.Sockets.Socket.<ConnectAsync>g__WaitForConnectWithCancellation|285_0(AwaitableSocketAsyncEventArgs saea, ValueTask connectTask, CancellationToken cancellationToken)
   at System.Net.Http.HttpConnectionPool.ConnectToTcpHostAsync(String host, Int32 port, HttpRequestMessage initialRequest, Boolean async, CancellationToken cancellationToken)
   --- End of inner exception stack trace ---
   at System.Net.Http.HttpConnectionPool.ConnectToTcpHostAsync(String host, Int32 port, HttpRequestMessage initialRequest, Boolean async, CancellationToken cancellationToken)
   at System.Net.Http.HttpConnectionPool.ConnectAsync(HttpRequestMessage request, Boolean async, CancellationToken cancellationToken)
   at System.Net.Http.HttpConnectionPool.CreateHttp11ConnectionAsync(HttpRequestMessage request, Boolean async, CancellationToken cancellationToken)
   at System.Net.Http.HttpConnectionPool.AddHttp11ConnectionAsync(QueueItem queueItem)
   at System.Threading.Tasks.TaskCompletionSourceWithCancellation`1.WaitWithCancellationAsync(CancellationToken cancellationToken)
   at System.Net.Http.HttpConnectionPool.SendWithVersionDetectionAndRetryAsync(HttpRequestMessage request, Boolean async, Boolean doRequestAuth, CancellationToken cancellationToken)
   at System.Net.Http.DiagnosticsHandler.SendAsyncCore(HttpRequestMessage request, Boolean async, CancellationToken cancellationToken)
   at System.Net.Http.RedirectHandler.SendAsync(HttpRequestMessage request, Boolean async, CancellationToken cancellationToken)
   at Microsoft.Extensions.Http.Logging.LoggingHttpMessageHandler.<SendCoreAsync>g__Core|5_0(HttpRequestMessage request, Boolean useAsync, CancellationToken cancellationToken)
   at Microsoft.Extensions.Http.Logging.LoggingScopeHttpMessageHandler.<SendCoreAsync>g__Core|5_0(HttpRequestMessage request, Boolean useAsync, CancellationToken cancellationToken)
   at System.Net.Http.HttpClient.<SendAsync>g__Core|83_0(HttpRequestMessage request, HttpCompletionOption completionOption, CancellationTokenSource cts, Boolean disposeCts, CancellationTokenSource pendingRequestsCts, CancellationToken originalCancellationToken)
   at AlgoWorker.Services.UpstoxRestClient.GetAuthorizedWebSocketUrlAsync(CancellationToken ct) in C:\CaptainsALGO\Dashboard\AlgoWorker\Services\UpstoxRestClient.cs:line 404
   at AlgoWorker.Services.UpstoxWebSocketClient.ConnectAndSubscribeAsync(IReadOnlyCollection`1 instrumentKeys, CancellationToken ct) in C:\CaptainsALGO\Dashboard\AlgoWorker\Services\UpstoxWebSocketClient.cs:line 88
   at AlgoWorker.Services.UpstoxWebSocketClient.RunAsync(IReadOnlyCollection`1 instrumentKeys, CancellationToken ct) in C:\CaptainsALGO\Dashboard\AlgoWorker\Services\UpstoxWebSocketClient.cs:line 52
2026-10-01 14:06:41.198 +05:30 [WRN] AlgoWorker.Worker: WebSocket disconnected: No such host is known. (api.upstox.com:443)
2026-10-01 14:07:41.702 +05:30 [WRN] AlgoWorker.Services.UpstoxWebSocketClient: WebSocket connection lost/failed. Reconnecting in 60s...
System.Net.Http.HttpRequestException: No such host is known. (api.upstox.com:443)
 ---> System.Net.Sockets.SocketException (11001): No such host is known.
   at System.Net.Sockets.Socket.AwaitableSocketAsyncEventArgs.ThrowException(SocketError error, CancellationToken cancellationToken)
   at System.Net.Sockets.Socket.AwaitableSocketAsyncEventArgs.System.Threading.Tasks.Sources.IValueTaskSource.GetResult(Int16 token)
   at System.Net.Sockets.Socket.<ConnectAsync>g__WaitForConnectWithCancellation|285_0(AwaitableSocketAsyncEventArgs saea, ValueTask connectTask, CancellationToken cancellationToken)
   at System.Net.Http.HttpConnectionPool.ConnectToTcpHostAsync(String host, Int32 port, HttpRequestMessage initialRequest, Boolean async, CancellationToken cancellationToken)
   --- End of inner exception stack trace ---
   at System.Net.Http.HttpConnectionPool.ConnectToTcpHostAsync(String host, Int32 port, HttpRequestMessage initialRequest, Boolean async, CancellationToken cancellationToken)
   at System.Net.Http.HttpConnectionPool.ConnectAsync(HttpRequestMessage request, Boolean async, CancellationToken cancellationToken)
   at System.Net.Http.HttpConnectionPool.CreateHttp11ConnectionAsync(HttpRequestMessage request, Boolean async, CancellationToken cancellationToken)
   at System.Net.Http.HttpConnectionPool.AddHttp11ConnectionAsync(QueueItem queueItem)
   at System.Threading.Tasks.TaskCompletionSourceWithCancellation`1.WaitWithCancellationAsync(CancellationToken cancellationToken)
   at System.Net.Http.HttpConnectionPool.SendWithVersionDetectionAndRetryAsync(HttpRequestMessage request, Boolean async, Boolean doRequestAuth, CancellationToken cancellationToken)
   at System.Net.Http.DiagnosticsHandler.SendAsyncCore(HttpRequestMessage request, Boolean async, CancellationToken cancellationToken)
   at System.Net.Http.RedirectHandler.SendAsync(HttpRequestMessage request, Boolean async, CancellationToken cancellationToken)
   at Microsoft.Extensions.Http.Logging.LoggingHttpMessageHandler.<SendCoreAsync>g__Core|5_0(HttpRequestMessage request, Boolean useAsync, CancellationToken cancellationToken)
   at Microsoft.Extensions.Http.Logging.LoggingScopeHttpMessageHandler.<SendCoreAsync>g__Core|5_0(HttpRequestMessage request, Boolean useAsync, CancellationToken cancellationToken)
   at System.Net.Http.HttpClient.<SendAsync>g__Core|83_0(HttpRequestMessage request, HttpCompletionOption completionOption, CancellationTokenSource cts, Boolean disposeCts, CancellationTokenSource pendingRequestsCts, CancellationToken originalCancellationToken)
   at AlgoWorker.Services.UpstoxRestClient.GetAuthorizedWebSocketUrlAsync(CancellationToken ct) in C:\CaptainsALGO\Dashboard\AlgoWorker\Services\UpstoxRestClient.cs:line 404
   at AlgoWorker.Services.UpstoxWebSocketClient.ConnectAndSubscribeAsync(IReadOnlyCollection`1 instrumentKeys, CancellationToken ct) in C:\CaptainsALGO\Dashboard\AlgoWorker\Services\UpstoxWebSocketClient.cs:line 88
   at AlgoWorker.Services.UpstoxWebSocketClient.RunAsync(IReadOnlyCollection`1 instrumentKeys, CancellationToken ct) in C:\CaptainsALGO\Dashboard\AlgoWorker\Services\UpstoxWebSocketClient.cs:line 52
2026-10-01 14:07:41.713 +05:30 [WRN] AlgoWorker.Worker: WebSocket disconnected: No such host is known. (api.upstox.com:443)
2026-10-01 14:08:42.174 +05:30 [WRN] AlgoWorker.Services.UpstoxWebSocketClient: WebSocket connection lost/failed. Reconnecting in 60s...
System.Net.Http.HttpRequestException: No such host is known. (api.upstox.com:443)
 ---> System.Net.Sockets.SocketException (11001): No such host is known.
   at System.Net.Sockets.Socket.AwaitableSocketAsyncEventArgs.ThrowException(SocketError error, CancellationToken cancellationToken)
   at System.Net.Sockets.Socket.AwaitableSocketAsyncEventArgs.System.Threading.Tasks.Sources.IValueTaskSource.GetResult(Int16 token)
   at System.Net.Sockets.Socket.<ConnectAsync>g__WaitForConnectWithCancellation|285_0(AwaitableSocketAsyncEventArgs saea, ValueTask connectTask, CancellationToken cancellationToken)
   at System.Net.Http.HttpConnectionPool.ConnectToTcpHostAsync(String host, Int32 port, HttpRequestMessage initialRequest, Boolean async, CancellationToken cancellationToken)
   --- End of inner exception stack trace ---
   at System.Net.Http.HttpConnectionPool.ConnectToTcpHostAsync(String host, Int32 port, HttpRequestMessage initialRequest, Boolean async, CancellationToken cancellationToken)
   at System.Net.Http.HttpConnectionPool.ConnectAsync(HttpRequestMessage request, Boolean async, CancellationToken cancellationToken)
   at System.Net.Http.HttpConnectionPool.CreateHttp11ConnectionAsync(HttpRequestMessage request, Boolean async, CancellationToken cancellationToken)
   at System.Net.Http.HttpConnectionPool.AddHttp11ConnectionAsync(QueueItem queueItem)
   at System.Threading.Tasks.TaskCompletionSourceWithCancellation`1.WaitWithCancellationAsync(CancellationToken cancellationToken)
   at System.Net.Http.HttpConnectionPool.SendWithVersionDetectionAndRetryAsync(HttpRequestMessage request, Boolean async, Boolean doRequestAuth, CancellationToken cancellationToken)
   at System.Net.Http.DiagnosticsHandler.SendAsyncCore(HttpRequestMessage request, Boolean async, CancellationToken cancellationToken)
   at System.Net.Http.RedirectHandler.SendAsync(HttpRequestMessage request, Boolean async, CancellationToken cancellationToken)
   at Microsoft.Extensions.Http.Logging.LoggingHttpMessageHandler.<SendCoreAsync>g__Core|5_0(HttpRequestMessage request, Boolean useAsync, CancellationToken cancellationToken)
   at Microsoft.Extensions.Http.Logging.LoggingScopeHttpMessageHandler.<SendCoreAsync>g__Core|5_0(HttpRequestMessage request, Boolean useAsync, CancellationToken cancellationToken)
   at System.Net.Http.HttpClient.<SendAsync>g__Core|83_0(HttpRequestMessage request, HttpCompletionOption completionOption, CancellationTokenSource cts, Boolean disposeCts, CancellationTokenSource pendingRequestsCts, CancellationToken originalCancellationToken)
   at AlgoWorker.Services.UpstoxRestClient.GetAuthorizedWebSocketUrlAsync(CancellationToken ct) in C:\CaptainsALGO\Dashboard\AlgoWorker\Services\UpstoxRestClient.cs:line 404
   at AlgoWorker.Services.UpstoxWebSocketClient.ConnectAndSubscribeAsync(IReadOnlyCollection`1 instrumentKeys, CancellationToken ct) in C:\CaptainsALGO\Dashboard\AlgoWorker\Services\UpstoxWebSocketClient.cs:line 88
   at AlgoWorker.Services.UpstoxWebSocketClient.RunAsync(IReadOnlyCollection`1 instrumentKeys, CancellationToken ct) in C:\CaptainsALGO\Dashboard\AlgoWorker\Services\UpstoxWebSocketClient.cs:line 52
2026-10-01 14:08:42.184 +05:30 [WRN] AlgoWorker.Worker: WebSocket disconnected: No such host is known. (api.upstox.com:443)
2026-10-01 14:09:42.987 +05:30 [WRN] AlgoWorker.Services.UpstoxWebSocketClient: WebSocket connection lost/failed. Reconnecting in 60s...
System.Net.Http.HttpRequestException: No such host is known. (api.upstox.com:443)
 ---> System.Net.Sockets.SocketException (11001): No such host is known.
   at System.Net.Sockets.Socket.AwaitableSocketAsyncEventArgs.ThrowException(SocketError error, CancellationToken cancellationToken)
   at System.Net.Sockets.Socket.AwaitableSocketAsyncEventArgs.System.Threading.Tasks.Sources.IValueTaskSource.GetResult(Int16 token)
   at System.Net.Sockets.Socket.<ConnectAsync>g__WaitForConnectWithCancellation|285_0(AwaitableSocketAsyncEventArgs saea, ValueTask connectTask, CancellationToken cancellationToken)
   at System.Net.Http.HttpConnectionPool.ConnectToTcpHostAsync(String host, Int32 port, HttpRequestMessage initialRequest, Boolean async, CancellationToken cancellationToken)
   --- End of inner exception stack trace ---
   at System.Net.Http.HttpConnectionPool.ConnectToTcpHostAsync(String host, Int32 port, HttpRequestMessage initialRequest, Boolean async, CancellationToken cancellationToken)
   at System.Net.Http.HttpConnectionPool.ConnectAsync(HttpRequestMessage request, Boolean async, CancellationToken cancellationToken)
   at System.Net.Http.HttpConnectionPool.CreateHttp11ConnectionAsync(HttpRequestMessage request, Boolean async, CancellationToken cancellationToken)
   at System.Net.Http.HttpConnectionPool.AddHttp11ConnectionAsync(QueueItem queueItem)
   at System.Threading.Tasks.TaskCompletionSourceWithCancellation`1.WaitWithCancellationAsync(CancellationToken cancellationToken)
   at System.Net.Http.HttpConnectionPool.SendWithVersionDetectionAndRetryAsync(HttpRequestMessage request, Boolean async, Boolean doRequestAuth, CancellationToken cancellationToken)
   at System.Net.Http.DiagnosticsHandler.SendAsyncCore(HttpRequestMessage request, Boolean async, CancellationToken cancellationToken)
   at System.Net.Http.RedirectHandler.SendAsync(HttpRequestMessage request, Boolean async, CancellationToken cancellationToken)
   at Microsoft.Extensions.Http.Logging.LoggingHttpMessageHandler.<SendCoreAsync>g__Core|5_0(HttpRequestMessage request, Boolean useAsync, CancellationToken cancellationToken)
   at Microsoft.Extensions.Http.Logging.LoggingScopeHttpMessageHandler.<SendCoreAsync>g__Core|5_0(HttpRequestMessage request, Boolean useAsync, CancellationToken cancellationToken)
   at System.Net.Http.HttpClient.<SendAsync>g__Core|83_0(HttpRequestMessage request, HttpCompletionOption completionOption, CancellationTokenSource cts, Boolean disposeCts, CancellationTokenSource pendingRequestsCts, CancellationToken originalCancellationToken)
   at AlgoWorker.Services.UpstoxRestClient.GetAuthorizedWebSocketUrlAsync(CancellationToken ct) in C:\CaptainsALGO\Dashboard\AlgoWorker\Services\UpstoxRestClient.cs:line 404
   at AlgoWorker.Services.UpstoxWebSocketClient.ConnectAndSubscribeAsync(IReadOnlyCollection`1 instrumentKeys, CancellationToken ct) in C:\CaptainsALGO\Dashboard\AlgoWorker\Services\UpstoxWebSocketClient.cs:line 88
   at AlgoWorker.Services.UpstoxWebSocketClient.RunAsync(IReadOnlyCollection`1 instrumentKeys, CancellationToken ct) in C:\CaptainsALGO\Dashboard\AlgoWorker\Services\UpstoxWebSocketClient.cs:line 52
2026-10-01 14:09:42.997 +05:30 [WRN] AlgoWorker.Worker: WebSocket disconnected: No such host is known. (api.upstox.com:443)
2026-10-01 14:10:43.493 +05:30 [WRN] AlgoWorker.Services.UpstoxWebSocketClient: WebSocket connection lost/failed. Reconnecting in 60s...
System.Net.Http.HttpRequestException: No such host is known. (api.upstox.com:443)
 ---> System.Net.Sockets.SocketException (11001): No such host is known.
   at System.Net.Sockets.Socket.AwaitableSocketAsyncEventArgs.ThrowException(SocketError error, CancellationToken cancellationToken)
   at System.Net.Sockets.Socket.AwaitableSocketAsyncEventArgs.System.Threading.Tasks.Sources.IValueTaskSource.GetResult(Int16 token)
   at System.Net.Sockets.Socket.<ConnectAsync>g__WaitForConnectWithCancellation|285_0(AwaitableSocketAsyncEventArgs saea, ValueTask connectTask, CancellationToken cancellationToken)
   at System.Net.Http.HttpConnectionPool.ConnectToTcpHostAsync(String host, Int32 port, HttpRequestMessage initialRequest, Boolean async, CancellationToken cancellationToken)
   --- End of inner exception stack trace ---
   at System.Net.Http.HttpConnectionPool.ConnectToTcpHostAsync(String host, Int32 port, HttpRequestMessage initialRequest, Boolean async, CancellationToken cancellationToken)
   at System.Net.Http.HttpConnectionPool.ConnectAsync(HttpRequestMessage request, Boolean async, CancellationToken cancellationToken)
   at System.Net.Http.HttpConnectionPool.CreateHttp11ConnectionAsync(HttpRequestMessage request, Boolean async, CancellationToken cancellationToken)
   at System.Net.Http.HttpConnectionPool.AddHttp11ConnectionAsync(QueueItem queueItem)
   at System.Threading.Tasks.TaskCompletionSourceWithCancellation`1.WaitWithCancellationAsync(CancellationToken cancellationToken)
   at System.Net.Http.HttpConnectionPool.SendWithVersionDetectionAndRetryAsync(HttpRequestMessage request, Boolean async, Boolean doRequestAuth, CancellationToken cancellationToken)
   at System.Net.Http.DiagnosticsHandler.SendAsyncCore(HttpRequestMessage request, Boolean async, CancellationToken cancellationToken)
   at System.Net.Http.RedirectHandler.SendAsync(HttpRequestMessage request, Boolean async, CancellationToken cancellationToken)
   at Microsoft.Extensions.Http.Logging.LoggingHttpMessageHandler.<SendCoreAsync>g__Core|5_0(HttpRequestMessage request, Boolean useAsync, CancellationToken cancellationToken)
   at Microsoft.Extensions.Http.Logging.LoggingScopeHttpMessageHandler.<SendCoreAsync>g__Core|5_0(HttpRequestMessage request, Boolean useAsync, CancellationToken cancellationToken)
   at System.Net.Http.HttpClient.<SendAsync>g__Core|83_0(HttpRequestMessage request, HttpCompletionOption completionOption, CancellationTokenSource cts, Boolean disposeCts, CancellationTokenSource pendingRequestsCts, CancellationToken originalCancellationToken)
   at AlgoWorker.Services.UpstoxRestClient.GetAuthorizedWebSocketUrlAsync(CancellationToken ct) in C:\CaptainsALGO\Dashboard\AlgoWorker\Services\UpstoxRestClient.cs:line 404
   at AlgoWorker.Services.UpstoxWebSocketClient.ConnectAndSubscribeAsync(IReadOnlyCollection`1 instrumentKeys, CancellationToken ct) in C:\CaptainsALGO\Dashboard\AlgoWorker\Services\UpstoxWebSocketClient.cs:line 88
   at AlgoWorker.Services.UpstoxWebSocketClient.RunAsync(IReadOnlyCollection`1 instrumentKeys, CancellationToken ct) in C:\CaptainsALGO\Dashboard\AlgoWorker\Services\UpstoxWebSocketClient.cs:line 52
2026-10-01 14:10:43.502 +05:30 [WRN] AlgoWorker.Worker: WebSocket disconnected: No such host is known. (api.upstox.com:443)
2026-10-01 14:11:44.190 +05:30 [WRN] AlgoWorker.Services.UpstoxWebSocketClient: WebSocket connection lost/failed. Reconnecting in 60s...
System.Net.Http.HttpRequestException: No such host is known. (api.upstox.com:443)
 ---> System.Net.Sockets.SocketException (11001): No such host is known.
   at System.Net.Sockets.Socket.AwaitableSocketAsyncEventArgs.ThrowException(SocketError error, CancellationToken cancellationToken)
   at System.Net.Sockets.Socket.AwaitableSocketAsyncEventArgs.System.Threading.Tasks.Sources.IValueTaskSource.GetResult(Int16 token)
   at System.Net.Sockets.Socket.<ConnectAsync>g__WaitForConnectWithCancellation|285_0(AwaitableSocketAsyncEventArgs saea, ValueTask connectTask, CancellationToken cancellationToken)
   at System.Net.Http.HttpConnectionPool.ConnectToTcpHostAsync(String host, Int32 port, HttpRequestMessage initialRequest, Boolean async, CancellationToken cancellationToken)
   --- End of inner exception stack trace ---
   at System.Net.Http.HttpConnectionPool.ConnectToTcpHostAsync(String host, Int32 port, HttpRequestMessage initialRequest, Boolean async, CancellationToken cancellationToken)
   at System.Net.Http.HttpConnectionPool.ConnectAsync(HttpRequestMessage request, Boolean async, CancellationToken cancellationToken)
   at System.Net.Http.HttpConnectionPool.CreateHttp11ConnectionAsync(HttpRequestMessage request, Boolean async, CancellationToken cancellationToken)
   at System.Net.Http.HttpConnectionPool.AddHttp11ConnectionAsync(QueueItem queueItem)
   at System.Threading.Tasks.TaskCompletionSourceWithCancellation`1.WaitWithCancellationAsync(CancellationToken cancellationToken)
   at System.Net.Http.HttpConnectionPool.SendWithVersionDetectionAndRetryAsync(HttpRequestMessage request, Boolean async, Boolean doRequestAuth, CancellationToken cancellationToken)
   at System.Net.Http.DiagnosticsHandler.SendAsyncCore(HttpRequestMessage request, Boolean async, CancellationToken cancellationToken)
   at System.Net.Http.RedirectHandler.SendAsync(HttpRequestMessage request, Boolean async, CancellationToken cancellationToken)
   at Microsoft.Extensions.Http.Logging.LoggingHttpMessageHandler.<SendCoreAsync>g__Core|5_0(HttpRequestMessage request, Boolean useAsync, CancellationToken cancellationToken)
   at Microsoft.Extensions.Http.Logging.LoggingScopeHttpMessageHandler.<SendCoreAsync>g__Core|5_0(HttpRequestMessage request, Boolean useAsync, CancellationToken cancellationToken)
   at System.Net.Http.HttpClient.<SendAsync>g__Core|83_0(HttpRequestMessage request, HttpCompletionOption completionOption, CancellationTokenSource cts, Boolean disposeCts, CancellationTokenSource pendingRequestsCts, CancellationToken originalCancellationToken)
   at AlgoWorker.Services.UpstoxRestClient.GetAuthorizedWebSocketUrlAsync(CancellationToken ct) in C:\CaptainsALGO\Dashboard\AlgoWorker\Services\UpstoxRestClient.cs:line 404
   at AlgoWorker.Services.UpstoxWebSocketClient.ConnectAndSubscribeAsync(IReadOnlyCollection`1 instrumentKeys, CancellationToken ct) in C:\CaptainsALGO\Dashboard\AlgoWorker\Services\UpstoxWebSocketClient.cs:line 88
   at AlgoWorker.Services.UpstoxWebSocketClient.RunAsync(IReadOnlyCollection`1 instrumentKeys, CancellationToken ct) in C:\CaptainsALGO\Dashboard\AlgoWorker\Services\UpstoxWebSocketClient.cs:line 52
2026-10-01 14:11:44.198 +05:30 [WRN] AlgoWorker.Worker: WebSocket disconnected: No such host is known. (api.upstox.com:443)
2026-10-01 14:12:44.690 +05:30 [WRN] AlgoWorker.Services.UpstoxWebSocketClient: WebSocket connection lost/failed. Reconnecting in 60s...
System.Net.Http.HttpRequestException: No such host is known. (api.upstox.com:443)
 ---> System.Net.Sockets.SocketException (11001): No such host is known.
   at System.Net.Sockets.Socket.AwaitableSocketAsyncEventArgs.ThrowException(SocketError error, CancellationToken cancellationToken)
   at System.Net.Sockets.Socket.AwaitableSocketAsyncEventArgs.System.Threading.Tasks.Sources.IValueTaskSource.GetResult(Int16 token)
   at System.Net.Sockets.Socket.<ConnectAsync>g__WaitForConnectWithCancellation|285_0(AwaitableSocketAsyncEventArgs saea, ValueTask connectTask, CancellationToken cancellationToken)
   at System.Net.Http.HttpConnectionPool.ConnectToTcpHostAsync(String host, Int32 port, HttpRequestMessage initialRequest, Boolean async, CancellationToken cancellationToken)
   --- End of inner exception stack trace ---
   at System.Net.Http.HttpConnectionPool.ConnectToTcpHostAsync(String host, Int32 port, HttpRequestMessage initialRequest, Boolean async, CancellationToken cancellationToken)
   at System.Net.Http.HttpConnectionPool.ConnectAsync(HttpRequestMessage request, Boolean async, CancellationToken cancellationToken)
   at System.Net.Http.HttpConnectionPool.CreateHttp11ConnectionAsync(HttpRequestMessage request, Boolean async, CancellationToken cancellationToken)
   at System.Net.Http.HttpConnectionPool.AddHttp11ConnectionAsync(QueueItem queueItem)
   at System.Threading.Tasks.TaskCompletionSourceWithCancellation`1.WaitWithCancellationAsync(CancellationToken cancellationToken)
   at System.Net.Http.HttpConnectionPool.SendWithVersionDetectionAndRetryAsync(HttpRequestMessage request, Boolean async, Boolean doRequestAuth, CancellationToken cancellationToken)
   at System.Net.Http.DiagnosticsHandler.SendAsyncCore(HttpRequestMessage request, Boolean async, CancellationToken cancellationToken)
   at System.Net.Http.RedirectHandler.SendAsync(HttpRequestMessage request, Boolean async, CancellationToken cancellationToken)
   at Microsoft.Extensions.Http.Logging.LoggingHttpMessageHandler.<SendCoreAsync>g__Core|5_0(HttpRequestMessage request, Boolean useAsync, CancellationToken cancellationToken)
   at Microsoft.Extensions.Http.Logging.LoggingScopeHttpMessageHandler.<SendCoreAsync>g__Core|5_0(HttpRequestMessage request, Boolean useAsync, CancellationToken cancellationToken)
   at System.Net.Http.HttpClient.<SendAsync>g__Core|83_0(HttpRequestMessage request, HttpCompletionOption completionOption, CancellationTokenSource cts, Boolean disposeCts, CancellationTokenSource pendingRequestsCts, CancellationToken originalCancellationToken)
   at AlgoWorker.Services.UpstoxRestClient.GetAuthorizedWebSocketUrlAsync(CancellationToken ct) in C:\CaptainsALGO\Dashboard\AlgoWorker\Services\UpstoxRestClient.cs:line 404
   at AlgoWorker.Services.UpstoxWebSocketClient.ConnectAndSubscribeAsync(IReadOnlyCollection`1 instrumentKeys, CancellationToken ct) in C:\CaptainsALGO\Dashboard\AlgoWorker\Services\UpstoxWebSocketClient.cs:line 88
   at AlgoWorker.Services.UpstoxWebSocketClient.RunAsync(IReadOnlyCollection`1 instrumentKeys, CancellationToken ct) in C:\CaptainsALGO\Dashboard\AlgoWorker\Services\UpstoxWebSocketClient.cs:line 52
2026-10-01 14:12:44.703 +05:30 [WRN] AlgoWorker.Worker: WebSocket disconnected: No such host is known. (api.upstox.com:443)
2026-10-01 14:13:45.289 +05:30 [WRN] AlgoWorker.Services.UpstoxWebSocketClient: WebSocket connection lost/failed. Reconnecting in 60s...
System.Net.Http.HttpRequestException: No such host is known. (api.upstox.com:443)
 ---> System.Net.Sockets.SocketException (11001): No such host is known.
   at System.Net.Sockets.Socket.AwaitableSocketAsyncEventArgs.ThrowException(SocketError error, CancellationToken cancellationToken)
   at System.Net.Sockets.Socket.AwaitableSocketAsyncEventArgs.System.Threading.Tasks.Sources.IValueTaskSource.GetResult(Int16 token)
   at System.Net.Sockets.Socket.<ConnectAsync>g__WaitForConnectWithCancellation|285_0(AwaitableSocketAsyncEventArgs saea, ValueTask connectTask, CancellationToken cancellationToken)
   at System.Net.Http.HttpConnectionPool.ConnectToTcpHostAsync(String host, Int32 port, HttpRequestMessage initialRequest, Boolean async, CancellationToken cancellationToken)
   --- End of inner exception stack trace ---
   at System.Net.Http.HttpConnectionPool.ConnectToTcpHostAsync(String host, Int32 port, HttpRequestMessage initialRequest, Boolean async, CancellationToken cancellationToken)
   at System.Net.Http.HttpConnectionPool.ConnectAsync(HttpRequestMessage request, Boolean async, CancellationToken cancellationToken)
   at System.Net.Http.HttpConnectionPool.CreateHttp11ConnectionAsync(HttpRequestMessage request, Boolean async, CancellationToken cancellationToken)
   at System.Net.Http.HttpConnectionPool.AddHttp11ConnectionAsync(QueueItem queueItem)
   at System.Threading.Tasks.TaskCompletionSourceWithCancellation`1.WaitWithCancellationAsync(CancellationToken cancellationToken)
   at System.Net.Http.HttpConnectionPool.SendWithVersionDetectionAndRetryAsync(HttpRequestMessage request, Boolean async, Boolean doRequestAuth, CancellationToken cancellationToken)
   at System.Net.Http.DiagnosticsHandler.SendAsyncCore(HttpRequestMessage request, Boolean async, CancellationToken cancellationToken)
   at System.Net.Http.RedirectHandler.SendAsync(HttpRequestMessage request, Boolean async, CancellationToken cancellationToken)
   at Microsoft.Extensions.Http.Logging.LoggingHttpMessageHandler.<SendCoreAsync>g__Core|5_0(HttpRequestMessage request, Boolean useAsync, CancellationToken cancellationToken)
   at Microsoft.Extensions.Http.Logging.LoggingScopeHttpMessageHandler.<SendCoreAsync>g__Core|5_0(HttpRequestMessage request, Boolean useAsync, CancellationToken cancellationToken)
   at System.Net.Http.HttpClient.<SendAsync>g__Core|83_0(HttpRequestMessage request, HttpCompletionOption completionOption, CancellationTokenSource cts, Boolean disposeCts, CancellationTokenSource pendingRequestsCts, CancellationToken originalCancellationToken)
   at AlgoWorker.Services.UpstoxRestClient.GetAuthorizedWebSocketUrlAsync(CancellationToken ct) in C:\CaptainsALGO\Dashboard\AlgoWorker\Services\UpstoxRestClient.cs:line 404
   at AlgoWorker.Services.UpstoxWebSocketClient.ConnectAndSubscribeAsync(IReadOnlyCollection`1 instrumentKeys, CancellationToken ct) in C:\CaptainsALGO\Dashboard\AlgoWorker\Services\UpstoxWebSocketClient.cs:line 88
   at AlgoWorker.Services.UpstoxWebSocketClient.RunAsync(IReadOnlyCollection`1 instrumentKeys, CancellationToken ct) in C:\CaptainsALGO\Dashboard\AlgoWorker\Services\UpstoxWebSocketClient.cs:line 52
2026-10-01 14:13:45.299 +05:30 [WRN] AlgoWorker.Worker: WebSocket disconnected: No such host is known. (api.upstox.com:443)
2026-10-01 14:14:46.012 +05:30 [WRN] AlgoWorker.Services.UpstoxWebSocketClient: WebSocket connection lost/failed. Reconnecting in 60s...
System.Net.Http.HttpRequestException: No such host is known. (api.upstox.com:443)
 ---> System.Net.Sockets.SocketException (11001): No such host is known.
   at System.Net.Sockets.Socket.AwaitableSocketAsyncEventArgs.ThrowException(SocketError error, CancellationToken cancellationToken)
   at System.Net.Sockets.Socket.AwaitableSocketAsyncEventArgs.System.Threading.Tasks.Sources.IValueTaskSource.GetResult(Int16 token)
   at System.Net.Sockets.Socket.<ConnectAsync>g__WaitForConnectWithCancellation|285_0(AwaitableSocketAsyncEventArgs saea, ValueTask connectTask, CancellationToken cancellationToken)
   at System.Net.Http.HttpConnectionPool.ConnectToTcpHostAsync(String host, Int32 port, HttpRequestMessage initialRequest, Boolean async, CancellationToken cancellationToken)
   --- End of inner exception stack trace ---
   at System.Net.Http.HttpConnectionPool.ConnectToTcpHostAsync(String host, Int32 port, HttpRequestMessage initialRequest, Boolean async, CancellationToken cancellationToken)
   at System.Net.Http.HttpConnectionPool.ConnectAsync(HttpRequestMessage request, Boolean async, CancellationToken cancellationToken)
   at System.Net.Http.HttpConnectionPool.CreateHttp11ConnectionAsync(HttpRequestMessage request, Boolean async, CancellationToken cancellationToken)
   at System.Net.Http.HttpConnectionPool.AddHttp11ConnectionAsync(QueueItem queueItem)
   at System.Threading.Tasks.TaskCompletionSourceWithCancellation`1.WaitWithCancellationAsync(CancellationToken cancellationToken)
   at System.Net.Http.HttpConnectionPool.SendWithVersionDetectionAndRetryAsync(HttpRequestMessage request, Boolean async, Boolean doRequestAuth, CancellationToken cancellationToken)
   at System.Net.Http.DiagnosticsHandler.SendAsyncCore(HttpRequestMessage request, Boolean async, CancellationToken cancellationToken)
   at System.Net.Http.RedirectHandler.SendAsync(HttpRequestMessage request, Boolean async, CancellationToken cancellationToken)
   at Microsoft.Extensions.Http.Logging.LoggingHttpMessageHandler.<SendCoreAsync>g__Core|5_0(HttpRequestMessage request, Boolean useAsync, CancellationToken cancellationToken)
   at Microsoft.Extensions.Http.Logging.LoggingScopeHttpMessageHandler.<SendCoreAsync>g__Core|5_0(HttpRequestMessage request, Boolean useAsync, CancellationToken cancellationToken)
   at System.Net.Http.HttpClient.<SendAsync>g__Core|83_0(HttpRequestMessage request, HttpCompletionOption completionOption, CancellationTokenSource cts, Boolean disposeCts, CancellationTokenSource pendingRequestsCts, CancellationToken originalCancellationToken)
   at AlgoWorker.Services.UpstoxRestClient.GetAuthorizedWebSocketUrlAsync(CancellationToken ct) in C:\CaptainsALGO\Dashboard\AlgoWorker\Services\UpstoxRestClient.cs:line 404
   at AlgoWorker.Services.UpstoxWebSocketClient.ConnectAndSubscribeAsync(IReadOnlyCollection`1 instrumentKeys, CancellationToken ct) in C:\CaptainsALGO\Dashboard\AlgoWorker\Services\UpstoxWebSocketClient.cs:line 88
   at AlgoWorker.Services.UpstoxWebSocketClient.RunAsync(IReadOnlyCollection`1 instrumentKeys, CancellationToken ct) in C:\CaptainsALGO\Dashboard\AlgoWorker\Services\UpstoxWebSocketClient.cs:line 52
2026-10-01 14:14:46.020 +05:30 [WRN] AlgoWorker.Worker: WebSocket disconnected: No such host is known. (api.upstox.com:443)
2026-10-01 14:15:46.697 +05:30 [WRN] AlgoWorker.Services.UpstoxWebSocketClient: WebSocket connection lost/failed. Reconnecting in 60s...
System.Net.Http.HttpRequestException: No such host is known. (api.upstox.com:443)
 ---> System.Net.Sockets.SocketException (11001): No such host is known.
   at System.Net.Sockets.Socket.AwaitableSocketAsyncEventArgs.ThrowException(SocketError error, CancellationToken cancellationToken)
   at System.Net.Sockets.Socket.AwaitableSocketAsyncEventArgs.System.Threading.Tasks.Sources.IValueTaskSource.GetResult(Int16 token)
   at System.Net.Sockets.Socket.<ConnectAsync>g__WaitForConnectWithCancellation|285_0(AwaitableSocketAsyncEventArgs saea, ValueTask connectTask, CancellationToken cancellationToken)
   at System.Net.Http.HttpConnectionPool.ConnectToTcpHostAsync(String host, Int32 port, HttpRequestMessage initialRequest, Boolean async, CancellationToken cancellationToken)
   --- End of inner exception stack trace ---
   at System.Net.Http.HttpConnectionPool.ConnectToTcpHostAsync(String host, Int32 port, HttpRequestMessage initialRequest, Boolean async, CancellationToken cancellationToken)
   at System.Net.Http.HttpConnectionPool.ConnectAsync(HttpRequestMessage request, Boolean async, CancellationToken cancellationToken)
   at System.Net.Http.HttpConnectionPool.CreateHttp11ConnectionAsync(HttpRequestMessage request, Boolean async, CancellationToken cancellationToken)
   at System.Net.Http.HttpConnectionPool.AddHttp11ConnectionAsync(QueueItem queueItem)
   at System.Threading.Tasks.TaskCompletionSourceWithCancellation`1.WaitWithCancellationAsync(CancellationToken cancellationToken)
   at System.Net.Http.HttpConnectionPool.SendWithVersionDetectionAndRetryAsync(HttpRequestMessage request, Boolean async, Boolean doRequestAuth, CancellationToken cancellationToken)
   at System.Net.Http.DiagnosticsHandler.SendAsyncCore(HttpRequestMessage request, Boolean async, CancellationToken cancellationToken)
   at System.Net.Http.RedirectHandler.SendAsync(HttpRequestMessage request, Boolean async, CancellationToken cancellationToken)
   at Microsoft.Extensions.Http.Logging.LoggingHttpMessageHandler.<SendCoreAsync>g__Core|5_0(HttpRequestMessage request, Boolean useAsync, CancellationToken cancellationToken)
   at Microsoft.Extensions.Http.Logging.LoggingScopeHttpMessageHandler.<SendCoreAsync>g__Core|5_0(HttpRequestMessage request, Boolean useAsync, CancellationToken cancellationToken)
   at System.Net.Http.HttpClient.<SendAsync>g__Core|83_0(HttpRequestMessage request, HttpCompletionOption completionOption, CancellationTokenSource cts, Boolean disposeCts, CancellationTokenSource pendingRequestsCts, CancellationToken originalCancellationToken)
   at AlgoWorker.Services.UpstoxRestClient.GetAuthorizedWebSocketUrlAsync(CancellationToken ct) in C:\CaptainsALGO\Dashboard\AlgoWorker\Services\UpstoxRestClient.cs:line 404
   at AlgoWorker.Services.UpstoxWebSocketClient.ConnectAndSubscribeAsync(IReadOnlyCollection`1 instrumentKeys, CancellationToken ct) in C:\CaptainsALGO\Dashboard\AlgoWorker\Services\UpstoxWebSocketClient.cs:line 88
   at AlgoWorker.Services.UpstoxWebSocketClient.RunAsync(IReadOnlyCollection`1 instrumentKeys, CancellationToken ct) in C:\CaptainsALGO\Dashboard\AlgoWorker\Services\UpstoxWebSocketClient.cs:line 52
2026-10-01 14:15:46.707 +05:30 [WRN] AlgoWorker.Worker: WebSocket disconnected: No such host is known. (api.upstox.com:443)
2026-10-01 14:16:47.284 +05:30 [WRN] AlgoWorker.Services.UpstoxWebSocketClient: WebSocket connection lost/failed. Reconnecting in 60s...
System.Net.Http.HttpRequestException: No such host is known. (api.upstox.com:443)
 ---> System.Net.Sockets.SocketException (11001): No such host is known.
   at System.Net.Sockets.Socket.AwaitableSocketAsyncEventArgs.ThrowException(SocketError error, CancellationToken cancellationToken)
   at System.Net.Sockets.Socket.AwaitableSocketAsyncEventArgs.System.Threading.Tasks.Sources.IValueTaskSource.GetResult(Int16 token)
   at System.Net.Sockets.Socket.<ConnectAsync>g__WaitForConnectWithCancellation|285_0(AwaitableSocketAsyncEventArgs saea, ValueTask connectTask, CancellationToken cancellationToken)
   at System.Net.Http.HttpConnectionPool.ConnectToTcpHostAsync(String host, Int32 port, HttpRequestMessage initialRequest, Boolean async, CancellationToken cancellationToken)
   --- End of inner exception stack trace ---
   at System.Net.Http.HttpConnectionPool.ConnectToTcpHostAsync(String host, Int32 port, HttpRequestMessage initialRequest, Boolean async, CancellationToken cancellationToken)
   at System.Net.Http.HttpConnectionPool.ConnectAsync(HttpRequestMessage request, Boolean async, CancellationToken cancellationToken)
   at System.Net.Http.HttpConnectionPool.CreateHttp11ConnectionAsync(HttpRequestMessage request, Boolean async, CancellationToken cancellationToken)
   at System.Net.Http.HttpConnectionPool.AddHttp11ConnectionAsync(QueueItem queueItem)
   at System.Threading.Tasks.TaskCompletionSourceWithCancellation`1.WaitWithCancellationAsync(CancellationToken cancellationToken)
   at System.Net.Http.HttpConnectionPool.SendWithVersionDetectionAndRetryAsync(HttpRequestMessage request, Boolean async, Boolean doRequestAuth, CancellationToken cancellationToken)
   at System.Net.Http.DiagnosticsHandler.SendAsyncCore(HttpRequestMessage request, Boolean async, CancellationToken cancellationToken)
   at System.Net.Http.RedirectHandler.SendAsync(HttpRequestMessage request, Boolean async, CancellationToken cancellationToken)
   at Microsoft.Extensions.Http.Logging.LoggingHttpMessageHandler.<SendCoreAsync>g__Core|5_0(HttpRequestMessage request, Boolean useAsync, CancellationToken cancellationToken)
   at Microsoft.Extensions.Http.Logging.LoggingScopeHttpMessageHandler.<SendCoreAsync>g__Core|5_0(HttpRequestMessage request, Boolean useAsync, CancellationToken cancellationToken)
   at System.Net.Http.HttpClient.<SendAsync>g__Core|83_0(HttpRequestMessage request, HttpCompletionOption completionOption, CancellationTokenSource cts, Boolean disposeCts, CancellationTokenSource pendingRequestsCts, CancellationToken originalCancellationToken)
   at AlgoWorker.Services.UpstoxRestClient.GetAuthorizedWebSocketUrlAsync(CancellationToken ct) in C:\CaptainsALGO\Dashboard\AlgoWorker\Services\UpstoxRestClient.cs:line 404
   at AlgoWorker.Services.UpstoxWebSocketClient.ConnectAndSubscribeAsync(IReadOnlyCollection`1 instrumentKeys, CancellationToken ct) in C:\CaptainsALGO\Dashboard\AlgoWorker\Services\UpstoxWebSocketClient.cs:line 88
   at AlgoWorker.Services.UpstoxWebSocketClient.RunAsync(IReadOnlyCollection`1 instrumentKeys, CancellationToken ct) in C:\CaptainsALGO\Dashboard\AlgoWorker\Services\UpstoxWebSocketClient.cs:line 52
2026-10-01 14:16:47.293 +05:30 [WRN] AlgoWorker.Worker: WebSocket disconnected: No such host is known. (api.upstox.com:443)
2026-10-01 14:17:47.953 +05:30 [WRN] AlgoWorker.Services.UpstoxWebSocketClient: WebSocket connection lost/failed. Reconnecting in 60s...
System.Net.Http.HttpRequestException: No such host is known. (api.upstox.com:443)
 ---> System.Net.Sockets.SocketException (11001): No such host is known.
   at System.Net.Sockets.Socket.AwaitableSocketAsyncEventArgs.ThrowException(SocketError error, CancellationToken cancellationToken)
   at System.Net.Sockets.Socket.AwaitableSocketAsyncEventArgs.System.Threading.Tasks.Sources.IValueTaskSource.GetResult(Int16 token)
   at System.Net.Sockets.Socket.<ConnectAsync>g__WaitForConnectWithCancellation|285_0(AwaitableSocketAsyncEventArgs saea, ValueTask connectTask, CancellationToken cancellationToken)
   at System.Net.Http.HttpConnectionPool.ConnectToTcpHostAsync(String host, Int32 port, HttpRequestMessage initialRequest, Boolean async, CancellationToken cancellationToken)
   --- End of inner exception stack trace ---
   at System.Net.Http.HttpConnectionPool.ConnectToTcpHostAsync(String host, Int32 port, HttpRequestMessage initialRequest, Boolean async, CancellationToken cancellationToken)
   at System.Net.Http.HttpConnectionPool.ConnectAsync(HttpRequestMessage request, Boolean async, CancellationToken cancellationToken)
   at System.Net.Http.HttpConnectionPool.CreateHttp11ConnectionAsync(HttpRequestMessage request, Boolean async, CancellationToken cancellationToken)
   at System.Net.Http.HttpConnectionPool.AddHttp11ConnectionAsync(QueueItem queueItem)
   at System.Threading.Tasks.TaskCompletionSourceWithCancellation`1.WaitWithCancellationAsync(CancellationToken cancellationToken)
   at System.Net.Http.HttpConnectionPool.SendWithVersionDetectionAndRetryAsync(HttpRequestMessage request, Boolean async, Boolean doRequestAuth, CancellationToken cancellationToken)
   at System.Net.Http.DiagnosticsHandler.SendAsyncCore(HttpRequestMessage request, Boolean async, CancellationToken cancellationToken)
   at System.Net.Http.RedirectHandler.SendAsync(HttpRequestMessage request, Boolean async, CancellationToken cancellationToken)
   at Microsoft.Extensions.Http.Logging.LoggingHttpMessageHandler.<SendCoreAsync>g__Core|5_0(HttpRequestMessage request, Boolean useAsync, CancellationToken cancellationToken)
   at Microsoft.Extensions.Http.Logging.LoggingScopeHttpMessageHandler.<SendCoreAsync>g__Core|5_0(HttpRequestMessage request, Boolean useAsync, CancellationToken cancellationToken)
   at System.Net.Http.HttpClient.<SendAsync>g__Core|83_0(HttpRequestMessage request, HttpCompletionOption completionOption, CancellationTokenSource cts, Boolean disposeCts, CancellationTokenSource pendingRequestsCts, CancellationToken originalCancellationToken)
   at AlgoWorker.Services.UpstoxRestClient.GetAuthorizedWebSocketUrlAsync(CancellationToken ct) in C:\CaptainsALGO\Dashboard\AlgoWorker\Services\UpstoxRestClient.cs:line 404
   at AlgoWorker.Services.UpstoxWebSocketClient.ConnectAndSubscribeAsync(IReadOnlyCollection`1 instrumentKeys, CancellationToken ct) in C:\CaptainsALGO\Dashboard\AlgoWorker\Services\UpstoxWebSocketClient.cs:line 88
   at AlgoWorker.Services.UpstoxWebSocketClient.RunAsync(IReadOnlyCollection`1 instrumentKeys, CancellationToken ct) in C:\CaptainsALGO\Dashboard\AlgoWorker\Services\UpstoxWebSocketClient.cs:line 52
2026-10-01 14:17:47.966 +05:30 [WRN] AlgoWorker.Worker: WebSocket disconnected: No such host is known. (api.upstox.com:443)
2026-10-01 14:18:48.572 +05:30 [WRN] AlgoWorker.Services.UpstoxWebSocketClient: WebSocket connection lost/failed. Reconnecting in 60s...
System.Net.Http.HttpRequestException: No such host is known. (api.upstox.com:443)
 ---> System.Net.Sockets.SocketException (11001): No such host is known.
   at System.Net.Sockets.Socket.AwaitableSocketAsyncEventArgs.ThrowException(SocketError error, CancellationToken cancellationToken)
   at System.Net.Sockets.Socket.AwaitableSocketAsyncEventArgs.System.Threading.Tasks.Sources.IValueTaskSource.GetResult(Int16 token)
   at System.Net.Sockets.Socket.<ConnectAsync>g__WaitForConnectWithCancellation|285_0(AwaitableSocketAsyncEventArgs saea, ValueTask connectTask, CancellationToken cancellationToken)
   at System.Net.Http.HttpConnectionPool.ConnectToTcpHostAsync(String host, Int32 port, HttpRequestMessage initialRequest, Boolean async, CancellationToken cancellationToken)
   --- End of inner exception stack trace ---
   at System.Net.Http.HttpConnectionPool.ConnectToTcpHostAsync(String host, Int32 port, HttpRequestMessage initialRequest, Boolean async, CancellationToken cancellationToken)
   at System.Net.Http.HttpConnectionPool.ConnectAsync(HttpRequestMessage request, Boolean async, CancellationToken cancellationToken)
   at System.Net.Http.HttpConnectionPool.CreateHttp11ConnectionAsync(HttpRequestMessage request, Boolean async, CancellationToken cancellationToken)
   at System.Net.Http.HttpConnectionPool.AddHttp11ConnectionAsync(QueueItem queueItem)
   at System.Threading.Tasks.TaskCompletionSourceWithCancellation`1.WaitWithCancellationAsync(CancellationToken cancellationToken)
   at System.Net.Http.HttpConnectionPool.SendWithVersionDetectionAndRetryAsync(HttpRequestMessage request, Boolean async, Boolean doRequestAuth, CancellationToken cancellationToken)
   at System.Net.Http.DiagnosticsHandler.SendAsyncCore(HttpRequestMessage request, Boolean async, CancellationToken cancellationToken)
   at System.Net.Http.RedirectHandler.SendAsync(HttpRequestMessage request, Boolean async, CancellationToken cancellationToken)
   at Microsoft.Extensions.Http.Logging.LoggingHttpMessageHandler.<SendCoreAsync>g__Core|5_0(HttpRequestMessage request, Boolean useAsync, CancellationToken cancellationToken)
   at Microsoft.Extensions.Http.Logging.LoggingScopeHttpMessageHandler.<SendCoreAsync>g__Core|5_0(HttpRequestMessage request, Boolean useAsync, CancellationToken cancellationToken)
   at System.Net.Http.HttpClient.<SendAsync>g__Core|83_0(HttpRequestMessage request, HttpCompletionOption completionOption, CancellationTokenSource cts, Boolean disposeCts, CancellationTokenSource pendingRequestsCts, CancellationToken originalCancellationToken)
   at AlgoWorker.Services.UpstoxRestClient.GetAuthorizedWebSocketUrlAsync(CancellationToken ct) in C:\CaptainsALGO\Dashboard\AlgoWorker\Services\UpstoxRestClient.cs:line 404
   at AlgoWorker.Services.UpstoxWebSocketClient.ConnectAndSubscribeAsync(IReadOnlyCollection`1 instrumentKeys, CancellationToken ct) in C:\CaptainsALGO\Dashboard\AlgoWorker\Services\UpstoxWebSocketClient.cs:line 88
   at AlgoWorker.Services.UpstoxWebSocketClient.RunAsync(IReadOnlyCollection`1 instrumentKeys, CancellationToken ct) in C:\CaptainsALGO\Dashboard\AlgoWorker\Services\UpstoxWebSocketClient.cs:line 52
2026-10-01 14:18:48.579 +05:30 [WRN] AlgoWorker.Worker: WebSocket disconnected: No such host is known. (api.upstox.com:443)
2026-10-01 14:19:49.109 +05:30 [WRN] AlgoWorker.Services.UpstoxWebSocketClient: WebSocket connection lost/failed. Reconnecting in 60s...
System.Net.Http.HttpRequestException: No such host is known. (api.upstox.com:443)
 ---> System.Net.Sockets.SocketException (11001): No such host is known.
   at System.Net.Sockets.Socket.AwaitableSocketAsyncEventArgs.ThrowException(SocketError error, CancellationToken cancellationToken)
   at System.Net.Sockets.Socket.AwaitableSocketAsyncEventArgs.System.Threading.Tasks.Sources.IValueTaskSource.GetResult(Int16 token)
   at System.Net.Sockets.Socket.<ConnectAsync>g__WaitForConnectWithCancellation|285_0(AwaitableSocketAsyncEventArgs saea, ValueTask connectTask, CancellationToken cancellationToken)
   at System.Net.Http.HttpConnectionPool.ConnectToTcpHostAsync(String host, Int32 port, HttpRequestMessage initialRequest, Boolean async, CancellationToken cancellationToken)
   --- End of inner exception stack trace ---
   at System.Net.Http.HttpConnectionPool.ConnectToTcpHostAsync(String host, Int32 port, HttpRequestMessage initialRequest, Boolean async, CancellationToken cancellationToken)
   at System.Net.Http.HttpConnectionPool.ConnectAsync(HttpRequestMessage request, Boolean async, CancellationToken cancellationToken)
   at System.Net.Http.HttpConnectionPool.CreateHttp11ConnectionAsync(HttpRequestMessage request, Boolean async, CancellationToken cancellationToken)
   at System.Net.Http.HttpConnectionPool.AddHttp11ConnectionAsync(QueueItem queueItem)
   at System.Threading.Tasks.TaskCompletionSourceWithCancellation`1.WaitWithCancellationAsync(CancellationToken cancellationToken)
   at System.Net.Http.HttpConnectionPool.SendWithVersionDetectionAndRetryAsync(HttpRequestMessage request, Boolean async, Boolean doRequestAuth, CancellationToken cancellationToken)
   at System.Net.Http.DiagnosticsHandler.SendAsyncCore(HttpRequestMessage request, Boolean async, CancellationToken cancellationToken)
   at System.Net.Http.RedirectHandler.SendAsync(HttpRequestMessage request, Boolean async, CancellationToken cancellationToken)
   at Microsoft.Extensions.Http.Logging.LoggingHttpMessageHandler.<SendCoreAsync>g__Core|5_0(HttpRequestMessage request, Boolean useAsync, CancellationToken cancellationToken)
   at Microsoft.Extensions.Http.Logging.LoggingScopeHttpMessageHandler.<SendCoreAsync>g__Core|5_0(HttpRequestMessage request, Boolean useAsync, CancellationToken cancellationToken)
   at System.Net.Http.HttpClient.<SendAsync>g__Core|83_0(HttpRequestMessage request, HttpCompletionOption completionOption, CancellationTokenSource cts, Boolean disposeCts, CancellationTokenSource pendingRequestsCts, CancellationToken originalCancellationToken)
   at AlgoWorker.Services.UpstoxRestClient.GetAuthorizedWebSocketUrlAsync(CancellationToken ct) in C:\CaptainsALGO\Dashboard\AlgoWorker\Services\UpstoxRestClient.cs:line 404
   at AlgoWorker.Services.UpstoxWebSocketClient.ConnectAndSubscribeAsync(IReadOnlyCollection`1 instrumentKeys, CancellationToken ct) in C:\CaptainsALGO\Dashboard\AlgoWorker\Services\UpstoxWebSocketClient.cs:line 88
   at AlgoWorker.Services.UpstoxWebSocketClient.RunAsync(IReadOnlyCollection`1 instrumentKeys, CancellationToken ct) in C:\CaptainsALGO\Dashboard\AlgoWorker\Services\UpstoxWebSocketClient.cs:line 52
2026-10-01 14:19:49.128 +05:30 [WRN] AlgoWorker.Worker: WebSocket disconnected: No such host is known. (api.upstox.com:443)
2026-10-01 14:20:49.593 +05:30 [WRN] AlgoWorker.Services.UpstoxWebSocketClient: WebSocket connection lost/failed. Reconnecting in 60s...
System.Net.Http.HttpRequestException: No such host is known. (api.upstox.com:443)
 ---> System.Net.Sockets.SocketException (11001): No such host is known.
   at System.Net.Sockets.Socket.AwaitableSocketAsyncEventArgs.ThrowException(SocketError error, CancellationToken cancellationToken)
   at System.Net.Sockets.Socket.AwaitableSocketAsyncEventArgs.System.Threading.Tasks.Sources.IValueTaskSource.GetResult(Int16 token)
   at System.Net.Sockets.Socket.<ConnectAsync>g__WaitForConnectWithCancellation|285_0(AwaitableSocketAsyncEventArgs saea, ValueTask connectTask, CancellationToken cancellationToken)
   at System.Net.Http.HttpConnectionPool.ConnectToTcpHostAsync(String host, Int32 port, HttpRequestMessage initialRequest, Boolean async, CancellationToken cancellationToken)
   --- End of inner exception stack trace ---
   at System.Net.Http.HttpConnectionPool.ConnectToTcpHostAsync(String host, Int32 port, HttpRequestMessage initialRequest, Boolean async, CancellationToken cancellationToken)
   at System.Net.Http.HttpConnectionPool.ConnectAsync(HttpRequestMessage request, Boolean async, CancellationToken cancellationToken)
   at System.Net.Http.HttpConnectionPool.CreateHttp11ConnectionAsync(HttpRequestMessage request, Boolean async, CancellationToken cancellationToken)
   at System.Net.Http.HttpConnectionPool.AddHttp11ConnectionAsync(QueueItem queueItem)
   at System.Threading.Tasks.TaskCompletionSourceWithCancellation`1.WaitWithCancellationAsync(CancellationToken cancellationToken)
   at System.Net.Http.HttpConnectionPool.SendWithVersionDetectionAndRetryAsync(HttpRequestMessage request, Boolean async, Boolean doRequestAuth, CancellationToken cancellationToken)
   at System.Net.Http.DiagnosticsHandler.SendAsyncCore(HttpRequestMessage request, Boolean async, CancellationToken cancellationToken)
   at System.Net.Http.RedirectHandler.SendAsync(HttpRequestMessage request, Boolean async, CancellationToken cancellationToken)
   at Microsoft.Extensions.Http.Logging.LoggingHttpMessageHandler.<SendCoreAsync>g__Core|5_0(HttpRequestMessage request, Boolean useAsync, CancellationToken cancellationToken)
   at Microsoft.Extensions.Http.Logging.LoggingScopeHttpMessageHandler.<SendCoreAsync>g__Core|5_0(HttpRequestMessage request, Boolean useAsync, CancellationToken cancellationToken)
   at System.Net.Http.HttpClient.<SendAsync>g__Core|83_0(HttpRequestMessage request, HttpCompletionOption completionOption, CancellationTokenSource cts, Boolean disposeCts, CancellationTokenSource pendingRequestsCts, CancellationToken originalCancellationToken)
   at AlgoWorker.Services.UpstoxRestClient.GetAuthorizedWebSocketUrlAsync(CancellationToken ct) in C:\CaptainsALGO\Dashboard\AlgoWorker\Services\UpstoxRestClient.cs:line 404
   at AlgoWorker.Services.UpstoxWebSocketClient.ConnectAndSubscribeAsync(IReadOnlyCollection`1 instrumentKeys, CancellationToken ct) in C:\CaptainsALGO\Dashboard\AlgoWorker\Services\UpstoxWebSocketClient.cs:line 88
   at AlgoWorker.Services.UpstoxWebSocketClient.RunAsync(IReadOnlyCollection`1 instrumentKeys, CancellationToken ct) in C:\CaptainsALGO\Dashboard\AlgoWorker\Services\UpstoxWebSocketClient.cs:line 52
2026-10-01 14:20:49.603 +05:30 [WRN] AlgoWorker.Worker: WebSocket disconnected: No such host is known. (api.upstox.com:443)
2026-10-01 14:21:50.065 +05:30 [WRN] AlgoWorker.Services.UpstoxWebSocketClient: WebSocket connection lost/failed. Reconnecting in 60s...
System.Net.Http.HttpRequestException: No such host is known. (api.upstox.com:443)
 ---> System.Net.Sockets.SocketException (11001): No such host is known.
   at System.Net.Sockets.Socket.AwaitableSocketAsyncEventArgs.ThrowException(SocketError error, CancellationToken cancellationToken)
   at System.Net.Sockets.Socket.AwaitableSocketAsyncEventArgs.System.Threading.Tasks.Sources.IValueTaskSource.GetResult(Int16 token)
   at System.Net.Sockets.Socket.<ConnectAsync>g__WaitForConnectWithCancellation|285_0(AwaitableSocketAsyncEventArgs saea, ValueTask connectTask, CancellationToken cancellationToken)
   at System.Net.Http.HttpConnectionPool.ConnectToTcpHostAsync(String host, Int32 port, HttpRequestMessage initialRequest, Boolean async, CancellationToken cancellationToken)
   --- End of inner exception stack trace ---
   at System.Net.Http.HttpConnectionPool.ConnectToTcpHostAsync(String host, Int32 port, HttpRequestMessage initialRequest, Boolean async, CancellationToken cancellationToken)
   at System.Net.Http.HttpConnectionPool.ConnectAsync(HttpRequestMessage request, Boolean async, CancellationToken cancellationToken)
   at System.Net.Http.HttpConnectionPool.CreateHttp11ConnectionAsync(HttpRequestMessage request, Boolean async, CancellationToken cancellationToken)
   at System.Net.Http.HttpConnectionPool.AddHttp11ConnectionAsync(QueueItem queueItem)
   at System.Threading.Tasks.TaskCompletionSourceWithCancellation`1.WaitWithCancellationAsync(CancellationToken cancellationToken)
   at System.Net.Http.HttpConnectionPool.SendWithVersionDetectionAndRetryAsync(HttpRequestMessage request, Boolean async, Boolean doRequestAuth, CancellationToken cancellationToken)
   at System.Net.Http.DiagnosticsHandler.SendAsyncCore(HttpRequestMessage request, Boolean async, CancellationToken cancellationToken)
   at System.Net.Http.RedirectHandler.SendAsync(HttpRequestMessage request, Boolean async, CancellationToken cancellationToken)
   at Microsoft.Extensions.Http.Logging.LoggingHttpMessageHandler.<SendCoreAsync>g__Core|5_0(HttpRequestMessage request, Boolean useAsync, CancellationToken cancellationToken)
   at Microsoft.Extensions.Http.Logging.LoggingScopeHttpMessageHandler.<SendCoreAsync>g__Core|5_0(HttpRequestMessage request, Boolean useAsync, CancellationToken cancellationToken)
   at System.Net.Http.HttpClient.<SendAsync>g__Core|83_0(HttpRequestMessage request, HttpCompletionOption completionOption, CancellationTokenSource cts, Boolean disposeCts, CancellationTokenSource pendingRequestsCts, CancellationToken originalCancellationToken)
   at AlgoWorker.Services.UpstoxRestClient.GetAuthorizedWebSocketUrlAsync(CancellationToken ct) in C:\CaptainsALGO\Dashboard\AlgoWorker\Services\UpstoxRestClient.cs:line 404
   at AlgoWorker.Services.UpstoxWebSocketClient.ConnectAndSubscribeAsync(IReadOnlyCollection`1 instrumentKeys, CancellationToken ct) in C:\CaptainsALGO\Dashboard\AlgoWorker\Services\UpstoxWebSocketClient.cs:line 88
   at AlgoWorker.Services.UpstoxWebSocketClient.RunAsync(IReadOnlyCollection`1 instrumentKeys, CancellationToken ct) in C:\CaptainsALGO\Dashboard\AlgoWorker\Services\UpstoxWebSocketClient.cs:line 52
2026-10-01 14:21:50.075 +05:30 [WRN] AlgoWorker.Worker: WebSocket disconnected: No such host is known. (api.upstox.com:443)
2026-10-01 14:22:50.545 +05:30 [WRN] AlgoWorker.Services.UpstoxWebSocketClient: WebSocket connection lost/failed. Reconnecting in 60s...
System.Net.Http.HttpRequestException: No such host is known. (api.upstox.com:443)
 ---> System.Net.Sockets.SocketException (11001): No such host is known.
   at System.Net.Sockets.Socket.AwaitableSocketAsyncEventArgs.ThrowException(SocketError error, CancellationToken cancellationToken)
   at System.Net.Sockets.Socket.AwaitableSocketAsyncEventArgs.System.Threading.Tasks.Sources.IValueTaskSource.GetResult(Int16 token)
   at System.Net.Sockets.Socket.<ConnectAsync>g__WaitForConnectWithCancellation|285_0(AwaitableSocketAsyncEventArgs saea, ValueTask connectTask, CancellationToken cancellationToken)
   at System.Net.Http.HttpConnectionPool.ConnectToTcpHostAsync(String host, Int32 port, HttpRequestMessage initialRequest, Boolean async, CancellationToken cancellationToken)
   --- End of inner exception stack trace ---
   at System.Net.Http.HttpConnectionPool.ConnectToTcpHostAsync(String host, Int32 port, HttpRequestMessage initialRequest, Boolean async, CancellationToken cancellationToken)
   at System.Net.Http.HttpConnectionPool.ConnectAsync(HttpRequestMessage request, Boolean async, CancellationToken cancellationToken)
   at System.Net.Http.HttpConnectionPool.CreateHttp11ConnectionAsync(HttpRequestMessage request, Boolean async, CancellationToken cancellationToken)
   at System.Net.Http.HttpConnectionPool.AddHttp11ConnectionAsync(QueueItem queueItem)
   at System.Threading.Tasks.TaskCompletionSourceWithCancellation`1.WaitWithCancellationAsync(CancellationToken cancellationToken)
   at System.Net.Http.HttpConnectionPool.SendWithVersionDetectionAndRetryAsync(HttpRequestMessage request, Boolean async, Boolean doRequestAuth, CancellationToken cancellationToken)
   at System.Net.Http.DiagnosticsHandler.SendAsyncCore(HttpRequestMessage request, Boolean async, CancellationToken cancellationToken)
   at System.Net.Http.RedirectHandler.SendAsync(HttpRequestMessage request, Boolean async, CancellationToken cancellationToken)
   at Microsoft.Extensions.Http.Logging.LoggingHttpMessageHandler.<SendCoreAsync>g__Core|5_0(HttpRequestMessage request, Boolean useAsync, CancellationToken cancellationToken)
   at Microsoft.Extensions.Http.Logging.LoggingScopeHttpMessageHandler.<SendCoreAsync>g__Core|5_0(HttpRequestMessage request, Boolean useAsync, CancellationToken cancellationToken)
   at System.Net.Http.HttpClient.<SendAsync>g__Core|83_0(HttpRequestMessage request, HttpCompletionOption completionOption, CancellationTokenSource cts, Boolean disposeCts, CancellationTokenSource pendingRequestsCts, CancellationToken originalCancellationToken)
   at AlgoWorker.Services.UpstoxRestClient.GetAuthorizedWebSocketUrlAsync(CancellationToken ct) in C:\CaptainsALGO\Dashboard\AlgoWorker\Services\UpstoxRestClient.cs:line 404
   at AlgoWorker.Services.UpstoxWebSocketClient.ConnectAndSubscribeAsync(IReadOnlyCollection`1 instrumentKeys, CancellationToken ct) in C:\CaptainsALGO\Dashboard\AlgoWorker\Services\UpstoxWebSocketClient.cs:line 88
   at AlgoWorker.Services.UpstoxWebSocketClient.RunAsync(IReadOnlyCollection`1 instrumentKeys, CancellationToken ct) in C:\CaptainsALGO\Dashboard\AlgoWorker\Services\UpstoxWebSocketClient.cs:line 52
2026-10-01 14:22:50.554 +05:30 [WRN] AlgoWorker.Worker: WebSocket disconnected: No such host is known. (api.upstox.com:443)
2026-10-01 14:23:51.067 +05:30 [WRN] AlgoWorker.Services.UpstoxWebSocketClient: WebSocket connection lost/failed. Reconnecting in 60s...
System.Net.Http.HttpRequestException: No such host is known. (api.upstox.com:443)
 ---> System.Net.Sockets.SocketException (11001): No such host is known.
   at System.Net.Sockets.Socket.AwaitableSocketAsyncEventArgs.ThrowException(SocketError error, CancellationToken cancellationToken)
   at System.Net.Sockets.Socket.AwaitableSocketAsyncEventArgs.System.Threading.Tasks.Sources.IValueTaskSource.GetResult(Int16 token)
   at System.Net.Sockets.Socket.<ConnectAsync>g__WaitForConnectWithCancellation|285_0(AwaitableSocketAsyncEventArgs saea, ValueTask connectTask, CancellationToken cancellationToken)
   at System.Net.Http.HttpConnectionPool.ConnectToTcpHostAsync(String host, Int32 port, HttpRequestMessage initialRequest, Boolean async, CancellationToken cancellationToken)
   --- End of inner exception stack trace ---
   at System.Net.Http.HttpConnectionPool.ConnectToTcpHostAsync(String host, Int32 port, HttpRequestMessage initialRequest, Boolean async, CancellationToken cancellationToken)
   at System.Net.Http.HttpConnectionPool.ConnectAsync(HttpRequestMessage request, Boolean async, CancellationToken cancellationToken)
   at System.Net.Http.HttpConnectionPool.CreateHttp11ConnectionAsync(HttpRequestMessage request, Boolean async, CancellationToken cancellationToken)
   at System.Net.Http.HttpConnectionPool.AddHttp11ConnectionAsync(QueueItem queueItem)
   at System.Threading.Tasks.TaskCompletionSourceWithCancellation`1.WaitWithCancellationAsync(CancellationToken cancellationToken)
   at System.Net.Http.HttpConnectionPool.SendWithVersionDetectionAndRetryAsync(HttpRequestMessage request, Boolean async, Boolean doRequestAuth, CancellationToken cancellationToken)
   at System.Net.Http.DiagnosticsHandler.SendAsyncCore(HttpRequestMessage request, Boolean async, CancellationToken cancellationToken)
   at System.Net.Http.RedirectHandler.SendAsync(HttpRequestMessage request, Boolean async, CancellationToken cancellationToken)
   at Microsoft.Extensions.Http.Logging.LoggingHttpMessageHandler.<SendCoreAsync>g__Core|5_0(HttpRequestMessage request, Boolean useAsync, CancellationToken cancellationToken)
   at Microsoft.Extensions.Http.Logging.LoggingScopeHttpMessageHandler.<SendCoreAsync>g__Core|5_0(HttpRequestMessage request, Boolean useAsync, CancellationToken cancellationToken)
   at System.Net.Http.HttpClient.<SendAsync>g__Core|83_0(HttpRequestMessage request, HttpCompletionOption completionOption, CancellationTokenSource cts, Boolean disposeCts, CancellationTokenSource pendingRequestsCts, CancellationToken originalCancellationToken)
   at AlgoWorker.Services.UpstoxRestClient.GetAuthorizedWebSocketUrlAsync(CancellationToken ct) in C:\CaptainsALGO\Dashboard\AlgoWorker\Services\UpstoxRestClient.cs:line 404
   at AlgoWorker.Services.UpstoxWebSocketClient.ConnectAndSubscribeAsync(IReadOnlyCollection`1 instrumentKeys, CancellationToken ct) in C:\CaptainsALGO\Dashboard\AlgoWorker\Services\UpstoxWebSocketClient.cs:line 88
   at AlgoWorker.Services.UpstoxWebSocketClient.RunAsync(IReadOnlyCollection`1 instrumentKeys, CancellationToken ct) in C:\CaptainsALGO\Dashboard\AlgoWorker\Services\UpstoxWebSocketClient.cs:line 52
2026-10-01 14:23:51.075 +05:30 [WRN] AlgoWorker.Worker: WebSocket disconnected: No such host is known. (api.upstox.com:443)
2026-10-01 14:24:51.601 +05:30 [WRN] AlgoWorker.Services.UpstoxWebSocketClient: WebSocket connection lost/failed. Reconnecting in 60s...
System.Net.Http.HttpRequestException: No such host is known. (api.upstox.com:443)
 ---> System.Net.Sockets.SocketException (11001): No such host is known.
   at System.Net.Sockets.Socket.AwaitableSocketAsyncEventArgs.ThrowException(SocketError error, CancellationToken cancellationToken)
   at System.Net.Sockets.Socket.AwaitableSocketAsyncEventArgs.System.Threading.Tasks.Sources.IValueTaskSource.GetResult(Int16 token)
   at System.Net.Sockets.Socket.<ConnectAsync>g__WaitForConnectWithCancellation|285_0(AwaitableSocketAsyncEventArgs saea, ValueTask connectTask, CancellationToken cancellationToken)
   at System.Net.Http.HttpConnectionPool.ConnectToTcpHostAsync(String host, Int32 port, HttpRequestMessage initialRequest, Boolean async, CancellationToken cancellationToken)
   --- End of inner exception stack trace ---
   at System.Net.Http.HttpConnectionPool.ConnectToTcpHostAsync(String host, Int32 port, HttpRequestMessage initialRequest, Boolean async, CancellationToken cancellationToken)
   at System.Net.Http.HttpConnectionPool.ConnectAsync(HttpRequestMessage request, Boolean async, CancellationToken cancellationToken)
   at System.Net.Http.HttpConnectionPool.CreateHttp11ConnectionAsync(HttpRequestMessage request, Boolean async, CancellationToken cancellationToken)
   at System.Net.Http.HttpConnectionPool.AddHttp11ConnectionAsync(QueueItem queueItem)
   at System.Threading.Tasks.TaskCompletionSourceWithCancellation`1.WaitWithCancellationAsync(CancellationToken cancellationToken)
   at System.Net.Http.HttpConnectionPool.SendWithVersionDetectionAndRetryAsync(HttpRequestMessage request, Boolean async, Boolean doRequestAuth, CancellationToken cancellationToken)
   at System.Net.Http.DiagnosticsHandler.SendAsyncCore(HttpRequestMessage request, Boolean async, CancellationToken cancellationToken)
   at System.Net.Http.RedirectHandler.SendAsync(HttpRequestMessage request, Boolean async, CancellationToken cancellationToken)
   at Microsoft.Extensions.Http.Logging.LoggingHttpMessageHandler.<SendCoreAsync>g__Core|5_0(HttpRequestMessage request, Boolean useAsync, CancellationToken cancellationToken)
   at Microsoft.Extensions.Http.Logging.LoggingScopeHttpMessageHandler.<SendCoreAsync>g__Core|5_0(HttpRequestMessage request, Boolean useAsync, CancellationToken cancellationToken)
   at System.Net.Http.HttpClient.<SendAsync>g__Core|83_0(HttpRequestMessage request, HttpCompletionOption completionOption, CancellationTokenSource cts, Boolean disposeCts, CancellationTokenSource pendingRequestsCts, CancellationToken originalCancellationToken)
   at AlgoWorker.Services.UpstoxRestClient.GetAuthorizedWebSocketUrlAsync(CancellationToken ct) in C:\CaptainsALGO\Dashboard\AlgoWorker\Services\UpstoxRestClient.cs:line 404
   at AlgoWorker.Services.UpstoxWebSocketClient.ConnectAndSubscribeAsync(IReadOnlyCollection`1 instrumentKeys, CancellationToken ct) in C:\CaptainsALGO\Dashboard\AlgoWorker\Services\UpstoxWebSocketClient.cs:line 88
   at AlgoWorker.Services.UpstoxWebSocketClient.RunAsync(IReadOnlyCollection`1 instrumentKeys, CancellationToken ct) in C:\CaptainsALGO\Dashboard\AlgoWorker\Services\UpstoxWebSocketClient.cs:line 52
2026-10-01 14:24:51.609 +05:30 [WRN] AlgoWorker.Worker: WebSocket disconnected: No such host is known. (api.upstox.com:443)
2026-10-01 14:25:51.972 +05:30 [WRN] AlgoWorker.Services.UpstoxWebSocketClient: WebSocket connection lost/failed. Reconnecting in 60s...
System.Net.Http.HttpRequestException: No such host is known. (api.upstox.com:443)
 ---> System.Net.Sockets.SocketException (11001): No such host is known.
   at System.Net.Sockets.Socket.AwaitableSocketAsyncEventArgs.ThrowException(SocketError error, CancellationToken cancellationToken)
   at System.Net.Sockets.Socket.AwaitableSocketAsyncEventArgs.System.Threading.Tasks.Sources.IValueTaskSource.GetResult(Int16 token)
   at System.Net.Sockets.Socket.<ConnectAsync>g__WaitForConnectWithCancellation|285_0(AwaitableSocketAsyncEventArgs saea, ValueTask connectTask, CancellationToken cancellationToken)
   at System.Net.Http.HttpConnectionPool.ConnectToTcpHostAsync(String host, Int32 port, HttpRequestMessage initialRequest, Boolean async, CancellationToken cancellationToken)
   --- End of inner exception stack trace ---
   at System.Net.Http.HttpConnectionPool.ConnectToTcpHostAsync(String host, Int32 port, HttpRequestMessage initialRequest, Boolean async, CancellationToken cancellationToken)
   at System.Net.Http.HttpConnectionPool.ConnectAsync(HttpRequestMessage request, Boolean async, CancellationToken cancellationToken)
   at System.Net.Http.HttpConnectionPool.CreateHttp11ConnectionAsync(HttpRequestMessage request, Boolean async, CancellationToken cancellationToken)
   at System.Net.Http.HttpConnectionPool.AddHttp11ConnectionAsync(QueueItem queueItem)
   at System.Threading.Tasks.TaskCompletionSourceWithCancellation`1.WaitWithCancellationAsync(CancellationToken cancellationToken)
   at System.Net.Http.HttpConnectionPool.SendWithVersionDetectionAndRetryAsync(HttpRequestMessage request, Boolean async, Boolean doRequestAuth, CancellationToken cancellationToken)
   at System.Net.Http.DiagnosticsHandler.SendAsyncCore(HttpRequestMessage request, Boolean async, CancellationToken cancellationToken)
   at System.Net.Http.RedirectHandler.SendAsync(HttpRequestMessage request, Boolean async, CancellationToken cancellationToken)
   at Microsoft.Extensions.Http.Logging.LoggingHttpMessageHandler.<SendCoreAsync>g__Core|5_0(HttpRequestMessage request, Boolean useAsync, CancellationToken cancellationToken)
   at Microsoft.Extensions.Http.Logging.LoggingScopeHttpMessageHandler.<SendCoreAsync>g__Core|5_0(HttpRequestMessage request, Boolean useAsync, CancellationToken cancellationToken)
   at System.Net.Http.HttpClient.<SendAsync>g__Core|83_0(HttpRequestMessage request, HttpCompletionOption completionOption, CancellationTokenSource cts, Boolean disposeCts, CancellationTokenSource pendingRequestsCts, CancellationToken originalCancellationToken)
   at AlgoWorker.Services.UpstoxRestClient.GetAuthorizedWebSocketUrlAsync(CancellationToken ct) in C:\CaptainsALGO\Dashboard\AlgoWorker\Services\UpstoxRestClient.cs:line 404
   at AlgoWorker.Services.UpstoxWebSocketClient.ConnectAndSubscribeAsync(IReadOnlyCollection`1 instrumentKeys, CancellationToken ct) in C:\CaptainsALGO\Dashboard\AlgoWorker\Services\UpstoxWebSocketClient.cs:line 88
   at AlgoWorker.Services.UpstoxWebSocketClient.RunAsync(IReadOnlyCollection`1 instrumentKeys, CancellationToken ct) in C:\CaptainsALGO\Dashboard\AlgoWorker\Services\UpstoxWebSocketClient.cs:line 52
2026-10-01 14:25:51.977 +05:30 [WRN] AlgoWorker.Worker: WebSocket disconnected: No such host is known. (api.upstox.com:443)
2026-10-01 14:26:52.456 +05:30 [WRN] AlgoWorker.Services.UpstoxWebSocketClient: WebSocket connection lost/failed. Reconnecting in 60s...
System.Net.Http.HttpRequestException: No such host is known. (api.upstox.com:443)
 ---> System.Net.Sockets.SocketException (11001): No such host is known.
   at System.Net.Sockets.Socket.AwaitableSocketAsyncEventArgs.ThrowException(SocketError error, CancellationToken cancellationToken)
   at System.Net.Sockets.Socket.AwaitableSocketAsyncEventArgs.System.Threading.Tasks.Sources.IValueTaskSource.GetResult(Int16 token)
   at System.Net.Sockets.Socket.<ConnectAsync>g__WaitForConnectWithCancellation|285_0(AwaitableSocketAsyncEventArgs saea, ValueTask connectTask, CancellationToken cancellationToken)
   at System.Net.Http.HttpConnectionPool.ConnectToTcpHostAsync(String host, Int32 port, HttpRequestMessage initialRequest, Boolean async, CancellationToken cancellationToken)
   --- End of inner exception stack trace ---
   at System.Net.Http.HttpConnectionPool.ConnectToTcpHostAsync(String host, Int32 port, HttpRequestMessage initialRequest, Boolean async, CancellationToken cancellationToken)
   at System.Net.Http.HttpConnectionPool.ConnectAsync(HttpRequestMessage request, Boolean async, CancellationToken cancellationToken)
   at System.Net.Http.HttpConnectionPool.CreateHttp11ConnectionAsync(HttpRequestMessage request, Boolean async, CancellationToken cancellationToken)
   at System.Net.Http.HttpConnectionPool.AddHttp11ConnectionAsync(QueueItem queueItem)
   at System.Threading.Tasks.TaskCompletionSourceWithCancellation`1.WaitWithCancellationAsync(CancellationToken cancellationToken)
   at System.Net.Http.HttpConnectionPool.SendWithVersionDetectionAndRetryAsync(HttpRequestMessage request, Boolean async, Boolean doRequestAuth, CancellationToken cancellationToken)
   at System.Net.Http.DiagnosticsHandler.SendAsyncCore(HttpRequestMessage request, Boolean async, CancellationToken cancellationToken)
   at System.Net.Http.RedirectHandler.SendAsync(HttpRequestMessage request, Boolean async, CancellationToken cancellationToken)
   at Microsoft.Extensions.Http.Logging.LoggingHttpMessageHandler.<SendCoreAsync>g__Core|5_0(HttpRequestMessage request, Boolean useAsync, CancellationToken cancellationToken)
   at Microsoft.Extensions.Http.Logging.LoggingScopeHttpMessageHandler.<SendCoreAsync>g__Core|5_0(HttpRequestMessage request, Boolean useAsync, CancellationToken cancellationToken)
   at System.Net.Http.HttpClient.<SendAsync>g__Core|83_0(HttpRequestMessage request, HttpCompletionOption completionOption, CancellationTokenSource cts, Boolean disposeCts, CancellationTokenSource pendingRequestsCts, CancellationToken originalCancellationToken)
   at AlgoWorker.Services.UpstoxRestClient.GetAuthorizedWebSocketUrlAsync(CancellationToken ct) in C:\CaptainsALGO\Dashboard\AlgoWorker\Services\UpstoxRestClient.cs:line 404
   at AlgoWorker.Services.UpstoxWebSocketClient.ConnectAndSubscribeAsync(IReadOnlyCollection`1 instrumentKeys, CancellationToken ct) in C:\CaptainsALGO\Dashboard\AlgoWorker\Services\UpstoxWebSocketClient.cs:line 88
   at AlgoWorker.Services.UpstoxWebSocketClient.RunAsync(IReadOnlyCollection`1 instrumentKeys, CancellationToken ct) in C:\CaptainsALGO\Dashboard\AlgoWorker\Services\UpstoxWebSocketClient.cs:line 52
2026-10-01 14:26:52.466 +05:30 [WRN] AlgoWorker.Worker: WebSocket disconnected: No such host is known. (api.upstox.com:443)
2026-10-01 14:27:53.119 +05:30 [WRN] AlgoWorker.Services.UpstoxWebSocketClient: WebSocket connection lost/failed. Reconnecting in 60s...
System.Net.Http.HttpRequestException: No such host is known. (api.upstox.com:443)
 ---> System.Net.Sockets.SocketException (11001): No such host is known.
   at System.Net.Sockets.Socket.AwaitableSocketAsyncEventArgs.ThrowException(SocketError error, CancellationToken cancellationToken)
   at System.Net.Sockets.Socket.AwaitableSocketAsyncEventArgs.System.Threading.Tasks.Sources.IValueTaskSource.GetResult(Int16 token)
   at System.Net.Sockets.Socket.<ConnectAsync>g__WaitForConnectWithCancellation|285_0(AwaitableSocketAsyncEventArgs saea, ValueTask connectTask, CancellationToken cancellationToken)
   at System.Net.Http.HttpConnectionPool.ConnectToTcpHostAsync(String host, Int32 port, HttpRequestMessage initialRequest, Boolean async, CancellationToken cancellationToken)
   --- End of inner exception stack trace ---
   at System.Net.Http.HttpConnectionPool.ConnectToTcpHostAsync(String host, Int32 port, HttpRequestMessage initialRequest, Boolean async, CancellationToken cancellationToken)
   at System.Net.Http.HttpConnectionPool.ConnectAsync(HttpRequestMessage request, Boolean async, CancellationToken cancellationToken)
   at System.Net.Http.HttpConnectionPool.CreateHttp11ConnectionAsync(HttpRequestMessage request, Boolean async, CancellationToken cancellationToken)
   at System.Net.Http.HttpConnectionPool.AddHttp11ConnectionAsync(QueueItem queueItem)
   at System.Threading.Tasks.TaskCompletionSourceWithCancellation`1.WaitWithCancellationAsync(CancellationToken cancellationToken)
   at System.Net.Http.HttpConnectionPool.SendWithVersionDetectionAndRetryAsync(HttpRequestMessage request, Boolean async, Boolean doRequestAuth, CancellationToken cancellationToken)
   at System.Net.Http.DiagnosticsHandler.SendAsyncCore(HttpRequestMessage request, Boolean async, CancellationToken cancellationToken)
   at System.Net.Http.RedirectHandler.SendAsync(HttpRequestMessage request, Boolean async, CancellationToken cancellationToken)
   at Microsoft.Extensions.Http.Logging.LoggingHttpMessageHandler.<SendCoreAsync>g__Core|5_0(HttpRequestMessage request, Boolean useAsync, CancellationToken cancellationToken)
   at Microsoft.Extensions.Http.Logging.LoggingScopeHttpMessageHandler.<SendCoreAsync>g__Core|5_0(HttpRequestMessage request, Boolean useAsync, CancellationToken cancellationToken)
   at System.Net.Http.HttpClient.<SendAsync>g__Core|83_0(HttpRequestMessage request, HttpCompletionOption completionOption, CancellationTokenSource cts, Boolean disposeCts, CancellationTokenSource pendingRequestsCts, CancellationToken originalCancellationToken)
   at AlgoWorker.Services.UpstoxRestClient.GetAuthorizedWebSocketUrlAsync(CancellationToken ct) in C:\CaptainsALGO\Dashboard\AlgoWorker\Services\UpstoxRestClient.cs:line 404
   at AlgoWorker.Services.UpstoxWebSocketClient.ConnectAndSubscribeAsync(IReadOnlyCollection`1 instrumentKeys, CancellationToken ct) in C:\CaptainsALGO\Dashboard\AlgoWorker\Services\UpstoxWebSocketClient.cs:line 88
   at AlgoWorker.Services.UpstoxWebSocketClient.RunAsync(IReadOnlyCollection`1 instrumentKeys, CancellationToken ct) in C:\CaptainsALGO\Dashboard\AlgoWorker\Services\UpstoxWebSocketClient.cs:line 52
2026-10-01 14:27:53.129 +05:30 [WRN] AlgoWorker.Worker: WebSocket disconnected: No such host is known. (api.upstox.com:443)
2026-10-01 14:28:54.111 +05:30 [INF] AlgoWorker.Services.UpstoxWebSocketClient: Upstox WebSocket connected.
2026-10-01 14:28:54.123 +05:30 [INF] AlgoWorker.Worker: WebSocket connected event fired.
2026-10-01 14:28:54.132 +05:30 [INF] AlgoWorker.Services.UpstoxWebSocketClient: sub -> 1 instrument(s): NSE_INDEX|Nifty 50
2026-10-01 14:32:03.154 +05:30 [WRN] AlgoWorker.Services.UpstoxWebSocketClient: WebSocket connection lost/failed. Reconnecting in 5s...
System.Net.WebSockets.WebSocketException (0x80004005): The remote party closed the WebSocket connection without completing the close handshake.
   at System.Net.WebSockets.ManagedWebSocket.ThrowEOFUnexpected()
   at System.Net.WebSockets.ManagedWebSocket.EnsureBufferContainsAsync(Int32 minimumRequiredBytes, CancellationToken cancellationToken)
   at System.Runtime.CompilerServices.PoolingAsyncValueTaskMethodBuilder`1.StateMachineBox`1.System.Threading.Tasks.Sources.IValueTaskSource.GetResult(Int16 token)
   at System.Net.WebSockets.ManagedWebSocket.ReceiveAsyncPrivate[TResult](Memory`1 payloadBuffer, CancellationToken cancellationToken)
   at System.Runtime.CompilerServices.PoolingAsyncValueTaskMethodBuilder`1.StateMachineBox`1.System.Threading.Tasks.Sources.IValueTaskSource<TResult>.GetResult(Int16 token)
   at System.Threading.Tasks.ValueTask`1.ValueTaskSourceAsTask.<>c.<.cctor>b__4_0(Object state)
--- End of stack trace from previous location ---
   at AlgoWorker.Services.UpstoxWebSocketClient.ReceiveLoopAsync(CancellationToken ct) in C:\CaptainsALGO\Dashboard\AlgoWorker\Services\UpstoxWebSocketClient.cs:line 139
   at AlgoWorker.Services.UpstoxWebSocketClient.RunAsync(IReadOnlyCollection`1 instrumentKeys, CancellationToken ct) in C:\CaptainsALGO\Dashboard\AlgoWorker\Services\UpstoxWebSocketClient.cs:line 54
2026-10-01 14:32:03.162 +05:30 [WRN] AlgoWorker.Worker: WebSocket disconnected: The remote party closed the WebSocket connection without completing the close handshake.
2026-10-01 14:32:08.673 +05:30 [WRN] AlgoWorker.Services.UpstoxWebSocketClient: WebSocket connection lost/failed. Reconnecting in 10s...
System.Net.Http.HttpRequestException: No such host is known. (api.upstox.com:443)
 ---> System.Net.Sockets.SocketException (11001): No such host is known.
   at System.Net.Sockets.Socket.AwaitableSocketAsyncEventArgs.System.Threading.Tasks.Sources.IValueTaskSource.GetResult(Int16 token)
   at System.Net.Sockets.Socket.<ConnectAsync>g__WaitForConnectWithCancellation|285_0(AwaitableSocketAsyncEventArgs saea, ValueTask connectTask, CancellationToken cancellationToken)
   at System.Net.Http.HttpConnectionPool.ConnectToTcpHostAsync(String host, Int32 port, HttpRequestMessage initialRequest, Boolean async, CancellationToken cancellationToken)
   --- End of inner exception stack trace ---
   at System.Net.Http.HttpConnectionPool.ConnectToTcpHostAsync(String host, Int32 port, HttpRequestMessage initialRequest, Boolean async, CancellationToken cancellationToken)
   at System.Net.Http.HttpConnectionPool.ConnectAsync(HttpRequestMessage request, Boolean async, CancellationToken cancellationToken)
   at System.Net.Http.HttpConnectionPool.CreateHttp11ConnectionAsync(HttpRequestMessage request, Boolean async, CancellationToken cancellationToken)
   at System.Net.Http.HttpConnectionPool.AddHttp11ConnectionAsync(QueueItem queueItem)
   at System.Threading.Tasks.TaskCompletionSourceWithCancellation`1.WaitWithCancellationAsync(CancellationToken cancellationToken)
   at System.Net.Http.HttpConnectionPool.SendWithVersionDetectionAndRetryAsync(HttpRequestMessage request, Boolean async, Boolean doRequestAuth, CancellationToken cancellationToken)
   at System.Net.Http.DiagnosticsHandler.SendAsyncCore(HttpRequestMessage request, Boolean async, CancellationToken cancellationToken)
   at System.Net.Http.RedirectHandler.SendAsync(HttpRequestMessage request, Boolean async, CancellationToken cancellationToken)
   at Microsoft.Extensions.Http.Logging.LoggingHttpMessageHandler.<SendCoreAsync>g__Core|5_0(HttpRequestMessage request, Boolean useAsync, CancellationToken cancellationToken)
   at Microsoft.Extensions.Http.Logging.LoggingScopeHttpMessageHandler.<SendCoreAsync>g__Core|5_0(HttpRequestMessage request, Boolean useAsync, CancellationToken cancellationToken)
   at System.Net.Http.HttpClient.<SendAsync>g__Core|83_0(HttpRequestMessage request, HttpCompletionOption completionOption, CancellationTokenSource cts, Boolean disposeCts, CancellationTokenSource pendingRequestsCts, CancellationToken originalCancellationToken)
   at AlgoWorker.Services.UpstoxRestClient.GetAuthorizedWebSocketUrlAsync(CancellationToken ct) in C:\CaptainsALGO\Dashboard\AlgoWorker\Services\UpstoxRestClient.cs:line 404
   at AlgoWorker.Services.UpstoxWebSocketClient.ConnectAndSubscribeAsync(IReadOnlyCollection`1 instrumentKeys, CancellationToken ct) in C:\CaptainsALGO\Dashboard\AlgoWorker\Services\UpstoxWebSocketClient.cs:line 88
   at AlgoWorker.Services.UpstoxWebSocketClient.RunAsync(IReadOnlyCollection`1 instrumentKeys, CancellationToken ct) in C:\CaptainsALGO\Dashboard\AlgoWorker\Services\UpstoxWebSocketClient.cs:line 52
2026-10-01 14:32:08.683 +05:30 [WRN] AlgoWorker.Worker: WebSocket disconnected: No such host is known. (api.upstox.com:443)
2026-10-01 14:32:19.190 +05:30 [WRN] AlgoWorker.Services.UpstoxWebSocketClient: WebSocket connection lost/failed. Reconnecting in 20s...
System.Net.Http.HttpRequestException: No such host is known. (api.upstox.com:443)
 ---> System.Net.Sockets.SocketException (11001): No such host is known.
   at System.Net.Sockets.Socket.AwaitableSocketAsyncEventArgs.System.Threading.Tasks.Sources.IValueTaskSource.GetResult(Int16 token)
   at System.Net.Sockets.Socket.<ConnectAsync>g__WaitForConnectWithCancellation|285_0(AwaitableSocketAsyncEventArgs saea, ValueTask connectTask, CancellationToken cancellationToken)
   at System.Net.Http.HttpConnectionPool.ConnectToTcpHostAsync(String host, Int32 port, HttpRequestMessage initialRequest, Boolean async, CancellationToken cancellationToken)
   --- End of inner exception stack trace ---
   at System.Net.Http.HttpConnectionPool.ConnectToTcpHostAsync(String host, Int32 port, HttpRequestMessage initialRequest, Boolean async, CancellationToken cancellationToken)
   at System.Net.Http.HttpConnectionPool.ConnectAsync(HttpRequestMessage request, Boolean async, CancellationToken cancellationToken)
   at System.Net.Http.HttpConnectionPool.CreateHttp11ConnectionAsync(HttpRequestMessage request, Boolean async, CancellationToken cancellationToken)
   at System.Net.Http.HttpConnectionPool.AddHttp11ConnectionAsync(QueueItem queueItem)
   at System.Threading.Tasks.TaskCompletionSourceWithCancellation`1.WaitWithCancellationAsync(CancellationToken cancellationToken)
   at System.Net.Http.HttpConnectionPool.SendWithVersionDetectionAndRetryAsync(HttpRequestMessage request, Boolean async, Boolean doRequestAuth, CancellationToken cancellationToken)
   at System.Net.Http.DiagnosticsHandler.SendAsyncCore(HttpRequestMessage request, Boolean async, CancellationToken cancellationToken)
   at System.Net.Http.RedirectHandler.SendAsync(HttpRequestMessage request, Boolean async, CancellationToken cancellationToken)
   at Microsoft.Extensions.Http.Logging.LoggingHttpMessageHandler.<SendCoreAsync>g__Core|5_0(HttpRequestMessage request, Boolean useAsync, CancellationToken cancellationToken)
   at Microsoft.Extensions.Http.Logging.LoggingScopeHttpMessageHandler.<SendCoreAsync>g__Core|5_0(HttpRequestMessage request, Boolean useAsync, CancellationToken cancellationToken)
   at System.Net.Http.HttpClient.<SendAsync>g__Core|83_0(HttpRequestMessage request, HttpCompletionOption completionOption, CancellationTokenSource cts, Boolean disposeCts, CancellationTokenSource pendingRequestsCts, CancellationToken originalCancellationToken)
   at AlgoWorker.Services.UpstoxRestClient.GetAuthorizedWebSocketUrlAsync(CancellationToken ct) in C:\CaptainsALGO\Dashboard\AlgoWorker\Services\UpstoxRestClient.cs:line 404
   at AlgoWorker.Services.UpstoxWebSocketClient.ConnectAndSubscribeAsync(IReadOnlyCollection`1 instrumentKeys, CancellationToken ct) in C:\CaptainsALGO\Dashboard\AlgoWorker\Services\UpstoxWebSocketClient.cs:line 88
   at AlgoWorker.Services.UpstoxWebSocketClient.RunAsync(IReadOnlyCollection`1 instrumentKeys, CancellationToken ct) in C:\CaptainsALGO\Dashboard\AlgoWorker\Services\UpstoxWebSocketClient.cs:line 52
2026-10-01 14:32:19.199 +05:30 [WRN] AlgoWorker.Worker: WebSocket disconnected: No such host is known. (api.upstox.com:443)
2026-10-01 14:32:39.604 +05:30 [WRN] AlgoWorker.Services.UpstoxWebSocketClient: WebSocket connection lost/failed. Reconnecting in 40s...
System.Net.Http.HttpRequestException: No such host is known. (api.upstox.com:443)
 ---> System.Net.Sockets.SocketException (11001): No such host is known.
   at System.Net.Sockets.Socket.AwaitableSocketAsyncEventArgs.System.Threading.Tasks.Sources.IValueTaskSource.GetResult(Int16 token)
   at System.Net.Sockets.Socket.<ConnectAsync>g__WaitForConnectWithCancellation|285_0(AwaitableSocketAsyncEventArgs saea, ValueTask connectTask, CancellationToken cancellationToken)
   at System.Net.Http.HttpConnectionPool.ConnectToTcpHostAsync(String host, Int32 port, HttpRequestMessage initialRequest, Boolean async, CancellationToken cancellationToken)
   --- End of inner exception stack trace ---
   at System.Net.Http.HttpConnectionPool.ConnectToTcpHostAsync(String host, Int32 port, HttpRequestMessage initialRequest, Boolean async, CancellationToken cancellationToken)
   at System.Net.Http.HttpConnectionPool.ConnectAsync(HttpRequestMessage request, Boolean async, CancellationToken cancellationToken)
   at System.Net.Http.HttpConnectionPool.CreateHttp11ConnectionAsync(HttpRequestMessage request, Boolean async, CancellationToken cancellationToken)
   at System.Net.Http.HttpConnectionPool.AddHttp11ConnectionAsync(QueueItem queueItem)
   at System.Threading.Tasks.TaskCompletionSourceWithCancellation`1.WaitWithCancellationAsync(CancellationToken cancellationToken)
   at System.Net.Http.HttpConnectionPool.SendWithVersionDetectionAndRetryAsync(HttpRequestMessage request, Boolean async, Boolean doRequestAuth, CancellationToken cancellationToken)
   at System.Net.Http.DiagnosticsHandler.SendAsyncCore(HttpRequestMessage request, Boolean async, CancellationToken cancellationToken)
   at System.Net.Http.RedirectHandler.SendAsync(HttpRequestMessage request, Boolean async, CancellationToken cancellationToken)
   at Microsoft.Extensions.Http.Logging.LoggingHttpMessageHandler.<SendCoreAsync>g__Core|5_0(HttpRequestMessage request, Boolean useAsync, CancellationToken cancellationToken)
   at Microsoft.Extensions.Http.Logging.LoggingScopeHttpMessageHandler.<SendCoreAsync>g__Core|5_0(HttpRequestMessage request, Boolean useAsync, CancellationToken cancellationToken)
   at System.Net.Http.HttpClient.<SendAsync>g__Core|83_0(HttpRequestMessage request, HttpCompletionOption completionOption, CancellationTokenSource cts, Boolean disposeCts, CancellationTokenSource pendingRequestsCts, CancellationToken originalCancellationToken)
   at AlgoWorker.Services.UpstoxRestClient.GetAuthorizedWebSocketUrlAsync(CancellationToken ct) in C:\CaptainsALGO\Dashboard\AlgoWorker\Services\UpstoxRestClient.cs:line 404
   at AlgoWorker.Services.UpstoxWebSocketClient.ConnectAndSubscribeAsync(IReadOnlyCollection`1 instrumentKeys, CancellationToken ct) in C:\CaptainsALGO\Dashboard\AlgoWorker\Services\UpstoxWebSocketClient.cs:line 88
   at AlgoWorker.Services.UpstoxWebSocketClient.RunAsync(IReadOnlyCollection`1 instrumentKeys, CancellationToken ct) in C:\CaptainsALGO\Dashboard\AlgoWorker\Services\UpstoxWebSocketClient.cs:line 52
2026-10-01 14:32:39.613 +05:30 [WRN] AlgoWorker.Worker: WebSocket disconnected: No such host is known. (api.upstox.com:443)
2026-10-01 14:33:20.075 +05:30 [WRN] AlgoWorker.Services.UpstoxWebSocketClient: WebSocket connection lost/failed. Reconnecting in 60s...
System.Net.Http.HttpRequestException: No such host is known. (api.upstox.com:443)
 ---> System.Net.Sockets.SocketException (11001): No such host is known.
   at System.Net.Sockets.Socket.AwaitableSocketAsyncEventArgs.System.Threading.Tasks.Sources.IValueTaskSource.GetResult(Int16 token)
   at System.Net.Sockets.Socket.<ConnectAsync>g__WaitForConnectWithCancellation|285_0(AwaitableSocketAsyncEventArgs saea, ValueTask connectTask, CancellationToken cancellationToken)
   at System.Net.Http.HttpConnectionPool.ConnectToTcpHostAsync(String host, Int32 port, HttpRequestMessage initialRequest, Boolean async, CancellationToken cancellationToken)
   --- End of inner exception stack trace ---
   at System.Net.Http.HttpConnectionPool.ConnectToTcpHostAsync(String host, Int32 port, HttpRequestMessage initialRequest, Boolean async, CancellationToken cancellationToken)
   at System.Net.Http.HttpConnectionPool.ConnectAsync(HttpRequestMessage request, Boolean async, CancellationToken cancellationToken)
   at System.Net.Http.HttpConnectionPool.CreateHttp11ConnectionAsync(HttpRequestMessage request, Boolean async, CancellationToken cancellationToken)
   at System.Net.Http.HttpConnectionPool.AddHttp11ConnectionAsync(QueueItem queueItem)
   at System.Threading.Tasks.TaskCompletionSourceWithCancellation`1.WaitWithCancellationAsync(CancellationToken cancellationToken)
   at System.Net.Http.HttpConnectionPool.SendWithVersionDetectionAndRetryAsync(HttpRequestMessage request, Boolean async, Boolean doRequestAuth, CancellationToken cancellationToken)
   at System.Net.Http.DiagnosticsHandler.SendAsyncCore(HttpRequestMessage request, Boolean async, CancellationToken cancellationToken)
   at System.Net.Http.RedirectHandler.SendAsync(HttpRequestMessage request, Boolean async, CancellationToken cancellationToken)
   at Microsoft.Extensions.Http.Logging.LoggingHttpMessageHandler.<SendCoreAsync>g__Core|5_0(HttpRequestMessage request, Boolean useAsync, CancellationToken cancellationToken)
   at Microsoft.Extensions.Http.Logging.LoggingScopeHttpMessageHandler.<SendCoreAsync>g__Core|5_0(HttpRequestMessage request, Boolean useAsync, CancellationToken cancellationToken)
   at System.Net.Http.HttpClient.<SendAsync>g__Core|83_0(HttpRequestMessage request, HttpCompletionOption completionOption, CancellationTokenSource cts, Boolean disposeCts, CancellationTokenSource pendingRequestsCts, CancellationToken originalCancellationToken)
   at AlgoWorker.Services.UpstoxRestClient.GetAuthorizedWebSocketUrlAsync(CancellationToken ct) in C:\CaptainsALGO\Dashboard\AlgoWorker\Services\UpstoxRestClient.cs:line 404
   at AlgoWorker.Services.UpstoxWebSocketClient.ConnectAndSubscribeAsync(IReadOnlyCollection`1 instrumentKeys, CancellationToken ct) in C:\CaptainsALGO\Dashboard\AlgoWorker\Services\UpstoxWebSocketClient.cs:line 88
   at AlgoWorker.Services.UpstoxWebSocketClient.RunAsync(IReadOnlyCollection`1 instrumentKeys, CancellationToken ct) in C:\CaptainsALGO\Dashboard\AlgoWorker\Services\UpstoxWebSocketClient.cs:line 52
2026-10-01 14:33:20.084 +05:30 [WRN] AlgoWorker.Worker: WebSocket disconnected: No such host is known. (api.upstox.com:443)
2026-10-01 14:34:20.685 +05:30 [WRN] AlgoWorker.Services.UpstoxWebSocketClient: WebSocket connection lost/failed. Reconnecting in 60s...
System.Net.Http.HttpRequestException: No such host is known. (api.upstox.com:443)
 ---> System.Net.Sockets.SocketException (11001): No such host is known.
   at System.Net.Sockets.Socket.AwaitableSocketAsyncEventArgs.System.Threading.Tasks.Sources.IValueTaskSource.GetResult(Int16 token)
   at System.Net.Sockets.Socket.<ConnectAsync>g__WaitForConnectWithCancellation|285_0(AwaitableSocketAsyncEventArgs saea, ValueTask connectTask, CancellationToken cancellationToken)
   at System.Net.Http.HttpConnectionPool.ConnectToTcpHostAsync(String host, Int32 port, HttpRequestMessage initialRequest, Boolean async, CancellationToken cancellationToken)
   --- End of inner exception stack trace ---
   at System.Net.Http.HttpConnectionPool.ConnectToTcpHostAsync(String host, Int32 port, HttpRequestMessage initialRequest, Boolean async, CancellationToken cancellationToken)
   at System.Net.Http.HttpConnectionPool.ConnectAsync(HttpRequestMessage request, Boolean async, CancellationToken cancellationToken)
   at System.Net.Http.HttpConnectionPool.CreateHttp11ConnectionAsync(HttpRequestMessage request, Boolean async, CancellationToken cancellationToken)
   at System.Net.Http.HttpConnectionPool.AddHttp11ConnectionAsync(QueueItem queueItem)
   at System.Threading.Tasks.TaskCompletionSourceWithCancellation`1.WaitWithCancellationAsync(CancellationToken cancellationToken)
   at System.Net.Http.HttpConnectionPool.SendWithVersionDetectionAndRetryAsync(HttpRequestMessage request, Boolean async, Boolean doRequestAuth, CancellationToken cancellationToken)
   at System.Net.Http.DiagnosticsHandler.SendAsyncCore(HttpRequestMessage request, Boolean async, CancellationToken cancellationToken)
   at System.Net.Http.RedirectHandler.SendAsync(HttpRequestMessage request, Boolean async, CancellationToken cancellationToken)
   at Microsoft.Extensions.Http.Logging.LoggingHttpMessageHandler.<SendCoreAsync>g__Core|5_0(HttpRequestMessage request, Boolean useAsync, CancellationToken cancellationToken)
   at Microsoft.Extensions.Http.Logging.LoggingScopeHttpMessageHandler.<SendCoreAsync>g__Core|5_0(HttpRequestMessage request, Boolean useAsync, CancellationToken cancellationToken)
   at System.Net.Http.HttpClient.<SendAsync>g__Core|83_0(HttpRequestMessage request, HttpCompletionOption completionOption, CancellationTokenSource cts, Boolean disposeCts, CancellationTokenSource pendingRequestsCts, CancellationToken originalCancellationToken)
   at AlgoWorker.Services.UpstoxRestClient.GetAuthorizedWebSocketUrlAsync(CancellationToken ct) in C:\CaptainsALGO\Dashboard\AlgoWorker\Services\UpstoxRestClient.cs:line 404
   at AlgoWorker.Services.UpstoxWebSocketClient.ConnectAndSubscribeAsync(IReadOnlyCollection`1 instrumentKeys, CancellationToken ct) in C:\CaptainsALGO\Dashboard\AlgoWorker\Services\UpstoxWebSocketClient.cs:line 88
   at AlgoWorker.Services.UpstoxWebSocketClient.RunAsync(IReadOnlyCollection`1 instrumentKeys, CancellationToken ct) in C:\CaptainsALGO\Dashboard\AlgoWorker\Services\UpstoxWebSocketClient.cs:line 52
2026-10-01 14:34:20.697 +05:30 [WRN] AlgoWorker.Worker: WebSocket disconnected: No such host is known. (api.upstox.com:443)
2026-10-01 14:35:21.144 +05:30 [WRN] AlgoWorker.Services.UpstoxWebSocketClient: WebSocket connection lost/failed. Reconnecting in 60s...
System.Net.Http.HttpRequestException: No such host is known. (api.upstox.com:443)
 ---> System.Net.Sockets.SocketException (11001): No such host is known.
   at System.Net.Sockets.Socket.AwaitableSocketAsyncEventArgs.System.Threading.Tasks.Sources.IValueTaskSource.GetResult(Int16 token)
   at System.Net.Sockets.Socket.<ConnectAsync>g__WaitForConnectWithCancellation|285_0(AwaitableSocketAsyncEventArgs saea, ValueTask connectTask, CancellationToken cancellationToken)
   at System.Net.Http.HttpConnectionPool.ConnectToTcpHostAsync(String host, Int32 port, HttpRequestMessage initialRequest, Boolean async, CancellationToken cancellationToken)
   --- End of inner exception stack trace ---
   at System.Net.Http.HttpConnectionPool.ConnectToTcpHostAsync(String host, Int32 port, HttpRequestMessage initialRequest, Boolean async, CancellationToken cancellationToken)
   at System.Net.Http.HttpConnectionPool.ConnectAsync(HttpRequestMessage request, Boolean async, CancellationToken cancellationToken)
   at System.Net.Http.HttpConnectionPool.CreateHttp11ConnectionAsync(HttpRequestMessage request, Boolean async, CancellationToken cancellationToken)
   at System.Net.Http.HttpConnectionPool.AddHttp11ConnectionAsync(QueueItem queueItem)
   at System.Threading.Tasks.TaskCompletionSourceWithCancellation`1.WaitWithCancellationAsync(CancellationToken cancellationToken)
   at System.Net.Http.HttpConnectionPool.SendWithVersionDetectionAndRetryAsync(HttpRequestMessage request, Boolean async, Boolean doRequestAuth, CancellationToken cancellationToken)
   at System.Net.Http.DiagnosticsHandler.SendAsyncCore(HttpRequestMessage request, Boolean async, CancellationToken cancellationToken)
   at System.Net.Http.RedirectHandler.SendAsync(HttpRequestMessage request, Boolean async, CancellationToken cancellationToken)
   at Microsoft.Extensions.Http.Logging.LoggingHttpMessageHandler.<SendCoreAsync>g__Core|5_0(HttpRequestMessage request, Boolean useAsync, CancellationToken cancellationToken)
   at Microsoft.Extensions.Http.Logging.LoggingScopeHttpMessageHandler.<SendCoreAsync>g__Core|5_0(HttpRequestMessage request, Boolean useAsync, CancellationToken cancellationToken)
   at System.Net.Http.HttpClient.<SendAsync>g__Core|83_0(HttpRequestMessage request, HttpCompletionOption completionOption, CancellationTokenSource cts, Boolean disposeCts, CancellationTokenSource pendingRequestsCts, CancellationToken originalCancellationToken)
   at AlgoWorker.Services.UpstoxRestClient.GetAuthorizedWebSocketUrlAsync(CancellationToken ct) in C:\CaptainsALGO\Dashboard\AlgoWorker\Services\UpstoxRestClient.cs:line 404
   at AlgoWorker.Services.UpstoxWebSocketClient.ConnectAndSubscribeAsync(IReadOnlyCollection`1 instrumentKeys, CancellationToken ct) in C:\CaptainsALGO\Dashboard\AlgoWorker\Services\UpstoxWebSocketClient.cs:line 88
   at AlgoWorker.Services.UpstoxWebSocketClient.RunAsync(IReadOnlyCollection`1 instrumentKeys, CancellationToken ct) in C:\CaptainsALGO\Dashboard\AlgoWorker\Services\UpstoxWebSocketClient.cs:line 52
2026-10-01 14:35:21.153 +05:30 [WRN] AlgoWorker.Worker: WebSocket disconnected: No such host is known. (api.upstox.com:443)
2026-10-01 14:36:21.638 +05:30 [WRN] AlgoWorker.Services.UpstoxWebSocketClient: WebSocket connection lost/failed. Reconnecting in 60s...
System.Net.Http.HttpRequestException: No such host is known. (api.upstox.com:443)
 ---> System.Net.Sockets.SocketException (11001): No such host is known.
   at System.Net.Sockets.Socket.AwaitableSocketAsyncEventArgs.System.Threading.Tasks.Sources.IValueTaskSource.GetResult(Int16 token)
   at System.Net.Sockets.Socket.<ConnectAsync>g__WaitForConnectWithCancellation|285_0(AwaitableSocketAsyncEventArgs saea, ValueTask connectTask, CancellationToken cancellationToken)
   at System.Net.Http.HttpConnectionPool.ConnectToTcpHostAsync(String host, Int32 port, HttpRequestMessage initialRequest, Boolean async, CancellationToken cancellationToken)
   --- End of inner exception stack trace ---
   at System.Net.Http.HttpConnectionPool.ConnectToTcpHostAsync(String host, Int32 port, HttpRequestMessage initialRequest, Boolean async, CancellationToken cancellationToken)
   at System.Net.Http.HttpConnectionPool.ConnectAsync(HttpRequestMessage request, Boolean async, CancellationToken cancellationToken)
   at System.Net.Http.HttpConnectionPool.CreateHttp11ConnectionAsync(HttpRequestMessage request, Boolean async, CancellationToken cancellationToken)
   at System.Net.Http.HttpConnectionPool.AddHttp11ConnectionAsync(QueueItem queueItem)
   at System.Threading.Tasks.TaskCompletionSourceWithCancellation`1.WaitWithCancellationAsync(CancellationToken cancellationToken)
   at System.Net.Http.HttpConnectionPool.SendWithVersionDetectionAndRetryAsync(HttpRequestMessage request, Boolean async, Boolean doRequestAuth, CancellationToken cancellationToken)
   at System.Net.Http.DiagnosticsHandler.SendAsyncCore(HttpRequestMessage request, Boolean async, CancellationToken cancellationToken)
   at System.Net.Http.RedirectHandler.SendAsync(HttpRequestMessage request, Boolean async, CancellationToken cancellationToken)
   at Microsoft.Extensions.Http.Logging.LoggingHttpMessageHandler.<SendCoreAsync>g__Core|5_0(HttpRequestMessage request, Boolean useAsync, CancellationToken cancellationToken)
   at Microsoft.Extensions.Http.Logging.LoggingScopeHttpMessageHandler.<SendCoreAsync>g__Core|5_0(HttpRequestMessage request, Boolean useAsync, CancellationToken cancellationToken)
   at System.Net.Http.HttpClient.<SendAsync>g__Core|83_0(HttpRequestMessage request, HttpCompletionOption completionOption, CancellationTokenSource cts, Boolean disposeCts, CancellationTokenSource pendingRequestsCts, CancellationToken originalCancellationToken)
   at AlgoWorker.Services.UpstoxRestClient.GetAuthorizedWebSocketUrlAsync(CancellationToken ct) in C:\CaptainsALGO\Dashboard\AlgoWorker\Services\UpstoxRestClient.cs:line 404
   at AlgoWorker.Services.UpstoxWebSocketClient.ConnectAndSubscribeAsync(IReadOnlyCollection`1 instrumentKeys, CancellationToken ct) in C:\CaptainsALGO\Dashboard\AlgoWorker\Services\UpstoxWebSocketClient.cs:line 88
   at AlgoWorker.Services.UpstoxWebSocketClient.RunAsync(IReadOnlyCollection`1 instrumentKeys, CancellationToken ct) in C:\CaptainsALGO\Dashboard\AlgoWorker\Services\UpstoxWebSocketClient.cs:line 52
2026-10-01 14:36:21.647 +05:30 [WRN] AlgoWorker.Worker: WebSocket disconnected: No such host is known. (api.upstox.com:443)
2026-10-01 14:37:22.346 +05:30 [WRN] AlgoWorker.Services.UpstoxWebSocketClient: WebSocket connection lost/failed. Reconnecting in 60s...
System.Net.Http.HttpRequestException: No such host is known. (api.upstox.com:443)
 ---> System.Net.Sockets.SocketException (11001): No such host is known.
   at System.Net.Sockets.Socket.AwaitableSocketAsyncEventArgs.System.Threading.Tasks.Sources.IValueTaskSource.GetResult(Int16 token)
   at System.Net.Sockets.Socket.<ConnectAsync>g__WaitForConnectWithCancellation|285_0(AwaitableSocketAsyncEventArgs saea, ValueTask connectTask, CancellationToken cancellationToken)
   at System.Net.Http.HttpConnectionPool.ConnectToTcpHostAsync(String host, Int32 port, HttpRequestMessage initialRequest, Boolean async, CancellationToken cancellationToken)
   --- End of inner exception stack trace ---
   at System.Net.Http.HttpConnectionPool.ConnectToTcpHostAsync(String host, Int32 port, HttpRequestMessage initialRequest, Boolean async, CancellationToken cancellationToken)
   at System.Net.Http.HttpConnectionPool.ConnectAsync(HttpRequestMessage request, Boolean async, CancellationToken cancellationToken)
   at System.Net.Http.HttpConnectionPool.CreateHttp11ConnectionAsync(HttpRequestMessage request, Boolean async, CancellationToken cancellationToken)
   at System.Net.Http.HttpConnectionPool.AddHttp11ConnectionAsync(QueueItem queueItem)
   at System.Threading.Tasks.TaskCompletionSourceWithCancellation`1.WaitWithCancellationAsync(CancellationToken cancellationToken)
   at System.Net.Http.HttpConnectionPool.SendWithVersionDetectionAndRetryAsync(HttpRequestMessage request, Boolean async, Boolean doRequestAuth, CancellationToken cancellationToken)
   at System.Net.Http.DiagnosticsHandler.SendAsyncCore(HttpRequestMessage request, Boolean async, CancellationToken cancellationToken)
   at System.Net.Http.RedirectHandler.SendAsync(HttpRequestMessage request, Boolean async, CancellationToken cancellationToken)
   at Microsoft.Extensions.Http.Logging.LoggingHttpMessageHandler.<SendCoreAsync>g__Core|5_0(HttpRequestMessage request, Boolean useAsync, CancellationToken cancellationToken)
   at Microsoft.Extensions.Http.Logging.LoggingScopeHttpMessageHandler.<SendCoreAsync>g__Core|5_0(HttpRequestMessage request, Boolean useAsync, CancellationToken cancellationToken)
   at System.Net.Http.HttpClient.<SendAsync>g__Core|83_0(HttpRequestMessage request, HttpCompletionOption completionOption, CancellationTokenSource cts, Boolean disposeCts, CancellationTokenSource pendingRequestsCts, CancellationToken originalCancellationToken)
   at AlgoWorker.Services.UpstoxRestClient.GetAuthorizedWebSocketUrlAsync(CancellationToken ct) in C:\CaptainsALGO\Dashboard\AlgoWorker\Services\UpstoxRestClient.cs:line 404
   at AlgoWorker.Services.UpstoxWebSocketClient.ConnectAndSubscribeAsync(IReadOnlyCollection`1 instrumentKeys, CancellationToken ct) in C:\CaptainsALGO\Dashboard\AlgoWorker\Services\UpstoxWebSocketClient.cs:line 88
   at AlgoWorker.Services.UpstoxWebSocketClient.RunAsync(IReadOnlyCollection`1 instrumentKeys, CancellationToken ct) in C:\CaptainsALGO\Dashboard\AlgoWorker\Services\UpstoxWebSocketClient.cs:line 52
2026-10-01 14:37:22.354 +05:30 [WRN] AlgoWorker.Worker: WebSocket disconnected: No such host is known. (api.upstox.com:443)
2026-10-01 14:38:22.941 +05:30 [WRN] AlgoWorker.Services.UpstoxWebSocketClient: WebSocket connection lost/failed. Reconnecting in 60s...
System.Net.Http.HttpRequestException: No such host is known. (api.upstox.com:443)
 ---> System.Net.Sockets.SocketException (11001): No such host is known.
   at System.Net.Sockets.Socket.AwaitableSocketAsyncEventArgs.System.Threading.Tasks.Sources.IValueTaskSource.GetResult(Int16 token)
   at System.Net.Sockets.Socket.<ConnectAsync>g__WaitForConnectWithCancellation|285_0(AwaitableSocketAsyncEventArgs saea, ValueTask connectTask, CancellationToken cancellationToken)
   at System.Net.Http.HttpConnectionPool.ConnectToTcpHostAsync(String host, Int32 port, HttpRequestMessage initialRequest, Boolean async, CancellationToken cancellationToken)
   --- End of inner exception stack trace ---
   at System.Net.Http.HttpConnectionPool.ConnectToTcpHostAsync(String host, Int32 port, HttpRequestMessage initialRequest, Boolean async, CancellationToken cancellationToken)
   at System.Net.Http.HttpConnectionPool.ConnectAsync(HttpRequestMessage request, Boolean async, CancellationToken cancellationToken)
   at System.Net.Http.HttpConnectionPool.CreateHttp11ConnectionAsync(HttpRequestMessage request, Boolean async, CancellationToken cancellationToken)
   at System.Net.Http.HttpConnectionPool.AddHttp11ConnectionAsync(QueueItem queueItem)
   at System.Threading.Tasks.TaskCompletionSourceWithCancellation`1.WaitWithCancellationAsync(CancellationToken cancellationToken)
   at System.Net.Http.HttpConnectionPool.SendWithVersionDetectionAndRetryAsync(HttpRequestMessage request, Boolean async, Boolean doRequestAuth, CancellationToken cancellationToken)
   at System.Net.Http.DiagnosticsHandler.SendAsyncCore(HttpRequestMessage request, Boolean async, CancellationToken cancellationToken)
   at System.Net.Http.RedirectHandler.SendAsync(HttpRequestMessage request, Boolean async, CancellationToken cancellationToken)
   at Microsoft.Extensions.Http.Logging.LoggingHttpMessageHandler.<SendCoreAsync>g__Core|5_0(HttpRequestMessage request, Boolean useAsync, CancellationToken cancellationToken)
   at Microsoft.Extensions.Http.Logging.LoggingScopeHttpMessageHandler.<SendCoreAsync>g__Core|5_0(HttpRequestMessage request, Boolean useAsync, CancellationToken cancellationToken)
   at System.Net.Http.HttpClient.<SendAsync>g__Core|83_0(HttpRequestMessage request, HttpCompletionOption completionOption, CancellationTokenSource cts, Boolean disposeCts, CancellationTokenSource pendingRequestsCts, CancellationToken originalCancellationToken)
   at AlgoWorker.Services.UpstoxRestClient.GetAuthorizedWebSocketUrlAsync(CancellationToken ct) in C:\CaptainsALGO\Dashboard\AlgoWorker\Services\UpstoxRestClient.cs:line 404
   at AlgoWorker.Services.UpstoxWebSocketClient.ConnectAndSubscribeAsync(IReadOnlyCollection`1 instrumentKeys, CancellationToken ct) in C:\CaptainsALGO\Dashboard\AlgoWorker\Services\UpstoxWebSocketClient.cs:line 88
   at AlgoWorker.Services.UpstoxWebSocketClient.RunAsync(IReadOnlyCollection`1 instrumentKeys, CancellationToken ct) in C:\CaptainsALGO\Dashboard\AlgoWorker\Services\UpstoxWebSocketClient.cs:line 52
2026-10-01 14:38:22.953 +05:30 [WRN] AlgoWorker.Worker: WebSocket disconnected: No such host is known. (api.upstox.com:443)
2026-10-01 14:39:23.417 +05:30 [WRN] AlgoWorker.Services.UpstoxWebSocketClient: WebSocket connection lost/failed. Reconnecting in 60s...
System.Net.Http.HttpRequestException: No such host is known. (api.upstox.com:443)
 ---> System.Net.Sockets.SocketException (11001): No such host is known.
   at System.Net.Sockets.Socket.AwaitableSocketAsyncEventArgs.System.Threading.Tasks.Sources.IValueTaskSource.GetResult(Int16 token)
   at System.Net.Sockets.Socket.<ConnectAsync>g__WaitForConnectWithCancellation|285_0(AwaitableSocketAsyncEventArgs saea, ValueTask connectTask, CancellationToken cancellationToken)
   at System.Net.Http.HttpConnectionPool.ConnectToTcpHostAsync(String host, Int32 port, HttpRequestMessage initialRequest, Boolean async, CancellationToken cancellationToken)
   --- End of inner exception stack trace ---
   at System.Net.Http.HttpConnectionPool.ConnectToTcpHostAsync(String host, Int32 port, HttpRequestMessage initialRequest, Boolean async, CancellationToken cancellationToken)
   at System.Net.Http.HttpConnectionPool.ConnectAsync(HttpRequestMessage request, Boolean async, CancellationToken cancellationToken)
   at System.Net.Http.HttpConnectionPool.CreateHttp11ConnectionAsync(HttpRequestMessage request, Boolean async, CancellationToken cancellationToken)
   at System.Net.Http.HttpConnectionPool.AddHttp11ConnectionAsync(QueueItem queueItem)
   at System.Threading.Tasks.TaskCompletionSourceWithCancellation`1.WaitWithCancellationAsync(CancellationToken cancellationToken)
   at System.Net.Http.HttpConnectionPool.SendWithVersionDetectionAndRetryAsync(HttpRequestMessage request, Boolean async, Boolean doRequestAuth, CancellationToken cancellationToken)
   at System.Net.Http.DiagnosticsHandler.SendAsyncCore(HttpRequestMessage request, Boolean async, CancellationToken cancellationToken)
   at System.Net.Http.RedirectHandler.SendAsync(HttpRequestMessage request, Boolean async, CancellationToken cancellationToken)
   at Microsoft.Extensions.Http.Logging.LoggingHttpMessageHandler.<SendCoreAsync>g__Core|5_0(HttpRequestMessage request, Boolean useAsync, CancellationToken cancellationToken)
   at Microsoft.Extensions.Http.Logging.LoggingScopeHttpMessageHandler.<SendCoreAsync>g__Core|5_0(HttpRequestMessage request, Boolean useAsync, CancellationToken cancellationToken)
   at System.Net.Http.HttpClient.<SendAsync>g__Core|83_0(HttpRequestMessage request, HttpCompletionOption completionOption, CancellationTokenSource cts, Boolean disposeCts, CancellationTokenSource pendingRequestsCts, CancellationToken originalCancellationToken)
   at AlgoWorker.Services.UpstoxRestClient.GetAuthorizedWebSocketUrlAsync(CancellationToken ct) in C:\CaptainsALGO\Dashboard\AlgoWorker\Services\UpstoxRestClient.cs:line 404
   at AlgoWorker.Services.UpstoxWebSocketClient.ConnectAndSubscribeAsync(IReadOnlyCollection`1 instrumentKeys, CancellationToken ct) in C:\CaptainsALGO\Dashboard\AlgoWorker\Services\UpstoxWebSocketClient.cs:line 88
   at AlgoWorker.Services.UpstoxWebSocketClient.RunAsync(IReadOnlyCollection`1 instrumentKeys, CancellationToken ct) in C:\CaptainsALGO\Dashboard\AlgoWorker\Services\UpstoxWebSocketClient.cs:line 52
2026-10-01 14:39:23.427 +05:30 [WRN] AlgoWorker.Worker: WebSocket disconnected: No such host is known. (api.upstox.com:443)
2026-10-01 14:40:23.943 +05:30 [WRN] AlgoWorker.Services.UpstoxWebSocketClient: WebSocket connection lost/failed. Reconnecting in 60s...
System.Net.Http.HttpRequestException: No such host is known. (api.upstox.com:443)
 ---> System.Net.Sockets.SocketException (11001): No such host is known.
   at System.Net.Sockets.Socket.AwaitableSocketAsyncEventArgs.System.Threading.Tasks.Sources.IValueTaskSource.GetResult(Int16 token)
   at System.Net.Sockets.Socket.<ConnectAsync>g__WaitForConnectWithCancellation|285_0(AwaitableSocketAsyncEventArgs saea, ValueTask connectTask, CancellationToken cancellationToken)
   at System.Net.Http.HttpConnectionPool.ConnectToTcpHostAsync(String host, Int32 port, HttpRequestMessage initialRequest, Boolean async, CancellationToken cancellationToken)
   --- End of inner exception stack trace ---
   at System.Net.Http.HttpConnectionPool.ConnectToTcpHostAsync(String host, Int32 port, HttpRequestMessage initialRequest, Boolean async, CancellationToken cancellationToken)
   at System.Net.Http.HttpConnectionPool.ConnectAsync(HttpRequestMessage request, Boolean async, CancellationToken cancellationToken)
   at System.Net.Http.HttpConnectionPool.CreateHttp11ConnectionAsync(HttpRequestMessage request, Boolean async, CancellationToken cancellationToken)
   at System.Net.Http.HttpConnectionPool.AddHttp11ConnectionAsync(QueueItem queueItem)
   at System.Threading.Tasks.TaskCompletionSourceWithCancellation`1.WaitWithCancellationAsync(CancellationToken cancellationToken)
   at System.Net.Http.HttpConnectionPool.SendWithVersionDetectionAndRetryAsync(HttpRequestMessage request, Boolean async, Boolean doRequestAuth, CancellationToken cancellationToken)
   at System.Net.Http.DiagnosticsHandler.SendAsyncCore(HttpRequestMessage request, Boolean async, CancellationToken cancellationToken)
   at System.Net.Http.RedirectHandler.SendAsync(HttpRequestMessage request, Boolean async, CancellationToken cancellationToken)
   at Microsoft.Extensions.Http.Logging.LoggingHttpMessageHandler.<SendCoreAsync>g__Core|5_0(HttpRequestMessage request, Boolean useAsync, CancellationToken cancellationToken)
   at Microsoft.Extensions.Http.Logging.LoggingScopeHttpMessageHandler.<SendCoreAsync>g__Core|5_0(HttpRequestMessage request, Boolean useAsync, CancellationToken cancellationToken)
   at System.Net.Http.HttpClient.<SendAsync>g__Core|83_0(HttpRequestMessage request, HttpCompletionOption completionOption, CancellationTokenSource cts, Boolean disposeCts, CancellationTokenSource pendingRequestsCts, CancellationToken originalCancellationToken)
   at AlgoWorker.Services.UpstoxRestClient.GetAuthorizedWebSocketUrlAsync(CancellationToken ct) in C:\CaptainsALGO\Dashboard\AlgoWorker\Services\UpstoxRestClient.cs:line 404
   at AlgoWorker.Services.UpstoxWebSocketClient.ConnectAndSubscribeAsync(IReadOnlyCollection`1 instrumentKeys, CancellationToken ct) in C:\CaptainsALGO\Dashboard\AlgoWorker\Services\UpstoxWebSocketClient.cs:line 88
   at AlgoWorker.Services.UpstoxWebSocketClient.RunAsync(IReadOnlyCollection`1 instrumentKeys, CancellationToken ct) in C:\CaptainsALGO\Dashboard\AlgoWorker\Services\UpstoxWebSocketClient.cs:line 52
2026-10-01 14:40:23.950 +05:30 [WRN] AlgoWorker.Worker: WebSocket disconnected: No such host is known. (api.upstox.com:443)
2026-10-01 14:41:24.533 +05:30 [WRN] AlgoWorker.Services.UpstoxWebSocketClient: WebSocket connection lost/failed. Reconnecting in 60s...
System.Net.Http.HttpRequestException: No such host is known. (api.upstox.com:443)
 ---> System.Net.Sockets.SocketException (11001): No such host is known.
   at System.Net.Sockets.Socket.AwaitableSocketAsyncEventArgs.System.Threading.Tasks.Sources.IValueTaskSource.GetResult(Int16 token)
   at System.Net.Sockets.Socket.<ConnectAsync>g__WaitForConnectWithCancellation|285_0(AwaitableSocketAsyncEventArgs saea, ValueTask connectTask, CancellationToken cancellationToken)
   at System.Net.Http.HttpConnectionPool.ConnectToTcpHostAsync(String host, Int32 port, HttpRequestMessage initialRequest, Boolean async, CancellationToken cancellationToken)
   --- End of inner exception stack trace ---
   at System.Net.Http.HttpConnectionPool.ConnectToTcpHostAsync(String host, Int32 port, HttpRequestMessage initialRequest, Boolean async, CancellationToken cancellationToken)
   at System.Net.Http.HttpConnectionPool.ConnectAsync(HttpRequestMessage request, Boolean async, CancellationToken cancellationToken)
   at System.Net.Http.HttpConnectionPool.CreateHttp11ConnectionAsync(HttpRequestMessage request, Boolean async, CancellationToken cancellationToken)
   at System.Net.Http.HttpConnectionPool.AddHttp11ConnectionAsync(QueueItem queueItem)
   at System.Threading.Tasks.TaskCompletionSourceWithCancellation`1.WaitWithCancellationAsync(CancellationToken cancellationToken)
   at System.Net.Http.HttpConnectionPool.SendWithVersionDetectionAndRetryAsync(HttpRequestMessage request, Boolean async, Boolean doRequestAuth, CancellationToken cancellationToken)
   at System.Net.Http.DiagnosticsHandler.SendAsyncCore(HttpRequestMessage request, Boolean async, CancellationToken cancellationToken)
   at System.Net.Http.RedirectHandler.SendAsync(HttpRequestMessage request, Boolean async, CancellationToken cancellationToken)
   at Microsoft.Extensions.Http.Logging.LoggingHttpMessageHandler.<SendCoreAsync>g__Core|5_0(HttpRequestMessage request, Boolean useAsync, CancellationToken cancellationToken)
   at Microsoft.Extensions.Http.Logging.LoggingScopeHttpMessageHandler.<SendCoreAsync>g__Core|5_0(HttpRequestMessage request, Boolean useAsync, CancellationToken cancellationToken)
   at System.Net.Http.HttpClient.<SendAsync>g__Core|83_0(HttpRequestMessage request, HttpCompletionOption completionOption, CancellationTokenSource cts, Boolean disposeCts, CancellationTokenSource pendingRequestsCts, CancellationToken originalCancellationToken)
   at AlgoWorker.Services.UpstoxRestClient.GetAuthorizedWebSocketUrlAsync(CancellationToken ct) in C:\CaptainsALGO\Dashboard\AlgoWorker\Services\UpstoxRestClient.cs:line 404
   at AlgoWorker.Services.UpstoxWebSocketClient.ConnectAndSubscribeAsync(IReadOnlyCollection`1 instrumentKeys, CancellationToken ct) in C:\CaptainsALGO\Dashboard\AlgoWorker\Services\UpstoxWebSocketClient.cs:line 88
   at AlgoWorker.Services.UpstoxWebSocketClient.RunAsync(IReadOnlyCollection`1 instrumentKeys, CancellationToken ct) in C:\CaptainsALGO\Dashboard\AlgoWorker\Services\UpstoxWebSocketClient.cs:line 52
2026-10-01 14:41:24.545 +05:30 [WRN] AlgoWorker.Worker: WebSocket disconnected: No such host is known. (api.upstox.com:443)
2026-10-01 14:42:25.156 +05:30 [INF] AlgoWorker.Services.UpstoxWebSocketClient: Upstox WebSocket connected.
2026-10-01 14:42:25.160 +05:30 [INF] AlgoWorker.Worker: WebSocket connected event fired.
2026-10-01 14:42:25.164 +05:30 [INF] AlgoWorker.Services.UpstoxWebSocketClient: sub -> 1 instrument(s): NSE_INDEX|Nifty 50
